hand_side,orientation,index_angle,middle_angle,ring_angle,thumb_index_distance,ball_thumb_distance,ball_index_distance,ball_middle_distance,ball_ring_distance,wrist_angle,label
RIGHT,BACK,162.51,176.02,24.34,0.7436,0.1747,0.5776,0.6007,0.8458,89.66,seam_grip
RIGHT,BACK,168.49,179.22,36.83,0.651,0.1002,0.552,0.464,0.6734,87.83,seam_grip
RIGHT,BACK,161.22,176.77,35.35,0.7154,0.2158,0.5026,0.4187,0.6655,88.13,seam_grip
RIGHT,BACK,165.78,175.46,38.4,0.7828,0.2225,0.5691,0.5213,0.6402,87.61,seam_grip
RIGHT,BACK,166.33,176.46,40.29,0.804,0.2062,0.603,0.5394,0.6041,88.58,seam_grip
RIGHT,BACK,164.2,170.3,24.66,0.8383,0.262,0.5795,0.4581,0.7047,88.26,seam_grip
RIGHT,BACK,154.96,164.68,33.66,0.7027,0.2312,0.4718,0.3784,0.6292,88.02,seam_grip
RIGHT,BACK,150.28,163.28,28.61,0.6694,0.2777,0.3917,0.379,0.6577,87.85,seam_grip
RIGHT,BACK,153.57,170.73,43.69,0.6481,0.2038,0.4446,0.4188,0.5685,87.64,seam_grip
RIGHT,BACK,152.69,160.95,25.54,0.6861,0.2538,0.4334,0.3918,0.6899,88.4,seam_grip
RIGHT,BACK,158.25,171.99,47.27,0.5704,0.1464,0.5102,0.2924,0.4974,88.17,seam_grip
RIGHT,BACK,166.04,178.38,60.34,0.7353,0.5489,0.1867,0.1941,0.6521,88.04,seam_grip
RIGHT,BACK,168.79,176.33,50.26,0.6696,0.1884,0.4842,0.6258,0.6115,82.24,seam_grip
RIGHT,BACK,164.17,173.52,54.59,0.5795,0.071,0.5132,0.574,0.571,82.75,seam_grip
RIGHT,BACK,23.19,30.99,35.33,0.8701,1.2631,1.8996,2.1635,2.5385,24.99,seam_grip
RIGHT,BACK,165.2,173.52,52.85,0.5852,0.1508,0.4365,0.5264,0.6478,82.05,seam_grip
RIGHT,BACK,165.03,176.52,50.85,0.6827,0.178,0.5048,0.5889,0.5934,82.84,seam_grip
RIGHT,BACK,163.48,175.16,46.57,0.643,0.1852,0.458,0.5563,0.6266,83.32,seam_grip
RIGHT,BACK,166.93,177.07,42.9,0.936,0.5134,0.5371,0.7005,0.8441,82.21,seam_grip
RIGHT,BACK,164.61,179.99,40.93,0.9456,0.4502,0.6465,0.7957,0.8164,82.54,seam_grip
RIGHT,BACK,165.91,177.24,52.67,0.8174,0.3377,0.6719,0.8056,0.6552,82.18,seam_grip
RIGHT,BACK,167.82,176.75,50.9,0.8095,0.3655,0.5374,0.7178,0.7649,81.78,seam_grip
RIGHT,BACK,166.17,177.48,46.28,0.9435,0.4809,0.5954,0.7277,0.8146,81.31,seam_grip
RIGHT,BACK,41.95,21.07,8.2,0.2553,0.2423,0.1177,0.0984,0.5732,88.76,seam_grip
RIGHT,BACK,33.33,19.0,9.76,0.2148,0.308,0.1833,0.1355,0.6257,88.67,seam_grip
RIGHT,BACK,43.73,19.66,8.88,0.266,0.2764,0.1319,0.1238,0.6183,88.64,seam_grip
RIGHT,BACK,44.35,21.92,9.68,0.2568,0.3022,0.1292,0.1231,0.6273,88.42,seam_grip
RIGHT,BACK,43.47,23.86,11.75,0.2561,0.2832,0.1299,0.1116,0.609,88.08,seam_grip
RIGHT,BACK,39.87,20.97,10.41,0.2297,0.3051,0.1486,0.1389,0.6382,88.77,seam_grip
RIGHT,BACK,42.74,19.45,10.45,0.2679,0.3101,0.1324,0.1459,0.6435,88.73,seam_grip
RIGHT,BACK,47.22,19.62,10.44,0.2599,0.2634,0.1035,0.167,0.6289,88.66,seam_grip
RIGHT,BACK,43.71,19.81,10.54,0.2613,0.2808,0.1323,0.1508,0.6478,88.28,seam_grip
RIGHT,BACK,34.82,18.64,13.29,0.1949,0.3162,0.1961,0.2033,0.6705,88.38,seam_grip
RIGHT,BACK,36.62,18.21,9.19,0.2188,0.2814,0.1695,0.1565,0.6416,87.83,seam_grip
RIGHT,BACK,52.11,28.34,7.16,0.3018,0.2657,0.1469,0.0886,0.6659,87.36,seam_grip
RIGHT,BACK,52.42,29.91,28.72,0.3064,0.1424,0.1912,0.0546,0.5423,87.91,seam_grip
RIGHT,BACK,47.65,25.26,28.05,0.2945,0.1658,0.1652,0.0665,0.5461,88.16,seam_grip
RIGHT,BACK,46.76,25.27,30.36,0.2917,0.1495,0.1764,0.0494,0.5523,88.29,seam_grip
RIGHT,BACK,45.97,25.15,24.86,0.284,0.1435,0.1767,0.0549,0.543,88.29,seam_grip
RIGHT,BACK,46.54,27.28,27.44,0.2869,0.1666,0.1633,0.0546,0.5607,88.48,seam_grip
RIGHT,BACK,49.72,26.31,29.21,0.3118,0.1787,0.1693,0.0634,0.5592,88.42,seam_grip
RIGHT,BACK,45.81,24.71,27.81,0.2807,0.1358,0.1676,0.0592,0.5441,88.09,seam_grip
RIGHT,BACK,44.22,30.32,32.86,0.281,0.1375,0.1694,0.0671,0.5424,88.52,seam_grip
RIGHT,BACK,45.56,25.41,31.5,0.2917,0.1602,0.1666,0.0674,0.5618,88.13,seam_grip
RIGHT,BACK,45.95,33.33,26.85,0.2954,0.1654,0.1683,0.064,0.5456,87.95,seam_grip
RIGHT,BACK,47.67,29.6,26.61,0.2095,0.068,0.1432,0.0588,0.5282,77.37,seam_grip
RIGHT,BACK,38.48,26.8,27.97,0.1904,0.0463,0.1502,0.0721,0.5452,80.41,seam_grip
RIGHT,BACK,38.88,26.93,30.1,0.1915,0.0453,0.1473,0.0773,0.534,80.27,seam_grip
RIGHT,BACK,50.86,29.16,31.37,0.2342,0.1076,0.1466,0.0759,0.5752,82.89,seam_grip
RIGHT,BACK,50.41,28.78,31.22,0.2357,0.124,0.1323,0.0755,0.5631,83.91,seam_grip
RIGHT,BACK,46.5,27.28,31.37,0.2117,0.1106,0.1258,0.0777,0.5609,84.09,seam_grip
RIGHT,BACK,46.06,27.83,30.09,0.2113,0.1114,0.1279,0.0862,0.5637,83.48,seam_grip
RIGHT,BACK,44.47,27.27,31.28,0.2088,0.1204,0.1229,0.0941,0.5808,83.99,seam_grip
RIGHT,BACK,53.78,31.9,34.76,0.2539,0.1315,0.1363,0.0794,0.5879,83.77,seam_grip
RIGHT,BACK,44.32,27.62,34.07,0.2152,0.1194,0.1187,0.0779,0.5864,82.44,seam_grip
RIGHT,BACK,11.7,13.03,24.98,0.1741,0.0766,0.0998,0.2997,0.642,83.49,seam_grip
RIGHT,BACK,4.02,11.98,22.39,0.2699,0.0987,0.1763,0.2927,0.5802,83.26,seam_grip
RIGHT,BACK,9.5,10.68,23.4,0.2351,0.0384,0.2137,0.3344,0.6267,83.35,seam_grip
RIGHT,BACK,140.54,165.67,15.46,0.5087,0.1233,0.3858,0.3319,0.5848,89.06,seam_grip
RIGHT,BACK,144.91,172.8,17.36,0.5071,0.0677,0.4423,0.3979,0.6225,89.67,seam_grip
RIGHT,BACK,151.67,177.32,16.36,0.5481,0.1099,0.4387,0.208,0.6238,88.98,seam_grip
RIGHT,BACK,35.39,11.53,9.16,0.1935,0.113,0.161,0.1351,0.567,88.33,seam_grip
RIGHT,BACK,30.55,9.87,8.61,0.1777,0.1626,0.1756,0.1488,0.5822,88.7,seam_grip
RIGHT,BACK,33.57,8.66,9.09,0.2022,0.1583,0.1757,0.1441,0.5918,88.26,seam_grip
RIGHT,BACK,77.88,15.01,14.36,0.3511,0.1343,0.2277,0.0559,0.5604,88.75,seam_grip
RIGHT,BACK,35.72,10.8,7.66,0.2165,0.1489,0.165,0.1376,0.5755,88.63,seam_grip
RIGHT,BACK,56.38,10.9,10.08,0.3057,0.1469,0.2068,0.1195,0.5772,89.01,seam_grip
RIGHT,BACK,58.51,13.03,8.35,0.2982,0.161,0.1892,0.1161,0.5769,88.82,seam_grip
RIGHT,BACK,52.37,11.92,8.34,0.3029,0.1785,0.1911,0.1226,0.5789,88.93,seam_grip
RIGHT,BACK,56.46,10.44,9.79,0.2917,0.116,0.2106,0.0992,0.5484,88.87,seam_grip
RIGHT,BACK,44.37,10.01,6.2,0.3536,0.1891,0.1655,0.149,0.4485,88.72,seam_grip
RIGHT,BACK,52.51,7.29,9.05,0.4235,0.1882,0.2366,0.1278,0.4254,88.09,seam_grip
RIGHT,BACK,158.49,3.97,14.4,0.5655,0.1267,0.4483,0.126,0.349,88.68,seam_grip
RIGHT,BACK,171.12,0.93,14.12,0.6643,0.1286,0.5675,0.0926,0.3764,89.7,seam_grip
RIGHT,BACK,95.56,9.0,8.05,0.3954,0.1366,0.4007,0.1816,0.3844,89.47,seam_grip
RIGHT,BACK,150.97,162.22,2.97,0.5263,0.1193,0.5409,0.4893,0.7388,76.69,seam_grip
RIGHT,BACK,150.47,161.85,4.15,0.5475,0.0812,0.5488,0.4743,0.8225,76.8,seam_grip
RIGHT,BACK,149.46,162.65,3.3,0.5437,0.0904,0.5234,0.4852,0.8095,77.21,seam_grip
RIGHT,BACK,148.98,159.11,4.83,0.5403,0.0344,0.5108,0.4459,0.8114,77.56,seam_grip
RIGHT,BACK,150.74,161.58,3.17,0.5475,0.0347,0.5472,0.4721,0.7844,77.47,seam_grip
RIGHT,BACK,151.93,157.62,10.72,0.5795,0.0786,0.5677,0.4436,0.8562,74.08,seam_grip
RIGHT,BACK,152.56,158.68,8.04,0.5687,0.0688,0.5845,0.4529,0.843,74.1,seam_grip
RIGHT,BACK,143.93,144.78,14.5,0.5512,0.1173,0.5377,0.3748,0.8099,71.48,seam_grip
RIGHT,BACK,143.28,145.16,14.84,0.538,0.1042,0.5051,0.3502,0.8114,71.35,seam_grip
RIGHT,BACK,142.6,144.68,13.59,0.505,0.0996,0.4797,0.3234,0.8126,71.7,seam_grip
RIGHT,BACK,142.65,144.52,13.68,0.5419,0.1059,0.5151,0.3567,0.8021,71.52,seam_grip
RIGHT,BACK,142.29,147.34,13.93,0.523,0.1137,0.5014,0.365,0.811,71.59,seam_grip
RIGHT,BACK,130.28,141.44,36.02,0.4069,0.1969,0.5613,0.4527,0.6989,65.95,seam_grip
RIGHT,BACK,128.93,140.44,35.55,0.4223,0.2039,0.4935,0.4533,0.7635,65.61,seam_grip
RIGHT,BACK,137.12,150.57,24.07,0.4916,0.1729,0.5211,0.4821,0.7905,65.77,seam_grip
RIGHT,BACK,159.65,176.7,38.25,0.6463,0.1467,0.7533,0.8004,0.8499,82.12,seam_grip
RIGHT,BACK,156.91,176.96,20.83,0.7698,0.2689,0.6526,0.7627,0.8983,82.14,seam_grip
RIGHT,BACK,156.33,177.3,20.73,0.768,0.2302,0.6334,0.7153,0.8763,82.1,seam_grip
RIGHT,BACK,156.39,175.69,20.28,0.7352,0.218,0.6001,0.7078,0.846,82.66,seam_grip
RIGHT,BACK,156.3,179.07,19.92,0.771,0.2379,0.6731,0.7291,0.8677,82.67,seam_grip
RIGHT,BACK,163.69,178.08,34.54,0.7848,0.1748,0.6103,0.8073,0.8026,89.03,seam_grip
RIGHT,BACK,163.97,177.68,30.37,0.8643,0.2347,0.6458,0.8659,0.8558,89.29,seam_grip
RIGHT,BACK,162.62,176.92,32.82,0.8115,0.1654,0.649,0.8603,0.851,88.75,seam_grip
RIGHT,BACK,161.55,178.01,30.27,0.8654,0.2915,0.582,0.8054,0.8904,89.2,seam_grip
RIGHT,BACK,162.45,177.41,31.82,0.843,0.2358,0.6172,0.8222,0.859,88.5,seam_grip
RIGHT,BACK,161.84,177.04,30.98,0.8088,0.1651,0.6491,0.8501,0.8526,88.1,seam_grip
RIGHT,BACK,162.6,177.38,30.89,0.7911,0.2321,0.5657,0.7695,0.9212,87.46,seam_grip
RIGHT,BACK,163.14,176.82,31.77,0.8247,0.1889,0.6492,0.825,0.8908,87.9,seam_grip
RIGHT,BACK,162.13,177.56,31.19,0.8384,0.2217,0.6247,0.8079,0.8488,87.92,seam_grip
RIGHT,BACK,165.88,175.36,33.0,0.8401,0.2163,0.6304,0.8277,0.8699,88.27,seam_grip
RIGHT,BACK,175.88,174.1,54.31,0.4693,0.2317,0.6936,0.9323,0.7868,74.81,seam_grip
RIGHT,BACK,176.03,174.51,45.6,0.6416,0.0645,0.6857,0.9481,0.9026,75.71,seam_grip
RIGHT,BACK,174.9,173.12,54.67,0.4444,0.2457,0.6796,0.8626,0.7786,76.05,seam_grip
RIGHT,BACK,175.45,174.46,51.9,0.4335,0.2621,0.6856,0.901,0.7914,76.65,seam_grip
RIGHT,BACK,174.57,173.36,47.94,0.4411,0.2746,0.7019,0.8714,0.8129,76.53,seam_grip
RIGHT,BACK,172.89,173.5,50.44,0.4178,0.2512,0.6625,0.82,0.7974,76.36,seam_grip
RIGHT,BACK,172.29,174.36,51.73,0.4815,0.1655,0.6461,0.824,0.7838,76.64,seam_grip
RIGHT,BACK,173.68,173.4,53.9,0.4752,0.1884,0.6603,0.8128,0.7605,76.68,seam_grip
RIGHT,BACK,175.88,173.87,45.38,0.5251,0.16,0.684,0.8733,0.8497,76.35,seam_grip
RIGHT,BACK,175.87,174.1,48.8,0.5206,0.1585,0.6789,0.8387,0.7851,76.38,seam_grip
RIGHT,BACK,176.54,173.97,45.55,0.5641,0.1144,0.6765,0.8721,0.8615,76.83,seam_grip
RIGHT,BACK,173.66,174.54,36.51,0.7217,0.0742,0.712,0.9097,0.9724,77.89,seam_grip
RIGHT,BACK,175.76,174.29,38.67,0.6629,0.0857,0.7321,0.9143,0.9209,78.58,seam_grip
RIGHT,BACK,173.91,171.19,39.55,0.6078,0.1375,0.7041,0.7182,0.648,85.82,seam_grip
RIGHT,BACK,171.18,170.77,38.12,0.5167,0.099,0.6026,0.637,0.6959,86.54,seam_grip
RIGHT,BACK,175.2,166.2,37.74,0.3532,0.3406,0.5884,0.6157,0.5167,84.32,seam_grip
RIGHT,BACK,173.85,160.25,38.7,0.3449,0.3071,0.5753,0.6287,0.573,84.3,seam_grip
RIGHT,BACK,171.37,164.26,38.33,0.3224,0.3212,0.5741,0.6398,0.5703,84.48,seam_grip
RIGHT,BACK,174.91,161.84,39.18,0.3404,0.3376,0.5809,0.5991,0.5101,84.63,seam_grip
RIGHT,BACK,174.61,163.66,37.31,0.3289,0.3134,0.5821,0.6528,0.5916,84.8,seam_grip
RIGHT,BACK,157.03,146.34,67.73,0.3509,0.3126,0.5176,0.5807,0.3512,79.13,seam_grip
RIGHT,BACK,159.04,151.54,69.1,0.3841,0.3106,0.5166,0.5903,0.3637,79.86,seam_grip
RIGHT,BACK,153.2,148.61,64.07,0.3982,0.3194,0.4827,0.5696,0.3759,79.45,seam_grip
RIGHT,BACK,159.97,144.94,48.53,0.4649,0.3193,0.5245,0.5636,0.443,80.61,seam_grip
RIGHT,BACK,164.68,154.24,46.09,0.4993,0.3142,0.5454,0.5827,0.4638,81.05,seam_grip
RIGHT,BACK,154.48,170.59,19.89,0.6144,0.2882,0.524,0.6466,0.7648,86.38,seam_grip
RIGHT,BACK,159.24,173.64,52.45,0.6557,0.253,0.5217,0.6069,0.5074,88.1,seam_grip
RIGHT,BACK,154.07,174.15,77.97,0.6338,0.2713,0.5243,0.5934,0.3919,87.81,seam_grip
RIGHT,BACK,175.5,176.46,22.98,1.0713,0.5047,0.6044,0.6791,1.035,89.98,seam_grip
RIGHT,BACK,168.91,169.79,93.21,0.6725,0.4496,1.0057,1.0401,0.5828,81.2,seam_grip
RIGHT,BACK,169.82,169.22,116.07,0.7513,0.3976,1.0535,1.0351,0.4303,81.35,seam_grip
RIGHT,BACK,172.74,170.08,72.29,0.7611,0.3343,1.017,1.0819,0.7481,83.61,seam_grip
RIGHT,BACK,172.51,170.8,56.32,0.8628,0.1134,0.9422,1.0603,0.9117,82.22,seam_grip
RIGHT,BACK,173.63,170.07,88.8,0.8346,0.1877,0.9681,1.0488,0.6826,83.25,seam_grip
RIGHT,BACK,172.12,170.82,73.56,0.8895,0.1187,0.9837,1.0825,0.7862,82.95,seam_grip
RIGHT,BACK,143.97,152.72,26.16,0.5428,0.1142,0.636,0.5058,0.7359,72.88,seam_grip
RIGHT,BACK,143.43,154.48,26.1,0.5316,0.1011,0.6234,0.5135,0.7405,72.14,seam_grip
RIGHT,BACK,152.73,157.31,21.39,0.5644,0.0486,0.5159,0.419,0.7852,80.18,seam_grip
RIGHT,BACK,153.83,162.43,19.25,0.5267,0.2662,0.479,0.5344,0.866,79.93,seam_grip
RIGHT,BACK,156.22,159.67,21.55,0.5706,0.1901,0.4969,0.4733,0.8274,80.2,seam_grip
RIGHT,BACK,156.13,156.63,22.77,0.5615,0.0702,0.4985,0.4229,0.8021,80.12,seam_grip
RIGHT,BACK,153.62,156.47,22.72,0.5484,0.0351,0.5136,0.4182,0.8037,80.74,seam_grip
RIGHT,BACK,155.99,158.6,21.83,0.5922,0.1782,0.5057,0.494,0.8152,79.88,seam_grip
RIGHT,BACK,154.17,160.06,21.21,0.5498,0.0884,0.4983,0.4461,0.8156,80.12,seam_grip
RIGHT,BACK,153.76,156.69,22.96,0.5557,0.087,0.4971,0.4294,0.8198,80.6,seam_grip
RIGHT,BACK,154.82,157.99,24.32,0.598,0.0821,0.5164,0.4283,0.8092,80.0,seam_grip
RIGHT,BACK,154.54,159.75,24.33,0.5417,0.0831,0.5025,0.4401,0.8111,80.2,seam_grip
RIGHT,BACK,154.46,156.95,24.68,0.5563,0.0736,0.5193,0.4264,0.8011,79.89,seam_grip
RIGHT,BACK,153.19,154.97,26.56,0.5572,0.1059,0.4891,0.4201,0.8111,79.88,seam_grip
RIGHT,BACK,151.88,155.53,26.19,0.5357,0.0066,0.5291,0.4033,0.7993,79.29,seam_grip
RIGHT,BACK,152.94,157.0,26.68,0.53,0.0159,0.5338,0.4074,0.7956,79.08,seam_grip
RIGHT,BACK,156.02,156.6,25.66,0.5572,0.0183,0.5389,0.4136,0.7907,79.66,seam_grip
RIGHT,BACK,154.0,155.43,27.24,0.539,0.015,0.5245,0.3739,0.8084,78.96,seam_grip
RIGHT,BACK,151.49,154.96,29.29,0.5345,0.0027,0.5358,0.408,0.7851,78.79,seam_grip
RIGHT,BACK,150.38,154.65,28.56,0.5352,0.0161,0.5265,0.4116,0.7978,78.77,seam_grip
RIGHT,BACK,151.5,155.39,28.11,0.499,0.0275,0.5245,0.4005,0.7905,78.64,seam_grip
RIGHT,BACK,152.23,157.0,26.41,0.5019,0.0173,0.5118,0.3921,0.7886,78.85,seam_grip
RIGHT,BACK,153.09,154.4,27.72,0.5137,0.0285,0.5327,0.393,0.8027,78.86,seam_grip
RIGHT,BACK,152.87,162.41,11.65,0.8509,0.405,0.836,0.7296,1.1887,61.96,seam_grip
RIGHT,BACK,149.86,160.89,16.13,0.7602,0.3601,0.738,0.666,1.0921,61.86,seam_grip
RIGHT,BACK,150.45,160.25,16.43,0.7758,0.3077,0.7298,0.6424,1.1052,61.06,seam_grip
RIGHT,BACK,143.39,151.94,26.51,0.6701,0.2685,0.6897,0.5817,1.0202,57.67,seam_grip
RIGHT,BACK,138.83,151.54,30.07,0.5669,0.2833,0.6069,0.4942,0.9231,58.19,seam_grip
RIGHT,BACK,138.06,150.58,30.4,0.5743,0.2499,0.6228,0.5019,0.8622,60.66,seam_grip
RIGHT,BACK,131.2,135.51,37.05,0.4876,0.1886,0.6617,0.5171,0.8541,62.92,seam_grip
RIGHT,BACK,129.36,129.84,40.41,0.4528,0.2376,0.6597,0.5419,0.8045,61.54,seam_grip
RIGHT,BACK,130.21,131.39,39.4,0.4883,0.2208,0.6733,0.5386,0.8118,62.07,seam_grip
RIGHT,BACK,130.73,132.5,39.28,0.4983,0.2529,0.7203,0.566,0.8232,61.98,seam_grip
RIGHT,BACK,131.67,133.14,38.89,0.4879,0.2586,0.7208,0.5599,0.8304,61.15,seam_grip
RIGHT,BACK,127.01,133.98,43.43,0.503,0.1918,0.6945,0.5406,0.8012,60.41,seam_grip
RIGHT,BACK,127.96,134.58,43.68,0.5183,0.1507,0.6681,0.5031,0.8089,60.44,seam_grip
RIGHT,BACK,130.14,142.31,43.24,0.5232,0.2626,0.7066,0.5169,0.8037,59.48,seam_grip
RIGHT,BACK,131.24,141.03,42.15,0.5305,0.2682,0.7245,0.5285,0.8416,58.91,seam_grip
RIGHT,BACK,130.99,140.16,42.8,0.5272,0.2482,0.737,0.5218,0.8218,58.74,seam_grip
RIGHT,BACK,156.11,172.37,4.01,1.0512,0.3245,0.9687,0.9189,1.2486,59.11,seam_grip
RIGHT,BACK,156.2,171.4,1.71,1.0231,0.2534,0.9725,0.9435,1.2396,59.08,seam_grip
RIGHT,BACK,156.63,170.81,0.65,1.0132,0.3137,0.961,0.9209,1.2435,55.31,seam_grip
RIGHT,BACK,156.96,169.13,0.19,0.9193,0.4183,0.9336,0.9836,1.2877,54.21,seam_grip
RIGHT,BACK,158.81,178.81,39.35,1.0194,0.3387,0.9844,1.1615,1.0617,70.92,seam_grip
RIGHT,BACK,159.34,178.25,36.31,0.9859,0.1087,1.0004,1.1666,1.0788,69.52,seam_grip
RIGHT,BACK,159.24,178.87,33.4,0.8622,0.1458,0.9529,1.1259,1.0733,68.5,seam_grip
RIGHT,BACK,160.22,179.97,35.37,0.8134,0.1337,0.9389,1.1427,1.0625,68.82,seam_grip
RIGHT,BACK,161.99,178.09,40.34,0.928,0.125,1.0204,1.2236,1.0813,69.09,seam_grip
RIGHT,BACK,163.62,178.48,51.58,0.9193,0.1794,1.0672,1.2632,0.9371,67.73,seam_grip
RIGHT,BACK,163.44,178.44,48.64,1.0988,0.3573,1.1225,1.3454,0.9187,66.95,seam_grip
RIGHT,BACK,150.94,162.55,11.74,0.559,0.1693,0.5801,0.572,0.7953,87.49,seam_grip
RIGHT,BACK,149.68,163.43,11.23,0.5627,0.1623,0.5634,0.5667,0.8543,87.26,seam_grip
RIGHT,BACK,151.71,164.1,9.21,0.5867,0.16,0.5755,0.5731,0.8336,87.13,seam_grip
RIGHT,BACK,150.07,162.69,12.21,0.5905,0.1652,0.5529,0.5635,0.8489,86.99,seam_grip
RIGHT,BACK,149.19,163.24,9.54,0.5221,0.2174,0.5445,0.5611,0.8086,86.83,seam_grip
RIGHT,BACK,150.61,162.56,11.34,0.5297,0.1861,0.5573,0.5559,0.8259,86.72,seam_grip
RIGHT,BACK,149.35,163.42,11.52,0.5631,0.1567,0.5495,0.546,0.8041,86.65,seam_grip
RIGHT,BACK,54.23,34.14,26.38,0.2339,0.0971,0.1455,0.0722,0.4292,75.95,seam_grip
RIGHT,BACK,63.02,40.65,35.63,0.2472,0.1031,0.2825,0.095,0.3436,75.83,seam_grip
RIGHT,BACK,58.54,40.98,47.34,0.225,0.104,0.2567,0.0723,0.3603,75.91,seam_grip
RIGHT,BACK,75.52,35.12,0.17,0.3701,0.2087,0.2241,0.2665,0.5592,88.04,seam_grip
RIGHT,BACK,38.31,25.6,36.52,0.2056,0.151,0.1053,0.0921,0.5465,87.37,seam_grip
RIGHT,BACK,36.69,25.89,34.36,0.2025,0.1079,0.1166,0.0583,0.5195,86.74,seam_grip
RIGHT,BACK,36.84,25.44,32.66,0.2046,0.1322,0.1191,0.0655,0.5331,86.95,seam_grip
RIGHT,BACK,36.3,26.34,33.99,0.1959,0.0957,0.1298,0.0426,0.4967,87.16,seam_grip
RIGHT,BACK,37.73,26.17,34.92,0.1942,0.1209,0.1132,0.0581,0.5209,87.32,seam_grip
RIGHT,BACK,38.97,28.17,33.09,0.1926,0.1208,0.1168,0.0543,0.5263,87.07,seam_grip
RIGHT,BACK,36.92,25.3,34.02,0.1998,0.1409,0.1072,0.0826,0.542,87.1,seam_grip
RIGHT,BACK,35.59,25.13,33.81,0.2016,0.094,0.1227,0.0459,0.4902,86.85,seam_grip
RIGHT,BACK,35.65,26.07,32.04,0.1953,0.1113,0.1182,0.0538,0.5137,87.0,seam_grip
RIGHT,BACK,39.1,29.09,36.85,0.2094,0.1295,0.1107,0.0651,0.5325,86.8,seam_grip
RIGHT,BACK,163.44,175.11,38.58,0.4424,0.2125,0.6518,0.8758,0.8938,84.64,seam_grip
RIGHT,BACK,162.41,175.71,35.83,0.5012,0.2621,0.7001,0.9533,0.95,83.21,seam_grip
RIGHT,BACK,161.46,174.17,38.37,0.5792,0.2253,0.6958,0.9737,0.969,82.95,seam_grip
RIGHT,BACK,161.83,174.49,31.83,0.5249,0.2169,0.647,0.9185,0.9736,81.69,seam_grip
RIGHT,BACK,161.36,175.64,35.84,0.513,0.1974,0.6254,0.9102,0.9459,81.67,seam_grip
RIGHT,BACK,161.74,173.55,34.43,0.527,0.2042,0.6158,0.8863,0.9703,81.54,seam_grip
RIGHT,BACK,160.94,173.92,38.11,0.4723,0.1691,0.6206,0.866,0.9321,82.68,seam_grip
RIGHT,BACK,158.42,175.32,35.78,0.583,0.2528,0.6283,0.921,0.9715,82.3,seam_grip
RIGHT,BACK,159.95,174.6,37.77,0.5884,0.2235,0.6347,0.9333,0.9955,82.89,seam_grip
RIGHT,BACK,159.16,174.91,37.71,0.6096,0.2527,0.6704,0.9747,1.0111,82.02,seam_grip
RIGHT,BACK,171.89,171.75,44.53,0.5232,0.1729,0.6857,0.9616,0.8698,86.21,seam_grip
RIGHT,BACK,173.98,172.03,46.29,0.422,0.2224,0.6423,0.9113,0.7871,85.11,seam_grip
RIGHT,BACK,157.7,177.57,39.16,0.6894,0.2964,0.7258,1.0227,1.0412,81.21,seam_grip
RIGHT,BACK,149.94,178.9,24.83,0.6262,0.3028,0.5162,0.7231,0.9548,81.17,seam_grip
RIGHT,BACK,145.37,151.79,22.35,0.6112,0.0701,0.5971,0.4897,0.9017,76.4,seam_grip
RIGHT,BACK,153.97,162.92,2.82,0.6055,0.1543,0.4982,0.4999,0.8512,79.18,seam_grip
RIGHT,BACK,153.78,163.25,2.19,0.5797,0.1242,0.5166,0.5309,0.8232,79.66,seam_grip
RIGHT,BACK,154.06,163.7,1.64,0.5946,0.1468,0.5394,0.5502,0.843,79.91,seam_grip
RIGHT,BACK,153.71,164.81,0.39,0.5914,0.1533,0.5151,0.5256,0.8655,80.48,seam_grip
RIGHT,BACK,150.13,155.45,19.38,0.5465,0.0616,0.5192,0.4359,0.7593,77.52,seam_grip
RIGHT,BACK,150.44,158.71,17.98,0.5419,0.043,0.5335,0.4692,0.7446,77.95,seam_grip
RIGHT,BACK,152.91,148.49,37.02,0.7003,0.2289,0.7711,0.5445,0.7587,67.03,seam_grip
RIGHT,BACK,175.78,163.72,43.16,0.3935,0.3724,0.7021,0.6836,0.6835,88.87,seam_grip
RIGHT,BACK,175.15,162.74,55.38,0.3747,0.4748,0.7927,0.782,0.5329,88.6,seam_grip
RIGHT,BACK,174.22,161.66,56.46,0.3752,0.5159,0.8383,0.8212,0.4959,88.05,seam_grip
RIGHT,BACK,46.68,32.08,34.98,0.243,0.2918,0.3467,0.3207,0.3639,87.03,seam_grip
RIGHT,BACK,23.33,53.51,38.25,0.1729,0.2955,0.3104,0.3544,0.3499,87.38,seam_grip
RIGHT,BACK,18.73,22.73,38.95,0.1694,0.2451,0.1965,0.2939,0.3651,86.89,seam_grip
RIGHT,BACK,12.4,5.3,38.22,0.1392,0.2117,0.1332,0.1666,0.3188,87.18,seam_grip
RIGHT,BACK,14.64,2.24,27.39,0.1623,0.2103,0.1567,0.1644,0.3554,87.08,seam_grip
RIGHT,BACK,133.49,142.3,35.22,0.4006,0.1544,0.5254,0.4618,0.688,65.46,seam_grip
RIGHT,BACK,136.9,149.77,35.52,0.4243,0.099,0.5039,0.4697,0.6134,69.94,seam_grip
RIGHT,BACK,154.2,165.99,6.09,0.4304,0.1499,0.5031,0.5529,0.8056,81.14,seam_grip
RIGHT,BACK,154.28,165.83,6.84,0.4592,0.1993,0.4786,0.5202,0.8379,80.67,seam_grip
RIGHT,BACK,164.21,146.21,35.26,0.4653,0.2864,0.6656,0.6024,0.5553,85.99,seam_grip
RIGHT,BACK,162.31,144.25,38.94,0.4823,0.2954,0.6701,0.6129,0.553,84.97,seam_grip
RIGHT,BACK,164.52,150.96,36.41,0.3635,0.3446,0.6321,0.6129,0.5415,87.06,seam_grip
RIGHT,BACK,109.17,118.92,17.22,0.2087,0.3671,0.3747,0.442,0.5069,88.83,seam_grip
RIGHT,BACK,0.78,34.94,13.57,0.1682,0.3406,0.2457,0.3309,0.5232,88.85,seam_grip
RIGHT,BACK,175.05,159.37,27.17,0.5357,0.3172,0.7171,0.555,0.5398,84.95,seam_grip
RIGHT,BACK,176.88,163.47,25.47,0.5543,0.3102,0.7275,0.5747,0.5417,86.56,seam_grip
RIGHT,BACK,176.95,163.84,25.33,0.5446,0.3456,0.7393,0.5969,0.5551,87.11,seam_grip
RIGHT,BACK,177.03,162.99,25.48,0.4883,0.3661,0.7289,0.5575,0.5566,86.31,seam_grip
RIGHT,BACK,179.78,166.75,26.16,0.4822,0.3456,0.6819,0.5711,0.5661,86.19,seam_grip
RIGHT,BACK,178.15,164.68,27.23,0.4751,0.3609,0.7024,0.5715,0.5574,85.98,seam_grip
RIGHT,BACK,33.72,17.85,0.87,0.1823,0.2399,0.1724,0.1561,0.6326,87.96,seam_grip
RIGHT,BACK,25.77,13.5,2.17,0.1816,0.2107,0.0611,0.1836,0.5733,88.03,seam_grip
RIGHT,BACK,23.21,5.09,23.19,0.0895,0.0919,0.0724,0.0936,0.3807,85.85,seam_grip
RIGHT,BACK,41.18,9.76,25.48,0.1735,0.1165,0.1876,0.0822,0.3723,86.82,seam_grip
RIGHT,BACK,29.18,9.29,7.05,0.1891,0.2473,0.0588,0.1703,0.5388,89.98,seam_grip
RIGHT,BACK,39.25,12.58,1.92,0.2815,0.2874,0.0114,0.1877,0.5873,89.88,seam_grip
RIGHT,BACK,24.77,36.14,49.47,0.118,0.2036,0.282,0.3204,0.3834,82.9,seam_grip
RIGHT,BACK,31.42,36.67,50.58,0.1447,0.2105,0.325,0.3305,0.3948,82.2,seam_grip
RIGHT,BACK,15.74,30.94,44.47,0.1299,0.2172,0.2895,0.3183,0.3965,83.8,seam_grip
RIGHT,BACK,10.59,26.95,39.33,0.1797,0.2336,0.0785,0.1479,0.3257,83.87,seam_grip
RIGHT,BACK,10.34,26.27,39.89,0.1637,0.2484,0.0878,0.1027,0.2887,83.99,seam_grip
RIGHT,BACK,21.8,13.45,2.94,0.2059,0.1898,0.0369,0.1465,0.4431,82.92,seam_grip
RIGHT,BACK,165.32,166.97,19.94,0.5776,0.0694,0.5897,0.3336,0.5443,87.02,seam_grip
RIGHT,BACK,171.44,168.11,19.42,0.6365,0.1213,0.7059,0.3795,0.5468,87.14,seam_grip
RIGHT,BACK,171.29,178.97,24.89,0.5216,0.1424,0.6267,0.4656,0.516,86.25,seam_grip
RIGHT,BACK,126.77,112.74,15.77,0.4979,0.1232,0.388,0.2709,0.6322,86.65,seam_grip
RIGHT,BACK,133.64,131.01,15.09,0.5477,0.1308,0.4219,0.3421,0.6273,86.37,seam_grip
RIGHT,BACK,132.64,125.7,13.92,0.5511,0.1412,0.4281,0.3072,0.6427,85.91,seam_grip
RIGHT,BACK,140.28,131.35,16.2,0.5845,0.1191,0.4693,0.3266,0.6411,86.17,seam_grip
RIGHT,BACK,123.69,99.65,17.19,0.5147,0.1824,0.3439,0.2187,0.6717,87.06,seam_grip
RIGHT,BACK,159.32,166.98,8.91,0.8117,0.3012,0.5291,0.4663,0.6282,89.92,seam_grip
RIGHT,BACK,152.48,145.91,5.65,0.7635,0.3052,0.4715,0.3364,0.6252,89.88,seam_grip
RIGHT,BACK,159.04,178.97,34.69,0.6097,0.0246,0.6212,0.503,0.3873,88.3,seam_grip
RIGHT,BACK,163.87,175.02,27.93,0.5228,0.1185,0.5766,0.483,0.4932,86.74,seam_grip
RIGHT,BACK,176.61,162.0,34.77,0.4389,0.317,0.6315,0.5741,0.4856,85.73,seam_grip
RIGHT,BACK,177.32,155.45,39.0,0.4243,0.3201,0.6279,0.5422,0.4337,85.03,seam_grip
RIGHT,BACK,177.87,153.76,39.46,0.4483,0.3657,0.7017,0.5487,0.4311,84.28,seam_grip
RIGHT,BACK,162.86,151.63,68.26,0.3981,0.3138,0.635,0.5916,0.3899,81.06,seam_grip
RIGHT,BACK,164.19,154.11,48.6,0.3884,0.2889,0.6118,0.6026,0.4692,80.97,seam_grip
RIGHT,BACK,162.8,150.79,129.69,0.3764,0.3264,0.6437,0.6124,0.3514,79.65,seam_grip
RIGHT,BACK,172.3,161.17,79.15,0.5717,0.1334,0.7047,0.7911,0.3757,81.58,seam_grip
RIGHT,BACK,164.98,155.73,113.86,0.4401,0.2634,0.6756,0.6962,0.3227,79.59,seam_grip
RIGHT,BACK,159.17,146.43,95.71,0.3079,0.3744,0.6137,0.6014,0.2747,78.69,seam_grip
RIGHT,BACK,130.84,133.65,32.2,0.4469,0.0945,0.4164,0.3438,0.6279,83.73,seam_grip
RIGHT,BACK,127.27,134.79,36.25,0.3732,0.0481,0.4127,0.3625,0.6429,82.8,seam_grip
RIGHT,BACK,126.85,136.33,36.23,0.3913,0.0898,0.3517,0.3794,0.6789,81.81,seam_grip
RIGHT,BACK,30.82,15.46,1.84,0.2655,0.2566,0.0096,0.1717,0.5052,87.56,seam_grip
RIGHT,BACK,25.36,12.66,0.71,0.2404,0.2157,0.0274,0.1545,0.481,86.21,seam_grip
RIGHT,BACK,19.23,3.47,13.65,0.2205,0.1944,0.1364,0.1271,0.2846,84.33,seam_grip
RIGHT,BACK,15.6,1.23,18.42,0.1799,0.1486,0.1807,0.1329,0.1869,84.03,seam_grip
RIGHT,BACK,18.98,4.59,25.42,0.1045,0.1699,0.2044,0.2108,0.1874,83.07,seam_grip
RIGHT,BACK,20.76,6.79,21.47,0.1137,0.138,0.1806,0.1797,0.2069,82.62,seam_grip
RIGHT,BACK,19.41,4.43,26.03,0.1188,0.1375,0.1823,0.1861,0.1944,82.28,seam_grip
RIGHT,BACK,14.34,0.61,22.3,0.0466,0.145,0.1679,0.1578,0.2005,82.84,seam_grip
RIGHT,BACK,2.79,20.68,20.46,0.0915,0.2397,0.1805,0.278,0.4938,71.88,off_spin_grip
RIGHT,BACK,6.43,17.43,14.62,0.108,0.2564,0.2012,0.2742,0.4887,71.48,off_spin_grip
RIGHT,BACK,4.26,20.78,20.76,0.1553,0.2618,0.1158,0.2788,0.4873,73.35,off_spin_grip
RIGHT,BACK,4.48,24.5,24.04,0.1757,0.248,0.0724,0.3019,0.503,72.93,off_spin_grip
RIGHT,BACK,10.63,9.58,10.25,0.1195,0.2679,0.1805,0.284,0.5511,67.51,off_spin_grip
RIGHT,BACK,1.48,16.16,18.6,0.169,0.2696,0.117,0.3271,0.5943,67.63,off_spin_grip
RIGHT,BACK,98.75,46.86,33.31,0.1043,0.0008,0.1036,0.4858,0.7268,78.35,off_spin_grip
RIGHT,BACK,81.92,59.45,42.48,0.0991,0.0398,0.0756,0.4955,0.7357,80.01,off_spin_grip
RIGHT,BACK,113.66,74.86,49.68,0.2126,0.0547,0.169,0.4984,0.7368,80.35,off_spin_grip
RIGHT,BACK,3.29,13.03,15.27,0.1224,0.2769,0.1583,0.2291,0.4474,69.09,off_spin_grip
RIGHT,BACK,7.02,54.13,50.2,0.2081,0.2048,0.3742,0.1998,0.3655,71.61,off_spin_grip
RIGHT,BACK,18.69,56.61,65.48,0.0811,0.1235,0.1534,0.2271,0.3974,71.16,off_spin_grip
RIGHT,BACK,34.83,72.2,77.28,0.2056,0.2158,0.1788,0.239,0.4091,71.28,off_spin_grip
RIGHT,BACK,25.28,69.62,77.5,0.1427,0.1911,0.2026,0.2166,0.3808,70.66,off_spin_grip
RIGHT,BACK,27.1,68.16,74.69,0.1309,0.1587,0.1455,0.2315,0.4031,70.73,off_spin_grip
RIGHT,BACK,25.6,70.63,80.09,0.1435,0.1407,0.2091,0.2318,0.4006,71.2,off_spin_grip
RIGHT,BACK,22.06,63.57,75.15,0.1192,0.1446,0.1795,0.2366,0.4143,70.63,off_spin_grip
RIGHT,BACK,18.84,64.42,100.55,0.1042,0.2404,0.1695,0.129,0.3142,72.14,off_spin_grip
RIGHT,BACK,65.64,60.42,62.34,0.2683,0.1201,0.286,0.2966,0.4542,80.19,off_spin_grip
RIGHT,BACK,11.88,18.29,10.48,0.1919,0.2473,0.0779,0.2525,0.4384,77.97,off_spin_grip
RIGHT,BACK,23.38,35.75,36.43,0.2245,0.261,0.1191,0.274,0.4528,77.33,off_spin_grip
RIGHT,BACK,32.41,42.32,39.89,0.184,0.1931,0.2069,0.2773,0.4488,77.92,off_spin_grip
RIGHT,BACK,32.89,37.71,31.49,0.3047,0.4137,0.3236,0.1748,0.3469,77.68,off_spin_grip
RIGHT,BACK,96.97,79.8,53.66,0.1636,0.0656,0.2081,0.4534,0.645,76.52,off_spin_grip
RIGHT,BACK,36.63,20.04,3.86,0.1436,0.134,0.0533,0.3891,0.6497,81.27,off_spin_grip
RIGHT,BACK,37.1,23.79,10.93,0.1424,0.1525,0.0812,0.4514,0.7025,83.61,off_spin_grip
RIGHT,BACK,113.58,69.65,0.76,0.1595,0.1179,0.2131,0.3456,0.5705,84.71,off_spin_grip
RIGHT,BACK,146.63,136.42,18.36,0.2722,0.0908,0.2954,0.3248,0.5026,83.87,off_spin_grip
RIGHT,BACK,151.69,135.6,17.93,0.3057,0.1013,0.3431,0.3296,0.5025,84.87,off_spin_grip
RIGHT,BACK,161.12,132.35,10.52,0.2823,0.1351,0.3419,0.3161,0.5131,84.34,off_spin_grip
RIGHT,BACK,77.81,35.9,18.2,0.0877,0.0304,0.0894,0.386,0.6475,87.04,off_spin_grip
RIGHT,BACK,22.67,13.88,2.44,0.1219,0.1244,0.0042,0.3793,0.6251,82.57,off_spin_grip
RIGHT,BACK,21.82,17.17,6.76,0.1574,0.1974,0.1925,0.3753,0.614,83.79,off_spin_grip
RIGHT,BACK,24.24,17.94,6.56,0.1535,0.2173,0.1707,0.3671,0.6004,83.85,off_spin_grip
RIGHT,BACK,32.53,20.37,11.09,0.1086,0.1102,0.0024,0.4162,0.661,84.1,off_spin_grip
RIGHT,BACK,17.81,9.76,2.88,0.1249,0.1834,0.1231,0.3279,0.5703,82.82,off_spin_grip
RIGHT,BACK,13.41,9.66,1.49,0.0887,0.1612,0.0952,0.3192,0.5595,83.29,off_spin_grip
RIGHT,BACK,22.56,12.11,1.73,0.1287,0.1885,0.1448,0.318,0.5652,83.36,off_spin_grip
RIGHT,BACK,16.6,11.83,0.35,0.0907,0.144,0.0892,0.3571,0.6068,83.6,off_spin_grip
RIGHT,BACK,16.8,9.66,3.52,0.1005,0.1431,0.0445,0.3905,0.6529,83.42,off_spin_grip
RIGHT,BACK,139.41,42.97,56.67,0.2971,0.3473,0.3771,0.1623,0.4538,72.2,off_spin_grip
RIGHT,BACK,136.26,40.42,52.61,0.2782,0.3373,0.3763,0.1736,0.4733,72.17,off_spin_grip
RIGHT,BACK,129.34,38.89,50.72,0.2794,0.3402,0.36,0.1893,0.4934,72.12,off_spin_grip
RIGHT,BACK,127.59,42.35,56.42,0.2578,0.3301,0.3327,0.1743,0.4711,71.75,off_spin_grip
RIGHT,BACK,129.51,41.61,56.31,0.2782,0.3309,0.3517,0.1819,0.4775,71.85,off_spin_grip
RIGHT,BACK,131.14,39.49,53.82,0.275,0.3361,0.3477,0.1841,0.4853,72.04,off_spin_grip
RIGHT,BACK,135.27,36.53,49.16,0.2863,0.3221,0.3579,0.202,0.4993,72.48,off_spin_grip
RIGHT,BACK,134.95,37.41,50.66,0.2896,0.3321,0.3594,0.2038,0.5023,72.27,off_spin_grip
RIGHT,BACK,129.97,37.96,51.38,0.2732,0.3239,0.3408,0.1955,0.4906,72.39,off_spin_grip
RIGHT,BACK,129.22,40.04,53.77,0.2806,0.3357,0.3442,0.1847,0.4781,72.07,off_spin_grip
RIGHT,BACK,159.21,33.55,50.63,0.4834,0.3638,0.4318,0.2395,0.4652,77.44,off_spin_grip
RIGHT,BACK,153.01,27.13,43.04,0.4711,0.3643,0.4022,0.2691,0.5047,77.62,off_spin_grip
RIGHT,BACK,150.27,27.74,43.59,0.4168,0.3281,0.4004,0.2563,0.4957,77.72,off_spin_grip
RIGHT,BACK,150.3,24.16,37.75,0.4325,0.322,0.4001,0.2722,0.5095,77.72,off_spin_grip
RIGHT,BACK,156.42,24.14,38.51,0.4477,0.3246,0.4322,0.2602,0.4992,78.3,off_spin_grip
RIGHT,BACK,153.49,20.92,38.07,0.4336,0.3252,0.4118,0.2744,0.5026,78.9,off_spin_grip
RIGHT,BACK,156.73,20.68,36.36,0.4322,0.3144,0.4194,0.2741,0.5108,78.68,off_spin_grip
RIGHT,BACK,153.03,19.26,35.57,0.3995,0.2967,0.403,0.2729,0.5057,78.6,off_spin_grip
RIGHT,BACK,151.18,22.82,38.91,0.382,0.2806,0.4107,0.2625,0.4947,78.77,off_spin_grip
RIGHT,BACK,155.6,21.44,36.61,0.405,0.2865,0.4218,0.2653,0.5044,78.92,off_spin_grip
RIGHT,BACK,118.42,7.89,8.05,0.2818,0.2315,0.2858,0.346,0.5483,81.44,off_spin_grip
RIGHT,BACK,136.32,8.98,5.94,0.2612,0.2095,0.2898,0.3494,0.5582,81.49,off_spin_grip
RIGHT,BACK,80.17,11.24,4.18,0.2473,0.2175,0.2699,0.3689,0.5702,81.76,off_spin_grip
RIGHT,BACK,102.28,10.39,1.07,0.2523,0.222,0.2921,0.3554,0.5742,82.06,off_spin_grip
RIGHT,BACK,152.9,4.48,7.26,0.2468,0.2075,0.295,0.3331,0.5579,80.15,off_spin_grip
RIGHT,BACK,32.76,4.43,10.11,0.1796,0.1757,0.19,0.3416,0.5515,79.59,off_spin_grip
RIGHT,BACK,40.76,3.68,9.49,0.2249,0.1934,0.2361,0.3321,0.5473,79.61,off_spin_grip
RIGHT,BACK,26.85,5.24,6.76,0.171,0.1779,0.1935,0.3379,0.5555,79.94,off_spin_grip
RIGHT,BACK,22.41,2.76,11.32,0.1728,0.1824,0.2046,0.321,0.5355,79.32,off_spin_grip
RIGHT,BACK,95.73,4.94,7.2,0.2423,0.1848,0.2713,0.3308,0.5529,79.34,off_spin_grip
RIGHT,BACK,30.52,8.61,3.4,0.2017,0.192,0.1785,0.3431,0.5555,80.31,off_spin_grip
RIGHT,BACK,47.57,5.78,5.83,0.2279,0.1956,0.2676,0.3197,0.5369,79.54,off_spin_grip
RIGHT,BACK,30.49,4.39,7.44,0.1995,0.1871,0.242,0.322,0.539,79.69,off_spin_grip
RIGHT,BACK,32.59,8.55,4.64,0.1604,0.1616,0.1594,0.3538,0.5616,79.9,off_spin_grip
RIGHT,BACK,39.82,6.51,7.55,0.1944,0.1786,0.2228,0.3294,0.5352,79.25,off_spin_grip
RIGHT,BACK,33.29,6.45,6.73,0.1803,0.1752,0.2007,0.3284,0.5411,79.51,off_spin_grip
RIGHT,BACK,48.62,8.87,4.4,0.2072,0.1889,0.2454,0.3293,0.5351,79.98,off_spin_grip
RIGHT,BACK,82.16,8.87,4.16,0.2182,0.1871,0.2787,0.3305,0.5414,80.16,off_spin_grip
RIGHT,BACK,37.84,7.88,3.18,0.2098,0.1895,0.2279,0.3353,0.5532,80.12,off_spin_grip
RIGHT,BACK,32.4,5.0,7.46,0.2005,0.1754,0.2393,0.3287,0.5441,79.33,off_spin_grip
RIGHT,BACK,158.68,19.08,35.3,0.347,0.2671,0.4202,0.2702,0.5174,73.66,off_spin_grip
RIGHT,BACK,158.88,21.27,37.17,0.3411,0.2657,0.41,0.2598,0.5117,73.34,off_spin_grip
RIGHT,BACK,156.58,14.55,30.31,0.327,0.2625,0.4137,0.2859,0.531,73.72,off_spin_grip
RIGHT,BACK,152.33,14.73,29.1,0.3044,0.2515,0.3806,0.289,0.5396,74.0,off_spin_grip
RIGHT,BACK,138.05,11.62,27.44,0.2952,0.261,0.3492,0.3044,0.5533,73.43,off_spin_grip
RIGHT,BACK,138.26,14.72,28.63,0.3013,0.2642,0.3561,0.2756,0.5245,73.44,off_spin_grip
RIGHT,BACK,133.37,10.13,26.04,0.2805,0.2609,0.3356,0.2952,0.5387,73.51,off_spin_grip
RIGHT,BACK,149.15,7.35,22.82,0.305,0.2498,0.362,0.304,0.5408,74.15,off_spin_grip
RIGHT,BACK,129.5,13.33,28.17,0.2825,0.2588,0.3584,0.2656,0.5136,73.95,off_spin_grip
RIGHT,BACK,121.57,13.49,29.07,0.2716,0.2481,0.3258,0.282,0.5295,73.64,off_spin_grip
RIGHT,BACK,118.19,13.83,28.48,0.2654,0.2565,0.3364,0.2715,0.5214,73.5,off_spin_grip
RIGHT,BACK,67.03,10.92,25.68,0.2372,0.2415,0.2741,0.2936,0.5479,73.87,off_spin_grip
RIGHT,BACK,84.69,16.41,31.7,0.2156,0.2419,0.2939,0.2626,0.517,73.59,off_spin_grip
RIGHT,BACK,93.89,8.34,22.16,0.2624,0.2398,0.2957,0.3005,0.5545,74.18,off_spin_grip
RIGHT,BACK,119.2,4.02,18.72,0.286,0.2583,0.3298,0.3046,0.5447,74.48,off_spin_grip
RIGHT,BACK,147.62,8.45,24.07,0.2859,0.2615,0.4062,0.2734,0.5122,74.28,off_spin_grip
RIGHT,BACK,153.65,9.45,23.34,0.3151,0.2681,0.4169,0.2731,0.5139,74.26,off_spin_grip
RIGHT,BACK,148.01,10.43,24.31,0.2928,0.2543,0.368,0.2755,0.5184,74.17,off_spin_grip
RIGHT,BACK,154.74,4.37,19.2,0.296,0.2611,0.408,0.2982,0.5326,74.49,off_spin_grip
RIGHT,BACK,98.57,3.98,18.36,0.2513,0.2589,0.3487,0.2722,0.515,74.82,off_spin_grip
RIGHT,BACK,73.82,6.87,22.02,0.1555,0.2056,0.2685,0.2885,0.5267,72.5,off_spin_grip
RIGHT,BACK,139.24,5.07,21.89,0.195,0.2267,0.3445,0.2818,0.5118,72.19,off_spin_grip
RIGHT,BACK,82.12,2.17,18.34,0.1683,0.2455,0.315,0.2722,0.4998,73.07,off_spin_grip
RIGHT,BACK,150.95,0.92,15.29,0.2491,0.2515,0.3831,0.2789,0.4995,72.84,off_spin_grip
RIGHT,BACK,161.1,5.52,10.48,0.2706,0.214,0.359,0.3244,0.5473,73.81,off_spin_grip
RIGHT,BACK,144.94,2.96,10.91,0.2249,0.2324,0.3599,0.2753,0.5043,73.75,off_spin_grip
RIGHT,BACK,160.26,5.42,9.72,0.2617,0.234,0.3795,0.2889,0.5128,73.97,off_spin_grip
RIGHT,BACK,146.98,3.62,18.56,0.2329,0.2375,0.3435,0.2812,0.5241,72.67,off_spin_grip
RIGHT,BACK,155.2,3.25,12.17,0.2591,0.2321,0.3979,0.2863,0.5109,73.7,off_spin_grip
RIGHT,BACK,92.98,4.11,8.76,0.1739,0.2187,0.3089,0.2802,0.5122,73.88,off_spin_grip
RIGHT,BACK,81.62,51.6,37.35,0.2055,0.112,0.1398,0.4483,0.636,81.82,off_spin_grip
RIGHT,BACK,82.35,52.62,38.24,0.2166,0.1336,0.1417,0.4519,0.636,81.96,off_spin_grip
RIGHT,BACK,83.47,50.26,36.42,0.2027,0.1153,0.126,0.4573,0.6423,82.43,off_spin_grip
RIGHT,BACK,75.1,43.75,32.0,0.1864,0.1618,0.1647,0.4457,0.6333,81.15,off_spin_grip
RIGHT,BACK,74.27,48.29,36.3,0.2032,0.154,0.1264,0.4568,0.6406,81.9,off_spin_grip
RIGHT,BACK,77.64,48.09,35.3,0.1859,0.1208,0.1483,0.4488,0.6356,82.03,off_spin_grip
RIGHT,BACK,78.42,49.24,36.88,0.2153,0.1614,0.1406,0.4465,0.635,82.38,off_spin_grip
RIGHT,BACK,113.93,90.92,49.16,0.1632,0.0496,0.1404,0.4477,0.7126,89.12,off_spin_grip
RIGHT,BACK,109.98,88.07,47.7,0.1706,0.058,0.1422,0.4468,0.7145,89.23,off_spin_grip
RIGHT,BACK,111.54,92.39,49.53,0.1799,0.0682,0.1537,0.439,0.7135,89.74,off_spin_grip
RIGHT,BACK,119.39,76.61,46.31,0.1888,0.0382,0.1986,0.4431,0.6875,89.49,off_spin_grip
RIGHT,BACK,119.58,77.12,45.52,0.1854,0.0455,0.2029,0.4406,0.6809,88.53,off_spin_grip
RIGHT,BACK,138.01,143.63,59.08,0.2968,0.1488,0.4433,0.3547,0.5871,80.97,off_spin_grip
RIGHT,BACK,138.96,142.72,60.76,0.3252,0.1454,0.4459,0.3646,0.5869,80.93,off_spin_grip
RIGHT,BACK,140.6,143.95,60.56,0.3118,0.1616,0.4387,0.3639,0.5883,80.63,off_spin_grip
RIGHT,BACK,138.84,138.97,61.72,0.3089,0.1479,0.434,0.3605,0.59,81.03,off_spin_grip
RIGHT,BACK,139.17,140.75,61.83,0.3057,0.1707,0.4485,0.3592,0.5913,80.55,off_spin_grip
RIGHT,BACK,139.06,141.95,60.37,0.2954,0.1771,0.4306,0.3417,0.5704,80.98,off_spin_grip
RIGHT,BACK,139.91,141.55,60.0,0.2794,0.162,0.4261,0.3466,0.5724,80.92,off_spin_grip
RIGHT,BACK,138.38,144.16,59.91,0.2974,0.1471,0.4117,0.3374,0.5742,81.61,off_spin_grip
RIGHT,BACK,137.57,144.18,60.84,0.2813,0.1538,0.4079,0.3373,0.5679,81.06,off_spin_grip
RIGHT,BACK,139.27,144.4,62.15,0.3031,0.1635,0.4298,0.339,0.5792,80.82,off_spin_grip
RIGHT,BACK,139.88,144.41,62.04,0.3102,0.1637,0.4345,0.338,0.5797,80.9,off_spin_grip
RIGHT,BACK,140.03,145.63,62.03,0.2946,0.1588,0.4304,0.3367,0.5585,80.98,off_spin_grip
RIGHT,BACK,118.68,118.68,57.23,0.2481,0.0978,0.241,0.4274,0.6621,85.11,off_spin_grip
RIGHT,BACK,120.87,112.79,57.02,0.2776,0.099,0.258,0.4163,0.6531,84.97,off_spin_grip
RIGHT,BACK,122.48,118.39,58.47,0.2799,0.104,0.2534,0.4221,0.6683,84.71,off_spin_grip
RIGHT,BACK,32.97,20.08,13.98,0.212,0.2648,0.0694,0.4235,0.6503,88.92,off_spin_grip
RIGHT,BACK,37.41,20.68,15.07,0.1866,0.1548,0.0604,0.4124,0.6279,89.6,off_spin_grip
RIGHT,BACK,113.32,22.5,44.72,0.4024,0.3014,0.3742,0.2519,0.4609,81.18,off_spin_grip
RIGHT,BACK,97.53,23.26,43.82,0.328,0.2634,0.3513,0.2371,0.4566,81.29,off_spin_grip
RIGHT,BACK,101.39,22.45,43.97,0.3351,0.2666,0.3649,0.2352,0.4437,81.41,off_spin_grip
RIGHT,BACK,74.63,23.49,42.02,0.279,0.2663,0.3037,0.2357,0.4586,81.38,off_spin_grip
RIGHT,BACK,75.47,19.52,39.61,0.319,0.2763,0.3206,0.2422,0.4577,81.8,off_spin_grip
RIGHT,BACK,23.08,28.32,48.55,0.1736,0.2171,0.0615,0.2188,0.4415,74.1,off_spin_grip
RIGHT,BACK,19.55,25.4,48.93,0.1708,0.2071,0.0522,0.2325,0.4577,74.59,off_spin_grip
RIGHT,BACK,19.71,25.1,45.4,0.1735,0.2193,0.0542,0.2122,0.4405,74.82,off_spin_grip
RIGHT,BACK,18.94,24.12,47.35,0.1754,0.2217,0.0514,0.229,0.4468,75.0,off_spin_grip
RIGHT,BACK,18.29,24.37,46.88,0.1828,0.2126,0.0643,0.2313,0.4389,75.21,off_spin_grip
RIGHT,BACK,18.04,24.96,46.1,0.1711,0.2141,0.0555,0.2183,0.4291,75.53,off_spin_grip
RIGHT,BACK,19.4,25.29,46.76,0.1501,0.2123,0.0643,0.221,0.4359,75.38,off_spin_grip
RIGHT,BACK,19.92,27.94,51.21,0.1654,0.2072,0.0589,0.2335,0.4435,75.18,off_spin_grip
RIGHT,BACK,19.22,24.17,48.81,0.174,0.2273,0.0618,0.2181,0.4253,75.27,off_spin_grip
RIGHT,BACK,21.38,29.1,52.21,0.1562,0.2333,0.0772,0.2078,0.4173,75.29,off_spin_grip
RIGHT,BACK,23.49,30.29,52.9,0.1617,0.2235,0.0676,0.2197,0.4371,74.8,off_spin_grip
RIGHT,BACK,95.05,29.62,25.01,0.3376,0.3678,0.2523,0.4502,0.7,75.36,off_spin_grip
RIGHT,BACK,84.0,28.36,23.91,0.3249,0.3269,0.2422,0.4324,0.6928,74.38,off_spin_grip
RIGHT,BACK,71.62,29.38,26.61,0.2891,0.3141,0.2266,0.425,0.6798,75.59,off_spin_grip
RIGHT,BACK,68.55,26.23,24.53,0.3116,0.3527,0.2257,0.4483,0.7127,75.38,off_spin_grip
RIGHT,BACK,69.85,27.31,24.1,0.2728,0.3067,0.2161,0.4242,0.6866,75.35,off_spin_grip
RIGHT,BACK,113.25,27.53,20.37,0.3306,0.3449,0.2766,0.3995,0.6644,75.21,off_spin_grip
RIGHT,BACK,80.45,29.7,25.1,0.3119,0.3355,0.246,0.4269,0.6847,75.51,off_spin_grip
RIGHT,BACK,102.23,30.21,25.57,0.3345,0.3339,0.2803,0.3912,0.6421,75.36,off_spin_grip
RIGHT,BACK,95.34,28.72,23.3,0.3113,0.3435,0.2751,0.4003,0.6509,75.96,off_spin_grip
RIGHT,BACK,113.38,30.59,26.79,0.3585,0.3438,0.2828,0.4075,0.6678,75.71,off_spin_grip
RIGHT,BACK,82.39,29.57,23.66,0.3068,0.3477,0.2657,0.3977,0.6623,75.53,off_spin_grip
RIGHT,BACK,98.88,33.37,26.46,0.3479,0.3325,0.2529,0.4173,0.6778,75.83,off_spin_grip
RIGHT,BACK,85.81,31.5,25.98,0.3365,0.3389,0.2503,0.424,0.6824,75.9,off_spin_grip
RIGHT,BACK,110.78,32.17,28.56,0.3533,0.338,0.2812,0.4113,0.6663,76.32,off_spin_grip
RIGHT,BACK,104.82,31.51,26.52,0.353,0.3467,0.299,0.4039,0.6606,76.54,off_spin_grip
RIGHT,BACK,116.0,31.71,26.7,0.3564,0.3628,0.3112,0.3937,0.6499,76.58,off_spin_grip
RIGHT,BACK,88.41,32.58,28.92,0.3355,0.3429,0.2938,0.4018,0.6614,76.2,off_spin_grip
RIGHT,BACK,99.18,30.81,26.8,0.3555,0.3225,0.2821,0.3981,0.6635,76.61,off_spin_grip
RIGHT,BACK,96.45,27.77,23.31,0.3274,0.3428,0.2976,0.4002,0.6597,76.16,off_spin_grip
RIGHT,BACK,78.44,28.35,24.6,0.315,0.3478,0.2723,0.4004,0.6606,76.29,off_spin_grip
RIGHT,BACK,90.41,33.53,27.71,0.3581,0.3372,0.2387,0.4141,0.6846,76.33,off_spin_grip
RIGHT,BACK,105.16,29.14,24.22,0.3445,0.3393,0.2974,0.3975,0.6538,76.65,off_spin_grip
RIGHT,BACK,65.25,27.55,23.37,0.3063,0.3309,0.2544,0.4,0.6697,75.91,off_spin_grip
RIGHT,BACK,12.09,4.3,17.24,0.0927,0.3566,0.2753,0.1803,0.4052,67.26,off_spin_grip
RIGHT,BACK,13.61,5.39,20.77,0.0999,0.3042,0.2186,0.2233,0.4628,66.7,off_spin_grip
RIGHT,BACK,15.76,2.96,6.19,0.0999,0.2063,0.1952,0.3208,0.5662,67.76,off_spin_grip
RIGHT,BACK,14.22,2.43,16.05,0.0921,0.3116,0.2676,0.2196,0.454,67.44,off_spin_grip
RIGHT,BACK,15.83,6.03,21.54,0.0878,0.2444,0.1937,0.2671,0.5189,66.99,off_spin_grip
RIGHT,BACK,16.34,4.09,20.83,0.1067,0.1996,0.1352,0.332,0.5836,67.35,off_spin_grip
RIGHT,BACK,19.91,4.29,21.24,0.1171,0.2381,0.209,0.2996,0.5487,66.64,off_spin_grip
RIGHT,BACK,19.01,4.77,19.8,0.1073,0.2207,0.1708,0.312,0.5672,66.68,off_spin_grip
RIGHT,BACK,22.17,3.34,21.64,0.1146,0.2753,0.2602,0.2717,0.5052,66.74,off_spin_grip
RIGHT,BACK,15.96,4.46,19.71,0.1092,0.2491,0.1742,0.2996,0.5541,66.89,off_spin_grip
RIGHT,BACK,17.45,2.57,18.69,0.119,0.2317,0.1986,0.3183,0.57,66.85,off_spin_grip
RIGHT,BACK,18.57,7.56,24.8,0.0975,0.228,0.1656,0.3133,0.5705,66.55,off_spin_grip
RIGHT,BACK,20.28,4.13,17.91,0.1136,0.2745,0.2641,0.266,0.5161,66.87,off_spin_grip
RIGHT,BACK,64.81,68.55,71.59,0.189,0.2311,0.118,0.2699,0.5255,64.81,off_spin_grip
RIGHT,BACK,58.17,65.59,68.31,0.1526,0.2564,0.1043,0.2192,0.4873,64.43,off_spin_grip
RIGHT,BACK,63.71,68.31,71.18,0.1061,0.2044,0.1253,0.2491,0.5236,64.4,off_spin_grip
RIGHT,BACK,59.8,67.05,71.2,0.1372,0.1989,0.0812,0.2962,0.5625,64.26,off_spin_grip
RIGHT,BACK,68.16,67.72,72.18,0.1467,0.188,0.1484,0.3071,0.5649,64.94,off_spin_grip
RIGHT,BACK,76.86,67.33,72.84,0.2098,0.1875,0.2143,0.3227,0.5805,65.63,off_spin_grip
RIGHT,BACK,63.04,62.97,68.72,0.1837,0.192,0.1519,0.3118,0.5651,65.33,off_spin_grip
RIGHT,BACK,63.58,62.63,68.35,0.1427,0.1852,0.1431,0.3289,0.5923,65.45,off_spin_grip
RIGHT,BACK,57.53,64.67,69.83,0.1781,0.3012,0.1253,0.284,0.5566,64.74,off_spin_grip
RIGHT,BACK,91.04,68.76,73.88,0.2425,0.2168,0.251,0.3155,0.5821,65.1,off_spin_grip
RIGHT,BACK,47.24,53.4,54.0,0.3082,0.3728,0.0824,0.3943,0.5908,80.85,off_spin_grip
RIGHT,BACK,41.97,51.07,54.06,0.2946,0.3716,0.096,0.3808,0.5737,80.38,off_spin_grip
RIGHT,BACK,48.24,53.01,54.52,0.345,0.3991,0.0625,0.4106,0.6016,81.01,off_spin_grip
RIGHT,BACK,45.73,54.34,57.41,0.3245,0.3695,0.0589,0.3863,0.5796,81.21,off_spin_grip
RIGHT,BACK,52.59,55.17,55.98,0.3649,0.3904,0.06,0.389,0.5793,81.51,off_spin_grip
RIGHT,BACK,59.08,54.2,54.11,0.3655,0.3551,0.079,0.395,0.5799,81.49,off_spin_grip
RIGHT,BACK,68.51,55.01,53.05,0.401,0.3829,0.1024,0.4197,0.6092,81.78,off_spin_grip
RIGHT,BACK,65.04,54.68,52.53,0.4005,0.4006,0.1167,0.4191,0.6095,81.62,off_spin_grip
RIGHT,BACK,57.68,52.6,52.41,0.3854,0.4043,0.0681,0.4314,0.6266,81.24,off_spin_grip
RIGHT,BACK,50.93,53.5,53.58,0.3535,0.3988,0.0566,0.4453,0.6317,81.28,off_spin_grip
RIGHT,BACK,50.73,52.79,51.91,0.3556,0.3957,0.0479,0.4407,0.6282,81.33,off_spin_grip
RIGHT,BACK,48.62,52.91,52.54,0.3424,0.3909,0.0604,0.4264,0.615,81.85,off_spin_grip
RIGHT,BACK,47.53,52.32,52.51,0.3413,0.3925,0.0669,0.4314,0.6251,81.16,off_spin_grip
RIGHT,BACK,49.94,50.91,52.35,0.3456,0.3895,0.0549,0.43,0.6231,81.25,off_spin_grip
RIGHT,BACK,73.0,23.03,21.5,0.2442,0.2337,0.1944,0.4318,0.686,84.13,off_spin_grip
RIGHT,BACK,58.33,24.61,22.3,0.2183,0.247,0.1401,0.4294,0.6783,83.93,off_spin_grip
RIGHT,BACK,52.35,25.58,23.07,0.189,0.2288,0.1124,0.4282,0.6753,83.95,off_spin_grip
RIGHT,BACK,61.3,27.36,24.86,0.21,0.2273,0.1137,0.4397,0.6806,84.31,off_spin_grip
RIGHT,BACK,30.79,45.21,49.83,0.1815,0.2943,0.1192,0.2889,0.4482,79.8,off_spin_grip
RIGHT,BACK,29.95,41.57,46.03,0.1937,0.302,0.1356,0.2286,0.3883,79.73,off_spin_grip
RIGHT,BACK,33.05,46.57,54.73,0.2208,0.3221,0.1091,0.2927,0.4584,80.24,off_spin_grip
RIGHT,BACK,34.85,48.8,57.29,0.2228,0.3105,0.1031,0.2617,0.4322,80.25,off_spin_grip
RIGHT,BACK,36.79,48.49,56.03,0.2481,0.3322,0.093,0.2975,0.4649,80.06,off_spin_grip
RIGHT,BACK,33.75,41.97,44.34,0.2412,0.3637,0.1224,0.3179,0.4803,79.78,off_spin_grip
RIGHT,BACK,34.32,57.75,64.11,0.209,0.3174,0.12,0.2328,0.3875,78.73,off_spin_grip
RIGHT,BACK,35.69,56.33,61.73,0.2324,0.3375,0.1145,0.2514,0.4116,78.83,off_spin_grip
RIGHT,BACK,37.69,58.48,62.21,0.2438,0.3402,0.1006,0.2618,0.4203,79.13,off_spin_grip
RIGHT,BACK,37.35,57.92,62.67,0.2351,0.343,0.111,0.2697,0.4286,79.1,off_spin_grip
RIGHT,BACK,37.57,57.31,61.77,0.2545,0.3618,0.1083,0.2805,0.4402,79.26,off_spin_grip
RIGHT,BACK,37.26,59.18,64.38,0.2505,0.3426,0.1059,0.2432,0.4051,79.2,off_spin_grip
RIGHT,BACK,37.18,59.72,65.4,0.2507,0.3477,0.1068,0.2483,0.4093,79.17,off_spin_grip
RIGHT,BACK,35.42,56.92,63.05,0.214,0.3254,0.1124,0.2986,0.4592,78.52,off_spin_grip
RIGHT,BACK,37.95,59.08,63.7,0.2326,0.3132,0.1426,0.1554,0.316,79.06,off_spin_grip
RIGHT,BACK,38.5,58.69,63.15,0.2342,0.3381,0.104,0.3044,0.4623,78.58,off_spin_grip
RIGHT,BACK,35.5,57.42,63.13,0.2287,0.35,0.1222,0.2985,0.4591,78.7,off_spin_grip
RIGHT,BACK,39.92,62.45,70.19,0.2413,0.336,0.097,0.2829,0.4467,78.86,off_spin_grip
RIGHT,BACK,38.04,58.2,64.36,0.2282,0.3451,0.1169,0.3002,0.4638,78.35,off_spin_grip
RIGHT,BACK,33.61,53.49,57.3,0.2066,0.3393,0.1329,0.29,0.4472,78.5,off_spin_grip
RIGHT,BACK,34.81,58.42,65.65,0.2255,0.3438,0.1192,0.2966,0.4586,78.33,off_spin_grip
RIGHT,BACK,46.13,68.48,77.76,0.2272,0.3042,0.081,0.3015,0.4696,76.54,off_spin_grip
RIGHT,BACK,38.95,70.17,81.77,0.2458,0.3633,0.1258,0.3212,0.4743,75.91,off_spin_grip
RIGHT,BACK,39.68,70.85,82.04,0.2169,0.3343,0.1225,0.324,0.4748,75.96,off_spin_grip
RIGHT,BACK,39.58,70.33,83.81,0.2411,0.3594,0.1234,0.3234,0.4839,75.4,off_spin_grip
RIGHT,BACK,41.33,70.87,82.43,0.2409,0.3506,0.1158,0.3087,0.4646,75.81,off_spin_grip
RIGHT,BACK,41.68,71.29,83.84,0.2541,0.3609,0.1121,0.3269,0.4903,75.32,off_spin_grip
RIGHT,BACK,41.97,71.62,82.03,0.2403,0.3431,0.107,0.3228,0.4792,75.58,off_spin_grip
RIGHT,BACK,42.68,71.03,82.62,0.2369,0.3373,0.1052,0.3217,0.4815,75.12,off_spin_grip
RIGHT,BACK,21.96,60.19,63.59,0.1001,0.1678,0.0736,0.1475,0.3157,83.73,off_spin_grip
RIGHT,BACK,18.81,58.8,65.16,0.0933,0.1406,0.0586,0.1791,0.3439,83.77,off_spin_grip
RIGHT,BACK,15.99,49.66,55.49,0.096,0.1596,0.0673,0.1564,0.3272,84.24,off_spin_grip
RIGHT,BACK,19.48,58.89,65.14,0.0914,0.1318,0.0643,0.1809,0.3383,83.77,off_spin_grip
RIGHT,BACK,121.91,101.74,104.06,0.3792,0.3347,0.3011,0.155,0.3298,77.29,off_spin_grip
RIGHT,BACK,127.33,100.43,104.3,0.3989,0.3275,0.3216,0.218,0.3529,77.96,off_spin_grip
RIGHT,BACK,118.0,98.68,99.86,0.3622,0.3365,0.2883,0.1979,0.3607,77.02,off_spin_grip
RIGHT,BACK,127.66,101.85,103.57,0.4068,0.3312,0.3154,0.1962,0.3587,77.15,off_spin_grip
RIGHT,BACK,127.87,105.15,106.29,0.412,0.3312,0.311,0.133,0.3202,77.25,off_spin_grip
RIGHT,BACK,120.4,102.65,100.34,0.3718,0.3271,0.2902,0.1117,0.3288,77.03,off_spin_grip
RIGHT,BACK,122.97,107.46,105.3,0.381,0.3265,0.29,0.1187,0.3346,77.29,off_spin_grip
RIGHT,BACK,120.93,104.98,100.3,0.4093,0.3361,0.2999,0.118,0.3516,77.4,off_spin_grip
RIGHT,BACK,117.6,100.48,98.58,0.4015,0.3236,0.2958,0.1584,0.3655,77.48,off_spin_grip
RIGHT,BACK,124.75,104.8,103.15,0.4109,0.3227,0.3149,0.1449,0.3582,77.09,off_spin_grip
RIGHT,BACK,121.15,109.31,106.69,0.4199,0.3298,0.3045,0.1082,0.3355,77.3,off_spin_grip
RIGHT,BACK,124.37,108.16,106.45,0.4209,0.3341,0.3179,0.1365,0.3582,77.27,off_spin_grip
RIGHT,BACK,126.03,112.89,110.04,0.4225,0.3298,0.3218,0.1323,0.3601,77.16,off_spin_grip
RIGHT,BACK,114.54,104.02,101.23,0.3801,0.3304,0.2853,0.1229,0.3525,77.1,off_spin_grip
RIGHT,BACK,116.52,104.75,102.32,0.3897,0.3345,0.2885,0.1253,0.3572,77.27,off_spin_grip
RIGHT,BACK,117.39,100.18,101.45,0.396,0.323,0.289,0.1951,0.3843,77.08,off_spin_grip
RIGHT,BACK,116.24,99.27,98.83,0.4086,0.3283,0.2921,0.2011,0.4094,76.82,off_spin_grip
RIGHT,BACK,120.39,100.4,101.67,0.4063,0.3291,0.3058,0.2061,0.3975,76.9,off_spin_grip
RIGHT,BACK,96.6,83.01,89.32,0.3587,0.315,0.2785,0.2187,0.4152,77.2,off_spin_grip
RIGHT,BACK,94.58,83.8,87.06,0.3545,0.3165,0.2592,0.2152,0.4114,77.13,off_spin_grip
RIGHT,BACK,84.42,82.44,86.12,0.3184,0.301,0.2278,0.2131,0.4061,77.34,off_spin_grip
RIGHT,BACK,84.23,79.6,83.51,0.2956,0.2853,0.2198,0.2464,0.4352,77.28,off_spin_grip
RIGHT,BACK,86.18,79.58,84.48,0.2919,0.2806,0.2329,0.2174,0.4013,77.4,off_spin_grip
RIGHT,BACK,86.49,76.36,81.18,0.322,0.2823,0.2351,0.2142,0.4096,77.14,off_spin_grip
RIGHT,BACK,87.33,74.67,80.48,0.3163,0.2837,0.2461,0.1956,0.3871,76.58,off_spin_grip
RIGHT,BACK,85.45,74.94,81.26,0.3102,0.2794,0.242,0.2019,0.3956,76.99,off_spin_grip
RIGHT,BACK,78.33,71.12,76.78,0.2861,0.2608,0.2165,0.221,0.4128,77.17,off_spin_grip
RIGHT,BACK,75.45,71.99,76.84,0.2794,0.258,0.1975,0.2291,0.4288,77.42,off_spin_grip
RIGHT,BACK,172.34,0.95,10.7,0.4046,0.2317,0.4193,0.3389,0.5897,79.26,off_spin_grip
RIGHT,BACK,174.03,4.46,6.53,0.4139,0.2591,0.4754,0.3244,0.557,79.38,off_spin_grip
RIGHT,BACK,174.11,1.4,11.47,0.4709,0.2328,0.4552,0.3744,0.6025,80.41,off_spin_grip
RIGHT,BACK,156.73,12.85,27.31,0.4382,0.3213,0.4118,0.2779,0.5207,79.08,off_spin_grip
RIGHT,BACK,160.57,30.44,44.66,0.5119,0.3671,0.4517,0.2347,0.4383,80.22,off_spin_grip
RIGHT,BACK,161.84,33.96,47.43,0.5204,0.3832,0.4384,0.2129,0.4241,80.59,off_spin_grip
RIGHT,BACK,105.12,44.64,61.99,0.4616,0.3926,0.3592,0.1999,0.4011,80.89,off_spin_grip
RIGHT,BACK,107.49,94.73,64.37,0.1532,0.2186,0.345,0.2644,0.4649,88.62,off_spin_grip
RIGHT,BACK,103.22,94.52,64.79,0.148,0.3004,0.4044,0.2276,0.3958,88.39,off_spin_grip
RIGHT,BACK,107.48,97.81,63.65,0.1615,0.1974,0.3236,0.2836,0.4985,88.57,off_spin_grip
RIGHT,BACK,105.1,91.61,62.1,0.1507,0.2972,0.4199,0.2123,0.3975,88.84,off_spin_grip
RIGHT,BACK,2.91,0.46,18.81,0.2147,0.2235,0.249,0.2491,0.4512,82.2,off_spin_grip
RIGHT,BACK,0.22,2.63,17.8,0.2082,0.399,0.2308,0.3574,0.5429,82.05,off_spin_grip
RIGHT,BACK,4.46,4.77,14.33,0.1834,0.2041,0.1717,0.2542,0.4481,81.88,off_spin_grip
RIGHT,BACK,6.01,5.95,10.09,0.2093,0.2045,0.2381,0.2606,0.4563,82.23,off_spin_grip
RIGHT,BACK,1.92,5.14,10.55,0.1553,0.2237,0.1876,0.2446,0.4434,81.57,off_spin_grip
RIGHT,BACK,3.5,1.64,24.38,0.1839,0.2357,0.3248,0.1407,0.3174,80.37,off_spin_grip
RIGHT,BACK,31.09,29.98,60.05,0.285,0.322,0.208,0.2492,0.463,79.99,off_spin_grip
RIGHT,BACK,35.13,28.75,60.59,0.2452,0.2758,0.2035,0.2602,0.4878,79.73,off_spin_grip
RIGHT,BACK,30.9,25.67,57.21,0.2201,0.2724,0.2004,0.2523,0.4725,80.47,off_spin_grip
RIGHT,BACK,132.9,88.69,53.07,0.2869,0.2288,0.5101,0.3025,0.5198,87.56,off_spin_grip
RIGHT,BACK,53.22,29.03,28.79,0.2157,0.1629,0.2769,0.1127,0.4171,87.63,inswing
RIGHT,BACK,53.09,29.51,23.64,0.2086,0.1388,0.2746,0.1139,0.407,87.94,inswing
RIGHT,BACK,45.33,26.98,24.64,0.1783,0.1057,0.2595,0.1042,0.4034,88.0,inswing
RIGHT,BACK,43.98,25.65,25.39,0.1823,0.1133,0.2582,0.1036,0.4231,87.92,inswing
RIGHT,BACK,54.79,31.24,26.75,0.2174,0.1589,0.271,0.1174,0.4024,88.31,inswing
RIGHT,BACK,51.03,48.16,17.67,0.2476,0.1369,0.3234,0.2095,0.3943,89.18,inswing
RIGHT,BACK,87.92,34.81,46.57,0.2614,0.2288,0.3976,0.2105,0.267,86.29,inswing
RIGHT,BACK,2.77,21.78,43.17,0.1308,0.1216,0.1971,0.1887,0.3308,85.83,inswing
RIGHT,BACK,1.39,16.94,40.28,0.0941,0.1322,0.1924,0.1879,0.2994,85.81,inswing
RIGHT,BACK,1.78,15.72,36.62,0.1836,0.067,0.2176,0.1506,0.3041,85.41,inswing
RIGHT,BACK,5.58,12.87,38.15,0.2112,0.0834,0.2744,0.1976,0.262,85.56,inswing
RIGHT,BACK,2.72,16.37,41.92,0.1032,0.1536,0.1999,0.132,0.3203,86.09,inswing
RIGHT,BACK,2.48,10.65,29.19,0.1449,0.272,0.3391,0.1833,0.2728,83.88,inswing
RIGHT,BACK,4.07,9.71,30.64,0.1894,0.319,0.3597,0.196,0.2902,83.02,inswing
RIGHT,BACK,4.09,10.19,32.14,0.1629,0.1507,0.1213,0.0464,0.3292,83.57,inswing
RIGHT,BACK,4.58,8.4,26.61,0.1196,0.2737,0.324,0.1767,0.2862,83.54,inswing
RIGHT,BACK,2.47,13.96,39.58,0.1804,0.0641,0.1523,0.1208,0.2641,83.32,inswing
RIGHT,BACK,1.21,14.17,41.49,0.1551,0.0717,0.1779,0.1443,0.2025,82.72,inswing
RIGHT,BACK,5.11,14.76,32.94,0.1145,0.0485,0.1356,0.146,0.2054,82.86,inswing
RIGHT,BACK,8.28,18.91,38.89,0.0844,0.088,0.1681,0.1182,0.1812,82.14,inswing
RIGHT,BACK,11.55,26.19,47.79,0.0684,0.0997,0.1459,0.1336,0.1537,83.99,inswing
RIGHT,BACK,9.68,25.98,46.66,0.0612,0.1033,0.1432,0.1272,0.1457,83.84,inswing
RIGHT,BACK,7.95,24.32,46.43,0.0979,0.0669,0.1276,0.1221,0.1694,84.51,inswing
RIGHT,BACK,9.74,26.21,47.98,0.0687,0.1135,0.1515,0.1545,0.155,83.66,inswing
RIGHT,BACK,10.82,26.43,49.19,0.0534,0.1815,0.175,0.1175,0.1568,82.89,inswing
RIGHT,BACK,8.27,23.8,49.43,0.0675,0.1378,0.1603,0.1204,0.1686,82.76,inswing
RIGHT,BACK,22.52,1.32,18.34,0.1304,0.206,0.3023,0.1699,0.3154,82.84,inswing
RIGHT,BACK,3.85,14.95,35.48,0.0571,0.1006,0.1258,0.1183,0.2121,89.84,inswing
RIGHT,BACK,3.7,14.01,34.53,0.1039,0.1016,0.1313,0.1262,0.1985,89.7,inswing
RIGHT,BACK,2.15,15.74,36.9,0.119,0.1904,0.2956,0.1816,0.2484,89.37,inswing
RIGHT,BACK,2.55,15.29,32.41,0.0795,0.2193,0.2962,0.1833,0.2165,89.56,inswing
RIGHT,BACK,107.19,0.18,15.63,0.3528,0.1312,0.3675,0.1816,0.3413,68.22,inswing
RIGHT,BACK,65.95,6.87,10.91,0.2435,0.0981,0.272,0.1381,0.2997,67.26,inswing
RIGHT,BACK,89.45,3.01,19.5,0.3773,0.1536,0.3583,0.1651,0.2601,68.35,inswing
RIGHT,BACK,121.22,1.2,17.74,0.4678,0.188,0.3864,0.155,0.3321,68.24,inswing
RIGHT,BACK,55.17,1.53,18.44,0.3034,0.1592,0.3101,0.1723,0.3332,68.51,inswing
RIGHT,BACK,168.91,36.36,27.13,0.3006,0.2707,0.4156,0.3122,0.3834,74.48,inswing
RIGHT,BACK,172.43,74.38,28.82,0.3508,0.2469,0.4445,0.3171,0.3611,74.9,inswing
RIGHT,BACK,150.13,15.17,29.58,0.3761,0.2399,0.3888,0.2488,0.4041,75.45,inswing
RIGHT,BACK,47.16,9.17,26.4,0.3394,0.1897,0.3479,0.1839,0.387,75.79,inswing
RIGHT,BACK,27.3,8.82,22.17,0.3422,0.1977,0.3356,0.194,0.3993,75.75,inswing
RIGHT,BACK,149.67,120.57,4.14,0.5509,0.2038,0.3479,0.2717,0.621,72.04,inswing
RIGHT,BACK,146.44,30.51,1.36,0.5992,0.2351,0.4579,0.1835,0.4387,72.48,inswing
RIGHT,BACK,157.06,143.08,7.68,0.511,0.069,0.5554,0.3339,0.4097,68.28,inswing
RIGHT,BACK,142.51,58.35,0.38,0.5193,0.114,0.484,0.2469,0.4086,70.75,inswing
RIGHT,BACK,147.45,98.41,3.07,0.5401,0.2138,0.5023,0.299,0.4544,70.26,inswing
RIGHT,BACK,156.67,151.35,0.88,0.5173,0.0723,0.4483,0.3431,0.4545,71.26,inswing
RIGHT,BACK,64.25,53.34,64.73,0.1992,0.1548,0.3404,0.2712,0.415,85.56,inswing
RIGHT,BACK,43.48,56.56,58.69,0.1754,0.1582,0.3118,0.3534,0.4223,85.44,inswing
RIGHT,BACK,53.71,57.77,59.4,0.1997,0.1355,0.3138,0.3023,0.4125,85.5,inswing
RIGHT,BACK,111.68,67.97,62.56,0.2835,0.1364,0.4153,0.3464,0.426,83.12,inswing
RIGHT,BACK,98.97,57.63,62.85,0.2631,0.1623,0.4167,0.3322,0.4028,82.89,inswing
RIGHT,BACK,81.75,54.77,63.56,0.2456,0.1498,0.3865,0.3136,0.4178,83.16,inswing
RIGHT,BACK,128.64,58.36,60.0,0.3006,0.1687,0.4558,0.3332,0.4169,83.14,inswing
RIGHT,BACK,108.89,101.74,26.86,0.3314,0.1113,0.3661,0.2914,0.5388,75.68,inswing
RIGHT,BACK,109.98,99.19,28.13,0.3402,0.0986,0.3674,0.2859,0.5388,75.4,inswing
RIGHT,BACK,109.94,98.41,27.71,0.3433,0.0936,0.3761,0.2864,0.5433,75.19,inswing
RIGHT,BACK,114.83,98.59,29.11,0.3901,0.1057,0.3975,0.2838,0.5556,75.45,inswing
RIGHT,BACK,114.29,101.0,29.48,0.3827,0.1021,0.39,0.2821,0.5597,75.73,inswing
RIGHT,BACK,118.67,111.77,29.48,0.3813,0.1054,0.4178,0.3227,0.5497,75.13,inswing
RIGHT,BACK,115.92,105.32,28.27,0.3699,0.1029,0.4032,0.306,0.5328,75.76,inswing
RIGHT,BACK,116.35,111.42,27.47,0.3641,0.0922,0.3972,0.3155,0.542,75.64,inswing
RIGHT,BACK,112.68,101.24,28.83,0.3457,0.0935,0.3833,0.2863,0.5457,75.36,inswing
RIGHT,BACK,114.31,106.4,27.95,0.3657,0.0995,0.3872,0.2988,0.5383,75.59,inswing
RIGHT,BACK,115.34,108.14,28.3,0.3656,0.1024,0.4074,0.3134,0.5382,75.39,inswing
RIGHT,BACK,119.17,112.15,28.97,0.3936,0.114,0.4076,0.3095,0.5457,75.34,inswing
RIGHT,BACK,112.97,92.9,28.56,0.3626,0.1041,0.386,0.2643,0.5464,75.62,inswing
RIGHT,BACK,133.09,118.4,35.86,0.4048,0.1954,0.5829,0.4661,0.5209,60.65,inswing
RIGHT,BACK,127.85,120.29,38.77,0.3509,0.1064,0.4573,0.3879,0.5601,62.33,inswing
RIGHT,BACK,147.74,141.48,21.19,0.4581,0.3022,0.6953,0.5601,0.639,64.62,inswing
RIGHT,BACK,146.98,140.29,22.22,0.445,0.2744,0.6495,0.5294,0.6453,65.64,inswing
RIGHT,BACK,152.9,146.89,16.45,0.658,0.2143,0.6061,0.439,0.5471,80.5,inswing
RIGHT,BACK,154.43,151.42,16.01,0.6849,0.2228,0.6183,0.4783,0.5557,79.93,inswing
RIGHT,BACK,158.69,148.84,17.19,0.7322,0.1868,0.7119,0.4971,0.5708,77.65,inswing
RIGHT,BACK,155.49,158.25,0.11,0.6208,0.1467,0.5626,0.5026,0.6564,77.99,inswing
RIGHT,BACK,145.31,149.39,0.3,0.4657,0.1498,0.4671,0.4431,0.5835,83.87,inswing
RIGHT,BACK,145.27,136.7,4.02,0.4584,0.1208,0.3802,0.3259,0.6309,83.59,inswing
RIGHT,BACK,146.84,146.06,0.99,0.4979,0.1213,0.4558,0.4298,0.5703,83.44,inswing
RIGHT,BACK,147.5,151.95,2.69,0.48,0.1172,0.4609,0.4408,0.5944,82.96,inswing
RIGHT,BACK,145.81,149.56,3.88,0.4688,0.1214,0.4731,0.4447,0.5794,83.14,inswing
RIGHT,BACK,143.51,145.54,5.8,0.4844,0.1126,0.4631,0.4256,0.5984,82.66,inswing
RIGHT,BACK,139.42,132.22,7.05,0.4314,0.1102,0.4384,0.391,0.6087,82.49,inswing
RIGHT,BACK,142.89,138.2,4.31,0.477,0.1041,0.4375,0.3957,0.6093,82.97,inswing
RIGHT,BACK,144.14,140.67,4.15,0.5066,0.1451,0.3867,0.3643,0.6338,83.21,inswing
RIGHT,BACK,142.26,137.53,4.63,0.4801,0.1245,0.4036,0.3851,0.6106,82.84,inswing
RIGHT,BACK,135.26,125.16,6.98,0.4471,0.133,0.3688,0.3629,0.6161,82.39,inswing
RIGHT,BACK,142.68,141.8,7.44,0.4338,0.1367,0.4118,0.41,0.6316,82.19,inswing
RIGHT,BACK,145.39,145.62,6.54,0.4863,0.1222,0.427,0.4079,0.6157,82.43,inswing
RIGHT,BACK,147.29,151.82,7.85,0.5106,0.1693,0.3606,0.3753,0.6689,82.1,inswing
RIGHT,BACK,146.25,145.91,7.92,0.5177,0.1267,0.4152,0.4202,0.6036,82.28,inswing
RIGHT,BACK,151.72,152.21,6.28,0.5282,0.1539,0.3924,0.3804,0.6585,82.28,inswing
RIGHT,BACK,155.6,159.7,2.79,0.5564,0.1722,0.4258,0.4173,0.6588,82.44,inswing
RIGHT,BACK,156.3,158.0,4.93,0.6201,0.1869,0.4582,0.4347,0.6496,82.19,inswing
RIGHT,BACK,158.92,161.14,5.95,0.6244,0.1477,0.5172,0.4789,0.6304,82.14,inswing
RIGHT,BACK,156.52,154.88,7.57,0.586,0.1366,0.4893,0.4428,0.6192,82.16,inswing
RIGHT,BACK,155.78,156.27,4.84,0.5924,0.1493,0.4802,0.449,0.6105,82.31,inswing
RIGHT,BACK,154.0,159.53,6.16,0.602,0.1508,0.4857,0.4733,0.6258,82.0,inswing
RIGHT,BACK,153.06,160.26,6.78,0.5907,0.1659,0.4516,0.4385,0.6438,82.18,inswing
RIGHT,BACK,152.62,159.03,8.14,0.589,0.2049,0.4033,0.4062,0.6914,82.11,inswing
RIGHT,BACK,150.91,155.62,7.9,0.5833,0.1833,0.4198,0.4212,0.6621,82.04,inswing
RIGHT,BACK,178.46,148.31,34.11,0.3209,0.1824,0.446,0.4245,0.3857,89.78,inswing
RIGHT,BACK,174.89,133.41,30.34,0.2428,0.2106,0.3796,0.3725,0.4488,89.36,inswing
RIGHT,BACK,171.61,147.22,31.07,0.2813,0.1963,0.3992,0.3902,0.4605,89.58,inswing
RIGHT,BACK,177.17,136.25,33.58,0.2008,0.1957,0.316,0.3258,0.4499,89.65,inswing
RIGHT,BACK,177.43,155.67,33.77,0.2547,0.2177,0.374,0.3748,0.4418,89.26,inswing
RIGHT,BACK,179.19,158.23,33.25,0.2564,0.1915,0.3661,0.3683,0.4486,89.34,inswing
RIGHT,BACK,177.3,161.65,36.83,0.3003,0.1324,0.3624,0.3601,0.4511,89.42,inswing
RIGHT,BACK,173.87,165.62,38.21,0.3021,0.2017,0.4534,0.4694,0.3807,89.76,inswing
RIGHT,BACK,177.28,160.99,36.38,0.3605,0.1045,0.3557,0.359,0.464,89.96,inswing
RIGHT,BACK,176.97,167.1,39.01,0.3564,0.1422,0.4541,0.4724,0.3987,89.58,inswing
RIGHT,BACK,179.91,163.77,49.27,0.3796,0.0992,0.4757,0.4829,0.2971,89.6,inswing
RIGHT,BACK,179.79,162.93,58.1,0.3639,0.1572,0.4863,0.4861,0.2536,89.97,inswing
RIGHT,BACK,177.38,166.39,72.65,0.3515,0.1317,0.4646,0.4902,0.2405,89.8,inswing
RIGHT,BACK,175.33,169.41,38.58,0.4677,0.0975,0.3705,0.3581,0.4778,89.62,inswing
RIGHT,BACK,12.42,1.31,12.04,0.1309,0.147,0.0728,0.1467,0.3453,88.53,inswing
RIGHT,BACK,9.31,1.95,13.51,0.1273,0.1984,0.1348,0.1272,0.2949,88.73,inswing
RIGHT,BACK,14.25,0.01,15.43,0.1216,0.2421,0.2923,0.1479,0.3328,88.66,inswing
RIGHT,BACK,15.17,1.19,14.4,0.1248,0.2051,0.2754,0.146,0.276,88.63,inswing
RIGHT,BACK,19.28,0.6,15.67,0.132,0.2528,0.2798,0.1356,0.305,88.84,inswing
RIGHT,BACK,15.06,2.29,20.7,0.1367,0.2549,0.2773,0.1511,0.3585,88.51,inswing
RIGHT,BACK,17.15,0.41,15.21,0.1442,0.2458,0.2716,0.1407,0.3689,88.35,inswing
RIGHT,BACK,20.77,1.0,16.31,0.1563,0.2419,0.2787,0.1426,0.3425,88.81,inswing
RIGHT,BACK,19.63,1.69,16.93,0.1336,0.2361,0.2705,0.1436,0.3301,89.01,inswing
RIGHT,BACK,3.5,16.43,35.77,0.0599,0.356,0.3468,0.1784,0.315,88.77,inswing
RIGHT,BACK,178.27,11.97,32.04,0.562,0.1015,0.6539,0.1152,0.3117,89.79,inswing
RIGHT,BACK,5.69,10.62,28.1,0.1158,0.0546,0.0766,0.0908,0.2265,88.44,inswing
RIGHT,BACK,2.75,14.82,36.16,0.2002,0.0578,0.1901,0.1191,0.183,88.61,inswing
RIGHT,BACK,0.54,18.72,43.8,0.3388,0.0649,0.283,0.1264,0.1781,88.61,inswing
RIGHT,BACK,5.98,12.79,34.47,0.1385,0.0885,0.1701,0.0925,0.2785,88.5,inswing
RIGHT,BACK,8.44,14.46,35.58,0.1845,0.0844,0.2189,0.1169,0.2271,88.45,inswing
RIGHT,BACK,1.58,14.4,35.32,0.2031,0.0497,0.1864,0.0865,0.2555,88.33,inswing
RIGHT,BACK,2.04,15.67,36.78,0.2703,0.0569,0.2257,0.0861,0.2499,88.51,inswing
RIGHT,BACK,2.39,14.17,33.01,0.281,0.0909,0.1908,0.069,0.3039,88.7,inswing
RIGHT,BACK,2.22,16.24,34.18,0.2324,0.0343,0.1982,0.0803,0.2322,88.93,inswing
RIGHT,BACK,0.61,13.1,32.04,0.1812,0.0625,0.1401,0.0661,0.3216,89.33,inswing
RIGHT,BACK,0.52,12.45,32.41,0.1146,0.0387,0.1393,0.0733,0.3088,89.82,inswing
RIGHT,BACK,0.8,13.13,31.98,0.281,0.1061,0.3183,0.0615,0.3651,89.56,inswing
RIGHT,BACK,20.37,29.26,41.47,0.0622,0.1681,0.23,0.3164,0.3981,85.89,inswing
RIGHT,BACK,4.01,11.27,32.22,0.0549,0.1161,0.1647,0.1535,0.2861,87.34,inswing
RIGHT,BACK,1.96,13.62,32.68,0.0761,0.1007,0.1636,0.1373,0.2293,86.48,inswing
RIGHT,BACK,2.09,15.2,37.4,0.0379,0.1192,0.1533,0.1346,0.2387,85.75,inswing
RIGHT,BACK,2.88,16.27,37.28,0.0538,0.0971,0.1509,0.1376,0.2276,85.85,inswing
RIGHT,BACK,4.35,18.23,37.2,0.0564,0.0984,0.1531,0.1321,0.2,85.7,inswing
RIGHT,BACK,2.94,16.77,37.7,0.0321,0.1479,0.1439,0.1201,0.2167,85.65,inswing
RIGHT,BACK,2.69,16.21,37.91,0.0294,0.1085,0.1364,0.1252,0.2153,85.51,inswing
RIGHT,BACK,1.54,15.62,37.95,0.0527,0.1142,0.1612,0.1342,0.2295,85.53,inswing
RIGHT,BACK,1.53,16.03,37.59,0.0599,0.2143,0.2742,0.2595,0.1869,85.66,inswing
RIGHT,BACK,1.57,16.85,37.26,0.0723,0.1014,0.1728,0.1392,0.2091,85.64,inswing
RIGHT,BACK,2.9,18.01,38.06,0.037,0.1325,0.1685,0.13,0.2278,85.91,inswing
RIGHT,BACK,1.88,18.93,41.5,0.0955,0.0784,0.1705,0.1367,0.211,85.49,inswing
RIGHT,BACK,4.76,20.58,41.34,0.0651,0.1951,0.2483,0.2251,0.1751,84.96,inswing
RIGHT,BACK,3.73,19.13,40.16,0.0749,0.0746,0.1439,0.118,0.2059,84.48,inswing
RIGHT,BACK,5.75,20.5,41.46,0.0541,0.1,0.1442,0.1095,0.2145,84.95,inswing
RIGHT,BACK,4.5,19.74,40.46,0.027,0.146,0.1709,0.1529,0.2055,85.46,inswing
RIGHT,BACK,4.96,18.61,38.35,0.0416,0.117,0.1479,0.1251,0.2191,85.53,inswing
RIGHT,BACK,5.5,18.2,40.49,0.0682,0.1223,0.1686,0.1428,0.2106,85.38,inswing
RIGHT,BACK,6.59,20.33,40.96,0.0839,0.0673,0.1385,0.1073,0.2,85.24,inswing
RIGHT,BACK,7.55,21.83,40.52,0.095,0.0799,0.1564,0.133,0.1826,84.98,inswing
RIGHT,BACK,6.69,20.86,41.66,0.0994,0.0575,0.1477,0.1195,0.1968,84.76,inswing
RIGHT,BACK,7.36,20.54,38.51,0.1001,0.0527,0.1439,0.114,0.1904,84.94,inswing
RIGHT,BACK,4.94,19.47,39.08,0.0642,0.0628,0.127,0.108,0.1937,85.94,inswing
RIGHT,BACK,4.31,19.05,39.21,0.0969,0.065,0.1485,0.1287,0.2127,85.68,inswing
RIGHT,BACK,5.98,20.91,39.76,0.0722,0.1428,0.1416,0.1097,0.1992,86.12,inswing
RIGHT,BACK,5.33,19.38,38.67,0.0819,0.1184,0.1684,0.1459,0.2065,85.8,inswing
RIGHT,BACK,5.78,21.15,41.51,0.0823,0.1167,0.1606,0.1339,0.2018,86.03,inswing
RIGHT,BACK,6.08,21.7,41.66,0.0712,0.1448,0.1726,0.1462,0.1928,85.65,inswing
RIGHT,BACK,8.07,21.78,43.22,0.0712,0.1712,0.1838,0.1451,0.1971,85.79,inswing
RIGHT,BACK,5.22,20.75,42.28,0.0751,0.1857,0.1608,0.1354,0.2059,85.63,inswing
RIGHT,BACK,2.43,18.66,43.26,0.0869,0.1268,0.2029,0.1715,0.2124,85.45,inswing
RIGHT,BACK,2.7,19.04,42.03,0.116,0.0592,0.1722,0.1277,0.2307,85.46,inswing
RIGHT,BACK,4.21,18.99,40.55,0.0719,0.1014,0.151,0.1184,0.214,85.77,inswing
RIGHT,BACK,5.11,19.56,41.27,0.1304,0.1241,0.1615,0.1281,0.2171,86.03,inswing
RIGHT,BACK,4.81,19.38,40.66,0.1188,0.1036,0.1421,0.1127,0.219,86.26,inswing
RIGHT,BACK,4.87,18.99,39.28,0.1064,0.1151,0.1414,0.1232,0.224,86.81,inswing
RIGHT,BACK,2.74,18.55,46.91,0.1147,0.1117,0.184,0.1706,0.1981,87.96,inswing
RIGHT,BACK,1.56,15.24,50.92,0.1821,0.1038,0.1545,0.1036,0.2638,87.92,inswing
RIGHT,BACK,2.02,12.74,50.37,0.1568,0.1047,0.1889,0.1389,0.2614,88.16,inswing
RIGHT,BACK,0.47,13.26,46.21,0.1482,0.0344,0.1633,0.1433,0.2548,87.83,inswing
RIGHT,BACK,2.46,14.61,49.5,0.1286,0.124,0.1937,0.1553,0.2532,87.71,inswing
RIGHT,BACK,2.44,15.56,45.04,0.1246,0.1129,0.1808,0.1523,0.2314,88.36,inswing
RIGHT,BACK,0.42,14.92,45.11,0.1229,0.1032,0.1515,0.1192,0.246,88.5,inswing
RIGHT,BACK,1.73,11.89,30.68,0.1526,0.1636,0.1782,0.1043,0.2516,89.21,inswing
RIGHT,BACK,0.53,14.62,36.54,0.1636,0.1802,0.2363,0.1846,0.2158,88.79,inswing
RIGHT,BACK,2.13,14.3,31.71,0.1177,0.1497,0.1747,0.1105,0.2476,89.13,inswing
RIGHT,BACK,1.19,13.83,37.61,0.1289,0.1088,0.1568,0.1001,0.2587,88.87,inswing
RIGHT,BACK,1.17,14.69,42.16,0.1303,0.1198,0.1611,0.1163,0.2506,88.66,inswing
RIGHT,BACK,0.31,14.06,33.62,0.1387,0.1425,0.179,0.1138,0.263,88.8,inswing
RIGHT,BACK,2.54,11.9,34.42,0.1312,0.173,0.1679,0.127,0.2523,88.89,inswing
RIGHT,BACK,3.68,12.88,31.95,0.1806,0.1405,0.1971,0.1355,0.2533,89.04,inswing
RIGHT,BACK,2.41,14.7,38.43,0.0978,0.1112,0.1504,0.1123,0.253,88.44,inswing
RIGHT,BACK,3.33,11.41,39.46,0.0802,0.0649,0.1443,0.1143,0.2374,88.89,inswing
RIGHT,BACK,4.16,11.6,31.76,0.0949,0.1997,0.1507,0.089,0.2398,89.77,inswing
RIGHT,BACK,140.79,71.54,76.41,0.4013,0.1469,0.5384,0.303,0.3845,76.62,inswing
RIGHT,BACK,139.99,79.08,77.97,0.3762,0.1673,0.5258,0.3189,0.3552,77.19,inswing
RIGHT,BACK,138.47,85.79,70.28,0.3556,0.1675,0.5091,0.3837,0.3639,77.05,inswing
RIGHT,BACK,125.52,84.17,75.34,0.3395,0.1395,0.4715,0.3616,0.3516,76.97,inswing
RIGHT,BACK,133.19,87.9,75.66,0.3528,0.1529,0.4869,0.3674,0.3259,77.35,inswing
RIGHT,BACK,125.09,73.27,75.19,0.3474,0.123,0.4688,0.2798,0.3666,77.55,inswing
RIGHT,BACK,136.54,81.09,73.55,0.3602,0.134,0.4896,0.3474,0.3666,76.9,inswing
RIGHT,BACK,123.39,74.99,77.07,0.3466,0.118,0.4575,0.2799,0.3614,77.06,inswing
RIGHT,BACK,81.51,55.0,67.57,0.2499,0.1731,0.4172,0.363,0.3899,81.32,inswing
RIGHT,BACK,121.51,109.1,86.73,0.2949,0.1894,0.4771,0.5113,0.3059,78.59,inswing
RIGHT,BACK,111.82,102.21,81.58,0.2783,0.1851,0.4507,0.4762,0.2849,77.35,inswing
RIGHT,BACK,107.95,96.28,75.18,0.272,0.1049,0.3358,0.3331,0.3238,77.7,inswing
RIGHT,BACK,96.97,90.1,76.11,0.2551,0.0891,0.3166,0.3213,0.3308,77.0,inswing
RIGHT,BACK,103.03,92.48,75.58,0.2539,0.1849,0.4339,0.4372,0.3095,77.72,inswing
RIGHT,BACK,57.44,26.61,15.72,0.2155,0.0908,0.1697,0.0716,0.5031,79.41,inswing
RIGHT,BACK,58.4,27.79,20.61,0.2695,0.128,0.2028,0.0782,0.5044,80.0,inswing
RIGHT,BACK,36.89,24.54,20.31,0.176,0.1122,0.1394,0.0328,0.5351,80.28,inswing
RIGHT,BACK,44.2,34.6,14.75,0.1732,0.0904,0.1125,0.1232,0.4993,79.33,inswing
RIGHT,BACK,62.64,63.06,15.32,0.1864,0.0652,0.1212,0.2317,0.539,78.91,inswing
RIGHT,BACK,84.27,61.92,16.26,0.253,0.0798,0.2358,0.199,0.504,79.61,inswing
RIGHT,BACK,44.1,19.18,13.71,0.1719,0.096,0.1634,0.0141,0.5179,80.66,inswing
RIGHT,BACK,50.11,24.0,13.64,0.1437,0.0421,0.1787,0.0641,0.4744,80.07,inswing
RIGHT,BACK,62.83,41.9,14.09,0.1723,0.051,0.2133,0.1484,0.4896,79.76,inswing
RIGHT,BACK,43.49,22.29,11.78,0.1436,0.0339,0.1619,0.0427,0.477,79.21,inswing
RIGHT,BACK,48.71,26.82,17.79,0.1192,0.0566,0.1606,0.0406,0.5114,79.82,inswing
RIGHT,BACK,65.25,29.37,25.83,0.2172,0.115,0.1593,0.0636,0.5437,79.99,inswing
RIGHT,BACK,49.91,23.91,22.62,0.1519,0.0923,0.1386,0.0357,0.5367,80.13,inswing
RIGHT,BACK,45.37,25.4,16.94,0.1024,0.0811,0.1808,0.0471,0.4645,79.68,inswing
RIGHT,BACK,40.39,20.92,16.12,0.1389,0.0244,0.1165,0.0401,0.5126,79.98,inswing
RIGHT,BACK,44.27,22.39,16.7,0.1443,0.0108,0.151,0.027,0.4993,80.2,inswing
RIGHT,BACK,40.46,18.45,15.32,0.1427,0.0284,0.1567,0.0126,0.4825,80.53,inswing
RIGHT,BACK,39.59,17.72,11.68,0.1534,0.0436,0.1168,0.0187,0.4629,79.97,inswing
RIGHT,BACK,58.83,47.92,14.09,0.1331,0.0408,0.1725,0.1989,0.4595,79.7,inswing
RIGHT,BACK,46.18,25.83,12.56,0.1165,0.06,0.1764,0.0655,0.4632,80.13,inswing
RIGHT,BACK,42.04,19.59,13.9,0.1363,0.0454,0.1005,0.0496,0.4867,80.29,inswing
RIGHT,BACK,10.35,8.96,30.26,0.1729,0.1043,0.2653,0.3198,0.2301,84.18,inswing
RIGHT,BACK,0.57,10.66,31.98,0.1928,0.0992,0.2779,0.2772,0.2163,84.4,inswing
RIGHT,BACK,81.45,7.84,32.31,0.2839,0.1087,0.3925,0.4463,0.2304,84.46,inswing
RIGHT,BACK,151.77,1.93,35.92,0.3428,0.1493,0.4674,0.3831,0.2256,85.03,inswing
RIGHT,BACK,54.27,16.77,43.19,0.285,0.129,0.3883,0.3015,0.2405,85.41,inswing
RIGHT,BACK,119.58,89.15,82.65,0.3001,0.1767,0.4671,0.4369,0.3275,88.3,inswing
RIGHT,BACK,120.14,89.38,74.68,0.3267,0.1484,0.4681,0.4237,0.3063,87.7,inswing
RIGHT,BACK,155.3,114.8,74.73,0.4705,0.1316,0.5996,0.5228,0.3171,87.41,inswing
RIGHT,BACK,157.37,114.75,75.42,0.4704,0.1638,0.6296,0.5384,0.324,87.44,inswing
RIGHT,BACK,147.82,100.68,80.24,0.4551,0.1414,0.5807,0.4753,0.2895,88.27,inswing
RIGHT,BACK,128.42,117.73,115.83,0.3395,0.1776,0.4541,0.4605,0.297,87.04,inswing
RIGHT,BACK,123.68,112.28,108.94,0.3374,0.1498,0.4427,0.441,0.2946,87.18,inswing
RIGHT,BACK,129.3,115.74,101.9,0.3379,0.156,0.4767,0.476,0.3101,87.07,inswing
RIGHT,BACK,125.57,108.68,103.04,0.3192,0.1554,0.4656,0.4634,0.3399,88.28,inswing
RIGHT,BACK,133.71,110.28,108.17,0.3758,0.1584,0.5039,0.4716,0.3411,88.5,inswing
RIGHT,BACK,135.49,117.17,105.52,0.3963,0.1757,0.5474,0.545,0.3122,89.54,inswing
RIGHT,BACK,138.2,117.24,101.98,0.3966,0.1788,0.5579,0.5502,0.2943,88.9,inswing
RIGHT,BACK,142.13,120.66,104.65,0.4269,0.1772,0.5843,0.5794,0.3306,88.85,inswing
RIGHT,BACK,139.28,120.8,111.8,0.4131,0.1725,0.5669,0.5694,0.3552,88.96,inswing
RIGHT,BACK,135.2,116.11,102.75,0.3958,0.1787,0.5514,0.5515,0.3125,88.27,inswing
RIGHT,BACK,140.53,116.85,103.63,0.4345,0.1737,0.5746,0.5528,0.3202,88.5,inswing
RIGHT,BACK,141.2,118.7,100.86,0.4151,0.1857,0.5754,0.564,0.3206,87.7,inswing
RIGHT,BACK,2.91,18.62,37.37,0.2057,0.2214,0.3289,0.2171,0.2672,87.69,inswing
RIGHT,BACK,8.35,21.88,43.16,0.2318,0.2039,0.3286,0.1877,0.2948,87.97,inswing
RIGHT,BACK,22.04,30.17,54.22,0.2407,0.2054,0.3337,0.198,0.3203,88.0,inswing
RIGHT,BACK,2.97,22.88,51.26,0.1337,0.1954,0.1982,0.1043,0.3055,88.16,inswing
RIGHT,BACK,4.81,22.06,51.05,0.1325,0.2057,0.1946,0.0943,0.3296,87.91,inswing
RIGHT,BACK,8.24,22.64,43.48,0.1217,0.2011,0.2124,0.0896,0.3025,87.77,inswing
RIGHT,BACK,92.3,25.78,44.47,0.2813,0.2059,0.4109,0.1861,0.2482,87.82,inswing
RIGHT,BACK,33.3,21.11,40.89,0.266,0.1594,0.3438,0.1596,0.2146,87.64,inswing
RIGHT,BACK,30.24,34.41,17.73,0.2201,0.2748,0.2911,0.5349,0.2679,81.44,inswing
RIGHT,BACK,10.55,7.14,29.85,0.1571,0.2575,0.314,0.1742,0.3482,85.77,inswing
RIGHT,BACK,11.83,4.69,27.44,0.1257,0.2933,0.3257,0.1796,0.3434,85.46,inswing
RIGHT,BACK,7.96,7.84,30.95,0.0933,0.0296,0.1227,0.102,0.2558,85.36,inswing
RIGHT,BACK,154.35,25.8,38.76,0.3791,0.1065,0.4573,0.2917,0.3011,89.13,inswing
RIGHT,BACK,120.99,28.02,35.71,0.2561,0.1038,0.312,0.2193,0.3187,88.14,inswing
RIGHT,BACK,124.14,164.8,32.11,0.2827,0.109,0.2641,0.2926,0.3796,87.42,inswing
RIGHT,BACK,142.36,163.01,31.86,0.3571,0.0821,0.2752,0.2891,0.4018,87.27,inswing
RIGHT,BACK,94.54,1.11,25.05,0.3387,0.096,0.2458,0.2249,0.4006,86.77,inswing
RIGHT,BACK,31.4,170.31,20.25,0.2795,0.0679,0.2117,0.6246,0.3945,85.57,inswing
RIGHT,BACK,33.95,162.5,28.76,0.2955,0.0623,0.2355,0.4225,0.3856,85.61,inswing
RIGHT,BACK,26.48,129.07,24.52,0.288,0.0871,0.2098,0.2844,0.4146,85.13,inswing
RIGHT,BACK,39.2,166.18,21.01,0.2924,0.0838,0.2091,0.6322,0.4392,84.79,inswing
RIGHT,BACK,61.98,168.67,20.35,0.2995,0.0715,0.2281,0.7489,0.4741,84.62,inswing
RIGHT,BACK,120.73,166.86,18.88,0.3468,0.0971,0.2525,0.6516,0.4863,84.5,inswing
RIGHT,BACK,85.73,158.64,14.26,0.3176,0.0903,0.2414,0.4459,0.4619,84.53,inswing
RIGHT,BACK,117.94,151.69,14.76,0.3632,0.0936,0.2706,0.3672,0.4412,84.22,inswing
RIGHT,BACK,109.48,112.07,13.08,0.3667,0.1088,0.2634,0.2216,0.4642,84.67,inswing
RIGHT,BACK,135.42,125.97,15.23,0.4249,0.1373,0.2906,0.2178,0.4908,85.24,inswing
RIGHT,BACK,139.76,156.2,12.93,0.395,0.0665,0.3347,0.2872,0.5242,84.03,inswing
RIGHT,BACK,121.93,149.71,15.01,0.3642,0.0475,0.3168,0.2941,0.5578,83.5,inswing
RIGHT,BACK,132.74,135.74,11.84,0.3933,0.1092,0.2869,0.2527,0.4908,84.35,inswing
RIGHT,BACK,134.24,135.97,11.59,0.4024,0.1151,0.2877,0.2524,0.49,84.26,inswing
RIGHT,BACK,125.43,155.82,14.37,0.3621,0.0401,0.3234,0.3213,0.5656,83.39,inswing
RIGHT,BACK,119.41,122.54,13.31,0.3842,0.1093,0.2757,0.2085,0.4886,84.17,inswing
RIGHT,BACK,122.44,128.37,13.29,0.3883,0.0995,0.2888,0.225,0.4757,84.19,inswing
RIGHT,BACK,133.04,141.84,13.71,0.4027,0.0968,0.3074,0.2485,0.471,84.1,inswing
RIGHT,BACK,131.97,130.81,11.54,0.4032,0.098,0.3055,0.217,0.4993,84.53,inswing
RIGHT,BACK,128.64,144.01,14.06,0.3943,0.0569,0.3374,0.2596,0.4953,83.69,inswing
RIGHT,BACK,142.01,146.53,13.13,0.431,0.0939,0.3381,0.2668,0.4594,83.86,inswing
RIGHT,BACK,132.75,148.67,12.44,0.4113,0.1006,0.3161,0.2761,0.4794,83.97,inswing
RIGHT,BACK,115.07,125.39,12.34,0.3774,0.096,0.2828,0.2362,0.477,84.19,inswing
RIGHT,BACK,119.87,123.58,11.22,0.387,0.1069,0.2832,0.2319,0.4756,84.5,inswing
RIGHT,BACK,120.46,143.26,13.49,0.376,0.1076,0.2716,0.2583,0.4609,84.74,inswing
RIGHT,BACK,163.41,119.6,66.06,0.3393,0.1092,0.4042,0.384,0.3748,80.3,inswing
RIGHT,BACK,163.65,117.73,64.23,0.3746,0.0891,0.4019,0.3598,0.3837,80.63,inswing
RIGHT,BACK,166.74,125.36,64.37,0.3965,0.1053,0.4708,0.439,0.4043,79.9,inswing
RIGHT,BACK,165.11,124.32,64.91,0.4129,0.0647,0.4632,0.4441,0.4013,80.07,inswing
RIGHT,BACK,164.25,121.48,65.89,0.3798,0.0835,0.4507,0.4384,0.3601,80.35,inswing
RIGHT,BACK,159.23,124.99,65.9,0.3581,0.0794,0.4002,0.3971,0.3656,80.81,inswing
RIGHT,BACK,164.02,124.0,65.13,0.3526,0.11,0.4396,0.4316,0.37,81.1,inswing
RIGHT,BACK,71.25,76.18,83.46,0.1252,0.1235,0.2474,0.2069,0.3097,80.45,inswing
RIGHT,BACK,79.17,88.62,96.01,0.1718,0.1463,0.317,0.2969,0.3237,80.43,inswing
RIGHT,BACK,92.16,90.01,93.49,0.2173,0.1505,0.3568,0.3066,0.3245,80.83,inswing
RIGHT,BACK,161.08,152.48,76.58,0.315,0.3207,0.5356,0.6754,0.5728,71.71,outswing
RIGHT,BACK,160.34,150.17,80.8,0.3351,0.3045,0.5572,0.6162,0.5711,72.61,outswing
RIGHT,BACK,159.91,152.21,77.27,0.3696,0.2795,0.5822,0.6665,0.5931,71.81,outswing
RIGHT,BACK,165.69,154.27,74.45,0.4046,0.2672,0.5894,0.6562,0.5837,73.27,outswing
RIGHT,BACK,164.86,153.26,72.29,0.3996,0.2662,0.5599,0.6412,0.6304,73.11,outswing
RIGHT,BACK,173.14,149.89,46.76,0.3934,0.2953,0.5223,0.4623,0.6675,70.96,outswing
RIGHT,BACK,169.9,148.98,40.17,0.3834,0.2847,0.5222,0.4704,0.6816,71.85,outswing
RIGHT,BACK,172.31,151.15,42.51,0.3854,0.4453,0.6486,0.536,0.533,71.48,outswing
RIGHT,BACK,176.37,152.14,43.98,0.4065,0.3798,0.6394,0.5446,0.5523,72.35,outswing
RIGHT,BACK,175.84,155.3,39.89,0.4298,0.3223,0.6344,0.5439,0.5779,73.07,outswing
RIGHT,BACK,175.35,143.22,14.76,0.3404,0.1665,0.4367,0.3261,0.5153,73.81,outswing
RIGHT,BACK,177.39,144.43,16.11,0.2823,0.2272,0.4435,0.3506,0.5112,73.61,outswing
RIGHT,BACK,173.83,168.46,19.73,0.4573,0.0345,0.4623,0.3573,0.4825,73.75,outswing
RIGHT,BACK,167.25,174.02,16.2,0.3651,0.0943,0.4339,0.3391,0.4826,75.18,outswing
RIGHT,BACK,162.61,175.65,16.21,0.3771,0.0619,0.4229,0.3387,0.4644,75.32,outswing
RIGHT,BACK,153.65,167.71,16.42,0.3656,0.0564,0.4086,0.3355,0.4631,75.56,outswing
RIGHT,BACK,167.11,130.4,42.68,0.3537,0.1797,0.4099,0.386,0.6997,63.12,outswing
RIGHT,BACK,174.75,142.41,28.35,0.3963,0.1244,0.4636,0.3537,0.5413,70.5,outswing
RIGHT,BACK,173.52,131.7,30.3,0.3158,0.1832,0.4301,0.3263,0.4885,71.42,outswing
RIGHT,BACK,175.97,145.6,35.87,0.33,0.3001,0.4862,0.3893,0.577,59.99,outswing
RIGHT,BACK,164.19,147.14,23.11,0.4986,0.0401,0.4849,0.3543,0.5009,64.86,outswing
RIGHT,BACK,166.09,158.7,28.36,0.4013,0.1107,0.4855,0.3836,0.4809,65.32,outswing
RIGHT,BACK,144.08,154.22,13.61,0.411,0.0444,0.4455,0.3822,0.4779,65.8,outswing
RIGHT,BACK,112.29,7.89,17.7,0.3539,0.07,0.4216,0.301,0.5474,64.18,outswing
RIGHT,BACK,165.67,97.14,14.7,0.4326,0.0887,0.4992,0.3628,0.6481,64.56,outswing
RIGHT,BACK,169.54,159.32,15.69,0.5542,0.0626,0.4923,0.3638,0.5622,64.73,outswing
RIGHT,BACK,166.72,147.08,14.38,0.5274,0.0777,0.462,0.331,0.5594,64.19,outswing
RIGHT,BACK,156.9,30.7,20.51,0.5184,0.1195,0.4333,0.3083,0.4874,64.27,outswing
RIGHT,BACK,128.03,16.11,22.53,0.4403,0.0981,0.3849,0.2679,0.4759,63.95,outswing
RIGHT,BACK,154.68,39.3,24.1,0.4611,0.0836,0.4177,0.2975,0.4759,63.88,outswing
RIGHT,BACK,158.31,43.81,10.93,0.541,0.1538,0.414,0.308,0.581,64.4,outswing
RIGHT,BACK,121.48,5.95,15.85,0.4136,0.0652,0.3668,0.2521,0.5226,64.25,outswing
RIGHT,BACK,155.51,165.85,13.31,0.5479,0.1744,0.4435,0.4401,0.6411,68.15,outswing
RIGHT,BACK,157.93,174.39,10.59,0.544,0.1623,0.4422,0.4462,0.64,68.67,outswing
RIGHT,BACK,157.04,173.12,9.07,0.5349,0.1473,0.4415,0.4418,0.6267,68.48,outswing
RIGHT,BACK,155.65,174.05,12.04,0.5277,0.153,0.4352,0.4382,0.6307,68.89,outswing
RIGHT,BACK,144.26,166.55,12.47,0.4584,0.1504,0.5069,0.451,0.7009,72.72,outswing
RIGHT,BACK,144.88,167.62,12.19,0.4625,0.1144,0.4943,0.4204,0.7274,72.62,outswing
RIGHT,BACK,144.75,169.45,8.11,0.4713,0.2189,0.5155,0.4996,0.7109,71.92,outswing
RIGHT,BACK,163.25,165.08,22.4,0.625,0.1318,0.4976,0.372,0.477,63.48,outswing
RIGHT,BACK,163.29,159.96,24.02,0.5626,0.0937,0.4728,0.3679,0.4636,63.84,outswing
RIGHT,BACK,69.3,103.42,63.15,0.2591,0.1076,0.249,0.3601,0.6477,53.0,outswing
RIGHT,BACK,39.78,73.27,60.11,0.1711,0.1416,0.1831,0.299,0.6206,53.18,outswing
RIGHT,BACK,111.47,108.1,116.27,0.3359,0.211,0.4462,0.3776,0.3643,43.31,outswing
RIGHT,BACK,112.78,111.91,111.64,0.3423,0.2205,0.4472,0.4028,0.3573,45.09,outswing
RIGHT,BACK,109.17,109.14,114.19,0.3363,0.1844,0.4523,0.3989,0.3607,45.84,outswing
RIGHT,BACK,166.76,170.08,30.25,0.3637,0.1909,0.5003,0.4661,0.4791,73.73,outswing
RIGHT,BACK,174.74,162.0,57.74,0.3751,0.4224,0.6545,0.7145,0.6174,63.69,outswing
RIGHT,BACK,172.67,158.3,61.91,0.4033,0.3998,0.6402,0.6706,0.5982,60.94,outswing
RIGHT,BACK,171.71,159.62,63.26,0.3282,0.3694,0.5867,0.6541,0.6036,62.33,outswing
RIGHT,BACK,174.79,160.51,63.11,0.3133,0.349,0.5963,0.6859,0.5979,63.43,outswing
RIGHT,BACK,176.52,161.88,55.69,0.2571,0.399,0.5744,0.6385,0.6406,64.07,outswing
RIGHT,BACK,178.29,162.52,59.3,0.2979,0.3687,0.5764,0.6192,0.6294,65.28,outswing
RIGHT,BACK,139.96,162.02,1.0,0.4571,0.1497,0.4637,0.4968,0.6774,82.64,outswing
RIGHT,BACK,140.14,162.15,0.52,0.4736,0.1627,0.4601,0.499,0.7072,82.82,outswing
RIGHT,BACK,139.66,161.62,2.53,0.4381,0.172,0.4478,0.4837,0.6789,82.91,outswing
RIGHT,BACK,139.74,161.96,6.42,0.4206,0.1993,0.4435,0.5011,0.7232,82.48,outswing
RIGHT,BACK,141.07,161.97,6.93,0.4116,0.191,0.4424,0.4789,0.7203,82.24,outswing
RIGHT,BACK,142.61,163.41,3.83,0.4254,0.2164,0.4589,0.486,0.7144,83.12,outswing
RIGHT,BACK,140.65,161.2,7.87,0.3998,0.2163,0.4533,0.4773,0.7235,83.02,outswing
RIGHT,BACK,140.34,160.85,8.44,0.397,0.191,0.4272,0.4534,0.7321,83.1,outswing
RIGHT,BACK,142.19,163.28,5.75,0.4064,0.2211,0.4436,0.4659,0.7306,82.54,outswing
RIGHT,BACK,142.21,162.87,6.82,0.395,0.221,0.4363,0.4559,0.7315,82.88,outswing
RIGHT,BACK,142.73,163.62,5.22,0.4037,0.2464,0.4563,0.4786,0.7146,82.95,outswing
RIGHT,BACK,143.04,167.55,0.76,0.4035,0.2245,0.4375,0.4753,0.7117,82.55,outswing
RIGHT,BACK,140.43,165.24,2.56,0.4196,0.1983,0.4373,0.4631,0.6772,81.74,outswing
RIGHT,BACK,147.48,173.47,6.92,0.4121,0.2303,0.4575,0.5456,0.7226,80.26,outswing
RIGHT,BACK,155.54,174.93,13.88,0.4036,0.133,0.4828,0.5405,0.6754,80.58,outswing
RIGHT,BACK,170.26,169.03,41.61,0.4161,0.1146,0.5096,0.5143,0.5207,66.59,outswing
RIGHT,BACK,112.56,108.32,114.05,0.5177,0.3117,0.4389,0.3657,0.3615,49.51,outswing
RIGHT,BACK,117.82,114.48,118.37,0.4604,0.2366,0.455,0.4138,0.3604,49.61,outswing
RIGHT,BACK,117.38,113.08,119.93,0.4629,0.2699,0.4393,0.3987,0.3492,50.1,outswing
RIGHT,BACK,117.76,111.87,117.26,0.5118,0.2793,0.4474,0.3997,0.3531,49.94,outswing
RIGHT,BACK,105.97,114.73,126.17,0.2954,0.2384,0.3996,0.3602,0.3064,56.06,outswing
RIGHT,BACK,109.49,115.48,125.26,0.3378,0.2265,0.4179,0.3759,0.2974,55.57,outswing
RIGHT,BACK,114.47,115.58,124.5,0.3642,0.2553,0.4627,0.3858,0.29,55.7,outswing
RIGHT,BACK,115.16,119.06,120.88,0.3554,0.2442,0.4681,0.4298,0.2782,55.9,outswing
RIGHT,BACK,122.09,116.69,119.75,0.3926,0.26,0.489,0.4093,0.2839,55.75,outswing
RIGHT,BACK,114.53,114.73,117.75,0.3253,0.2736,0.4593,0.4001,0.2815,55.95,outswing
RIGHT,BACK,124.54,117.17,115.02,0.3915,0.2686,0.4803,0.4075,0.305,55.83,outswing
RIGHT,BACK,144.45,157.14,5.35,0.4755,0.1467,0.4274,0.4001,0.49,77.42,outswing
RIGHT,BACK,142.17,155.93,2.86,0.4486,0.141,0.407,0.3996,0.5161,77.49,outswing
RIGHT,BACK,142.68,156.56,12.18,0.4557,0.1506,0.4174,0.4358,0.5723,77.76,outswing
RIGHT,BACK,140.26,149.59,20.4,0.4377,0.145,0.4047,0.4639,0.638,79.03,outswing
RIGHT,BACK,139.41,148.04,18.71,0.4123,0.1612,0.3864,0.4465,0.6361,79.16,outswing
RIGHT,BACK,143.54,158.56,8.32,0.3604,0.1818,0.4142,0.4122,0.6283,77.64,outswing
RIGHT,BACK,146.83,160.33,9.39,0.3654,0.2013,0.4123,0.4173,0.63,77.78,outswing
RIGHT,BACK,144.86,161.8,5.38,0.3597,0.1858,0.4048,0.4004,0.5916,78.47,outswing
RIGHT,BACK,143.62,160.1,11.67,0.3528,0.1943,0.4004,0.404,0.6249,78.34,outswing
RIGHT,BACK,144.53,160.43,9.41,0.3566,0.2014,0.4101,0.4097,0.6116,77.94,outswing
RIGHT,BACK,151.84,134.5,19.84,0.5064,0.0556,0.5078,0.4712,0.6082,68.29,outswing
RIGHT,BACK,148.78,142.46,21.25,0.4963,0.0618,0.5032,0.4798,0.6156,69.18,outswing
RIGHT,BACK,124.98,151.11,27.9,0.4182,0.1407,0.3837,0.4777,0.6076,69.09,outswing
RIGHT,BACK,139.94,155.12,28.65,0.4871,0.1652,0.4114,0.4879,0.6041,68.81,outswing
RIGHT,BACK,153.36,167.18,29.45,0.5126,0.1838,0.4587,0.6285,0.6262,69.66,outswing
RIGHT,BACK,9.91,34.63,51.41,0.2483,0.2489,0.157,0.3103,0.5411,59.15,outswing
RIGHT,BACK,1.31,16.46,32.26,0.2451,0.2525,0.1416,0.2873,0.505,65.72,outswing
RIGHT,BACK,3.63,16.96,33.99,0.2286,0.2354,0.1894,0.3265,0.5234,66.37,outswing
RIGHT,BACK,19.37,45.36,53.42,0.3691,0.3079,0.2496,0.2362,0.3442,70.07,outswing
RIGHT,BACK,30.24,54.08,61.06,0.3419,0.3093,0.3006,0.246,0.3213,69.77,outswing
RIGHT,BACK,45.07,49.81,55.57,0.3851,0.2951,0.3852,0.2711,0.3596,70.36,outswing
RIGHT,BACK,14.67,36.61,46.14,0.3411,0.28,0.2645,0.2723,0.4178,69.42,outswing
RIGHT,BACK,15.34,40.76,54.37,0.3597,0.3077,0.2459,0.2624,0.4177,68.68,outswing
RIGHT,BACK,18.32,44.94,58.06,0.395,0.3391,0.2274,0.248,0.3921,69.05,outswing
RIGHT,BACK,11.73,37.12,53.44,0.2189,0.181,0.2301,0.2949,0.4502,64.11,outswing
RIGHT,BACK,19.38,42.45,52.99,0.2743,0.2245,0.1989,0.2328,0.3849,66.81,outswing
RIGHT,BACK,18.24,44.27,55.84,0.2767,0.2322,0.1664,0.2398,0.4352,64.35,outswing
RIGHT,BACK,17.04,42.79,52.7,0.4214,0.3548,0.1716,0.2057,0.3862,65.85,outswing
RIGHT,BACK,17.07,41.03,53.01,0.4096,0.4035,0.2192,0.2231,0.343,66.59,outswing
RIGHT,BACK,17.41,42.64,57.94,0.4422,0.4186,0.2317,0.247,0.354,66.02,outswing
RIGHT,BACK,13.4,40.26,54.11,0.4525,0.4049,0.2097,0.2382,0.3468,67.34,outswing
RIGHT,BACK,15.9,40.03,52.27,0.3507,0.3321,0.1689,0.2113,0.3427,67.07,outswing
RIGHT,BACK,10.42,35.16,48.22,0.4129,0.3682,0.1539,0.2133,0.3481,67.37,outswing
RIGHT,BACK,15.14,40.63,52.93,0.3799,0.3641,0.1913,0.2124,0.3345,66.8,outswing
RIGHT,BACK,14.58,39.59,53.97,0.3566,0.3329,0.1889,0.2166,0.3643,66.94,outswing
RIGHT,BACK,13.41,38.78,52.62,0.4485,0.414,0.1744,0.215,0.3502,66.11,outswing
RIGHT,BACK,13.17,38.06,49.11,0.4583,0.4011,0.217,0.2357,0.363,66.2,outswing
RIGHT,BACK,12.05,37.99,49.55,0.4942,0.4296,0.1482,0.2235,0.385,65.86,outswing
RIGHT,BACK,11.3,35.56,48.37,0.5006,0.4488,0.1734,0.2307,0.3828,65.9,outswing
RIGHT,BACK,11.82,37.47,51.14,0.4997,0.4318,0.1803,0.2303,0.3839,65.88,outswing
RIGHT,BACK,12.61,38.38,50.58,0.465,0.4009,0.1812,0.2242,0.3762,66.29,outswing
RIGHT,BACK,9.19,32.7,45.77,0.5379,0.4548,0.1838,0.2457,0.3964,66.06,outswing
RIGHT,BACK,5.26,31.08,45.32,0.5659,0.5009,0.2167,0.2347,0.3754,65.75,outswing
RIGHT,BACK,7.95,31.86,45.46,0.4464,0.3796,0.1866,0.2467,0.395,65.4,outswing
RIGHT,BACK,18.59,41.2,50.49,0.3902,0.3558,0.2375,0.2334,0.3643,65.45,outswing
RIGHT,BACK,85.25,32.36,35.87,0.1814,0.0497,0.1326,0.2958,0.5992,82.57,outswing
RIGHT,BACK,58.62,29.73,6.14,0.2145,0.0957,0.2526,0.2776,0.5336,81.82,outswing
RIGHT,BACK,131.25,12.95,1.6,0.3974,0.0883,0.3383,0.2257,0.4349,81.73,outswing
RIGHT,BACK,75.07,22.1,11.81,0.2746,0.074,0.2149,0.1722,0.4857,82.64,outswing
RIGHT,BACK,59.4,11.88,5.73,0.3317,0.1029,0.2477,0.1724,0.4462,81.84,outswing
RIGHT,BACK,36.9,11.21,2.2,0.2604,0.1034,0.2004,0.192,0.4019,81.45,outswing
RIGHT,BACK,34.92,8.71,2.14,0.2886,0.1219,0.2179,0.1866,0.4027,81.41,outswing
RIGHT,BACK,73.69,15.19,2.08,0.3699,0.1068,0.2747,0.1959,0.4313,82.07,outswing
RIGHT,BACK,31.27,8.23,4.69,0.3138,0.1295,0.1989,0.1668,0.4166,80.58,outswing
RIGHT,BACK,30.11,15.74,5.47,0.2118,0.0606,0.1948,0.0374,0.3424,84.0,outswing
RIGHT,BACK,38.89,20.61,5.31,0.2509,0.0932,0.168,0.1523,0.395,83.24,outswing
RIGHT,BACK,166.62,170.02,25.96,0.7406,0.0823,0.6826,0.4871,0.524,73.55,outswing
RIGHT,BACK,166.31,83.06,24.47,0.7314,0.165,0.6003,0.3791,0.5337,73.59,outswing
RIGHT,BACK,149.38,1.06,22.8,0.6459,0.2049,0.469,0.2868,0.5397,73.76,outswing
RIGHT,BACK,129.23,0.67,19.06,0.5422,0.1874,0.3803,0.2793,0.5655,74.03,outswing
RIGHT,BACK,122.95,0.78,16.45,0.5337,0.2041,0.3492,0.2754,0.5582,75.06,outswing
RIGHT,BACK,43.16,3.39,18.01,0.4784,0.2303,0.2593,0.2792,0.5719,74.39,outswing
RIGHT,BACK,121.89,5.46,15.1,0.5486,0.2054,0.3647,0.2898,0.5789,74.72,outswing
RIGHT,BACK,91.08,7.13,12.93,0.5156,0.2334,0.3047,0.2866,0.5882,74.9,outswing
RIGHT,BACK,119.44,4.94,16.58,0.5364,0.3225,0.2429,0.335,0.6745,74.72,outswing
RIGHT,BACK,83.9,5.43,18.61,0.4719,0.1751,0.31,0.286,0.537,75.01,outswing
RIGHT,BACK,121.73,10.32,16.47,0.5379,0.1892,0.3591,0.2955,0.5413,75.59,outswing
RIGHT,BACK,103.23,8.0,12.85,0.5282,0.2174,0.3359,0.2987,0.541,76.47,outswing
RIGHT,BACK,14.52,6.21,16.37,0.2452,0.1571,0.0886,0.2588,0.5459,76.07,outswing
RIGHT,BACK,14.88,8.35,11.27,0.3065,0.2165,0.0904,0.2709,0.5785,76.05,outswing
RIGHT,BACK,13.62,8.46,11.2,0.2864,0.1922,0.0943,0.256,0.5518,76.68,outswing
RIGHT,BACK,178.58,157.78,71.94,0.4841,0.2799,0.653,0.573,0.3316,69.3,outswing
RIGHT,BACK,178.19,154.2,71.96,0.4332,0.3512,0.6403,0.5267,0.3267,69.96,outswing
RIGHT,BACK,177.28,157.07,70.47,0.4219,0.3454,0.6517,0.5667,0.3407,70.39,outswing
RIGHT,BACK,176.36,155.2,57.78,0.428,0.3053,0.6275,0.5548,0.4226,70.0,outswing
RIGHT,BACK,174.95,155.93,62.92,0.3906,0.3697,0.6189,0.5497,0.395,70.04,outswing
RIGHT,BACK,174.99,154.47,63.33,0.3613,0.3459,0.5676,0.5122,0.4163,70.31,outswing
RIGHT,BACK,176.45,160.3,49.0,0.5367,0.0658,0.5356,0.5017,0.5072,72.33,outswing
RIGHT,BACK,177.19,156.73,55.41,0.4067,0.212,0.5066,0.4933,0.438,71.62,outswing
RIGHT,BACK,175.66,155.59,54.58,0.4254,0.3124,0.6145,0.53,0.4521,70.67,outswing
RIGHT,BACK,2.43,18.38,31.1,0.0945,0.1528,0.1602,0.1271,0.3331,71.61,outswing
RIGHT,BACK,0.81,17.48,30.54,0.0857,0.0883,0.1191,0.1383,0.3366,71.27,outswing
RIGHT,BACK,5.03,13.1,26.17,0.0832,0.1824,0.1409,0.1634,0.352,71.33,outswing
RIGHT,BACK,2.47,23.95,32.94,0.1108,0.2213,0.1946,0.1525,0.3151,71.98,outswing
RIGHT,BACK,142.34,104.4,70.95,0.2019,0.2501,0.3862,0.3483,0.2588,71.14,outswing
RIGHT,BACK,175.9,142.98,59.09,0.3186,0.1786,0.459,0.401,0.256,71.14,outswing
RIGHT,BACK,10.0,22.55,40.8,0.0816,0.1793,0.2608,0.261,0.2503,69.49,outswing
RIGHT,BACK,14.62,8.83,24.74,0.1931,0.0864,0.2194,0.2242,0.3997,73.86,outswing
RIGHT,BACK,13.22,1.64,19.62,0.1108,0.074,0.1021,0.1884,0.3935,74.41,outswing
RIGHT,BACK,19.15,4.41,12.81,0.1812,0.1362,0.0912,0.1849,0.3509,73.73,outswing
RIGHT,BACK,15.21,2.77,22.1,0.1432,0.0812,0.1403,0.2075,0.437,72.58,outswing
RIGHT,BACK,35.44,7.74,17.63,0.2369,0.0678,0.2185,0.2896,0.4078,73.85,outswing
RIGHT,BACK,164.03,165.72,33.33,0.4004,0.0655,0.4155,0.3785,0.3552,73.69,outswing
RIGHT,BACK,172.2,160.68,41.22,0.3974,0.0894,0.4703,0.4107,0.3411,73.11,outswing
RIGHT,BACK,162.71,22.04,26.3,0.4662,0.0953,0.4328,0.3543,0.3243,69.55,outswing
RIGHT,BACK,121.57,7.05,25.28,0.3834,0.1049,0.3753,0.3313,0.3253,69.33,outswing
RIGHT,BACK,137.77,126.01,26.31,0.3949,0.0888,0.4068,0.3733,0.3076,69.69,outswing
RIGHT,BACK,60.19,43.14,3.71,0.3094,0.1475,0.2926,0.3099,0.3816,69.1,outswing
RIGHT,BACK,48.29,29.67,11.26,0.2352,0.1294,0.2111,0.0764,0.3233,69.18,outswing
RIGHT,BACK,53.35,29.5,10.02,0.2385,0.1477,0.2221,0.0524,0.3129,68.83,outswing
RIGHT,BACK,51.4,28.31,6.18,0.2342,0.14,0.2258,0.0682,0.3033,68.94,outswing
RIGHT,BACK,94.68,16.08,20.19,0.391,0.0842,0.3549,0.3229,0.4336,69.34,outswing
RIGHT,BACK,64.46,10.45,17.6,0.3473,0.0862,0.3005,0.2848,0.4365,70.26,outswing
RIGHT,BACK,150.17,36.3,31.37,0.2679,0.2077,0.3428,0.2883,0.4468,72.36,outswing
RIGHT,BACK,14.4,5.83,25.72,0.114,0.1335,0.0686,0.2114,0.364,72.61,outswing
RIGHT,BACK,19.16,34.48,44.57,0.21,0.2232,0.3466,0.3064,0.3478,72.71,outswing
RIGHT,BACK,13.13,8.24,32.41,0.1268,0.0419,0.1247,0.223,0.329,73.12,outswing
RIGHT,BACK,20.85,1.44,26.75,0.1157,0.0641,0.1187,0.2282,0.3327,73.44,outswing
RIGHT,BACK,17.31,8.66,30.64,0.1945,0.0492,0.2116,0.2658,0.3524,74.16,outswing
RIGHT,BACK,22.22,0.43,25.35,0.1674,0.0296,0.1407,0.2417,0.3545,73.77,outswing
RIGHT,BACK,22.04,1.42,27.36,0.1583,0.029,0.1363,0.2325,0.3331,73.4,outswing
RIGHT,BACK,57.13,19.93,33.46,0.2665,0.109,0.3006,0.2938,0.3861,73.97,outswing
RIGHT,BACK,17.34,3.35,20.7,0.1747,0.0747,0.1023,0.2301,0.3699,73.66,outswing
RIGHT,BACK,26.8,4.47,21.42,0.126,0.0635,0.1303,0.2336,0.3633,73.73,outswing
RIGHT,BACK,26.32,0.22,26.36,0.1506,0.0154,0.1656,0.2328,0.3378,73.05,outswing
RIGHT,BACK,14.4,1.28,21.34,0.0801,0.0373,0.1088,0.1608,0.3226,72.72,outswing
RIGHT,BACK,8.92,6.08,26.22,0.0399,0.0731,0.0509,0.2151,0.3753,71.73,outswing
RIGHT,BACK,116.31,26.82,22.91,0.2255,0.2125,0.3454,0.2897,0.4592,73.21,outswing
RIGHT,BACK,8.5,11.57,31.34,0.0994,0.1394,0.0624,0.2056,0.3819,70.46,outswing
RIGHT,BACK,13.69,11.47,34.13,0.1033,0.147,0.0856,0.1889,0.3719,70.42,outswing
RIGHT,BACK,18.9,8.22,27.45,0.276,0.0472,0.235,0.2318,0.4144,70.0,outswing
RIGHT,BACK,9.7,9.79,31.84,0.2105,0.0756,0.1361,0.1989,0.3555,70.35,outswing
RIGHT,BACK,9.95,11.41,33.69,0.2356,0.114,0.1282,0.2001,0.3387,71.27,outswing
RIGHT,BACK,11.97,12.09,32.53,0.2503,0.1456,0.1067,0.1884,0.3383,71.28,outswing
RIGHT,BACK,14.26,9.07,31.18,0.2103,0.0662,0.1485,0.2056,0.3232,72.1,outswing
RIGHT,BACK,8.45,11.57,36.68,0.1494,0.0452,0.1082,0.2023,0.3395,71.13,outswing
RIGHT,BACK,158.9,82.69,3.06,0.715,0.2582,0.4578,0.3461,0.5401,82.5,outswing
RIGHT,BACK,155.29,111.14,7.76,0.7022,0.2565,0.4458,0.3585,0.5692,82.51,outswing
RIGHT,BACK,161.95,91.08,1.96,0.7732,0.2653,0.5083,0.3316,0.6091,81.7,outswing
RIGHT,BACK,169.06,62.38,2.04,0.7823,0.2598,0.523,0.3098,0.5473,80.83,outswing
RIGHT,BACK,158.59,100.46,4.82,0.7105,0.259,0.4521,0.3584,0.5709,81.62,outswing
RIGHT,BACK,150.43,32.22,4.28,0.636,0.236,0.4014,0.2803,0.5293,81.65,outswing
RIGHT,BACK,146.47,39.14,4.62,0.6424,0.2534,0.3932,0.3002,0.5393,80.91,outswing
RIGHT,BACK,123.63,21.72,8.58,0.5724,0.2657,0.3076,0.2489,0.5133,81.27,outswing
RIGHT,BACK,154.69,154.28,0.63,0.6714,0.1582,0.5898,0.3607,0.4811,80.2,outswing
RIGHT,BACK,157.03,152.97,0.28,0.6892,0.1493,0.5897,0.3593,0.485,80.4,outswing
RIGHT,BACK,149.73,160.02,1.66,0.6273,0.1181,0.5819,0.3994,0.4496,80.47,outswing
RIGHT,BACK,170.47,171.33,0.51,0.7542,0.1617,0.7841,0.5118,0.5543,80.22,outswing
RIGHT,BACK,175.74,161.33,2.36,0.8655,0.2139,0.7279,0.3572,0.5038,77.25,outswing
RIGHT,BACK,172.33,151.69,7.86,0.9002,0.2595,0.7081,0.3106,0.5509,77.3,outswing
RIGHT,BACK,178.69,161.56,1.52,0.8719,0.24,0.7152,0.3354,0.5253,77.58,outswing
RIGHT,BACK,178.31,167.9,5.24,0.879,0.246,0.705,0.3712,0.5553,77.48,outswing
RIGHT,BACK,179.23,164.06,1.33,0.8485,0.2011,0.6764,0.3983,0.5224,77.37,outswing
RIGHT,BACK,177.85,169.34,2.93,0.8279,0.1918,0.6988,0.4076,0.4904,77.42,outswing
RIGHT,BACK,179.72,171.81,3.92,0.7984,0.1751,0.7208,0.4149,0.4664,77.03,outswing
RIGHT,BACK,177.7,169.49,0.41,0.8207,0.1967,0.7001,0.3933,0.4924,77.61,outswing
RIGHT,BACK,178.43,166.08,10.83,0.8509,0.2414,0.6835,0.3771,0.5391,78.1,outswing
RIGHT,BACK,179.46,168.29,5.46,0.8463,0.2065,0.7087,0.3954,0.5141,77.44,outswing
RIGHT,BACK,178.14,172.29,11.8,0.7549,0.1659,0.6788,0.3877,0.455,76.55,outswing
RIGHT,BACK,178.39,167.97,5.64,0.8266,0.1795,0.6953,0.3732,0.4673,77.06,outswing
RIGHT,BACK,178.85,164.71,0.54,0.8424,0.1952,0.7137,0.3818,0.4731,77.35,outswing
RIGHT,BACK,179.25,164.27,10.16,0.8478,0.2182,0.6835,0.358,0.5192,77.71,outswing
RIGHT,BACK,178.69,167.6,0.86,0.8467,0.203,0.6807,0.388,0.5218,77.21,outswing
RIGHT,BACK,177.94,163.38,4.24,0.8732,0.2308,0.6977,0.3634,0.5109,77.75,outswing
RIGHT,BACK,177.6,168.69,3.62,0.858,0.1995,0.6744,0.4326,0.5131,77.87,outswing
RIGHT,BACK,173.46,155.19,4.0,0.8327,0.2113,0.6644,0.323,0.4796,77.67,outswing
RIGHT,BACK,176.19,160.95,4.2,0.8126,0.1656,0.6479,0.4349,0.5242,76.95,outswing
RIGHT,BACK,175.45,166.75,1.59,0.7833,0.1459,0.6378,0.4564,0.495,77.16,outswing
RIGHT,BACK,175.07,165.99,3.55,0.7806,0.1514,0.6299,0.4621,0.5324,76.43,outswing
RIGHT,BACK,171.41,154.31,7.2,0.7763,0.1616,0.6154,0.4271,0.5244,76.45,outswing
RIGHT,BACK,179.58,159.35,17.78,0.6224,0.1143,0.5192,0.3871,0.3856,76.68,outswing
RIGHT,BACK,86.43,6.31,17.63,0.3266,0.0891,0.2439,0.2541,0.4179,75.92,outswing
RIGHT,BACK,30.12,12.14,1.05,0.1804,0.0666,0.1438,0.2054,0.3916,73.26,outswing
RIGHT,BACK,28.94,8.77,7.81,0.1343,0.0579,0.1922,0.186,0.2605,73.65,outswing
RIGHT,BACK,105.91,116.29,31.86,0.5475,0.1937,0.4101,0.2825,0.5225,66.36,outswing
RIGHT,BACK,79.39,113.6,19.19,0.4728,0.2154,0.2762,0.2667,0.5377,66.01,outswing
RIGHT,BACK,77.52,65.24,22.98,0.4591,0.1863,0.3228,0.1967,0.5192,66.64,outswing
RIGHT,BACK,61.35,62.71,23.1,0.4155,0.1633,0.2967,0.1972,0.4542,66.02,outswing
RIGHT,BACK,78.5,67.87,37.89,0.4976,0.1991,0.3695,0.2071,0.515,66.41,outswing
RIGHT,BACK,114.44,134.56,33.19,0.4912,0.1192,0.4732,0.2891,0.6151,62.64,outswing
RIGHT,BACK,97.23,134.19,25.52,0.5046,0.1862,0.4753,0.3105,0.6168,61.79,outswing
RIGHT,BACK,69.36,89.74,30.78,0.4555,0.1812,0.3362,0.2233,0.4746,61.88,outswing
RIGHT,BACK,79.74,95.73,5.28,0.4583,0.1528,0.41,0.2275,0.4696,62.0,outswing
RIGHT,BACK,69.49,95.39,33.09,0.4651,0.1963,0.3259,0.2161,0.5044,62.02,outswing
RIGHT,BACK,59.62,45.44,32.34,0.4027,0.1761,0.3033,0.1386,0.4754,61.12,outswing
RIGHT,BACK,113.05,115.91,25.38,0.5602,0.1856,0.4444,0.2418,0.4613,60.63,outswing
RIGHT,BACK,5.61,16.55,40.44,0.0543,0.0303,0.0682,0.28,0.5452,64.7,outswing
RIGHT,BACK,10.14,30.92,46.02,0.0904,0.1955,0.1595,0.215,0.4634,64.11,outswing
RIGHT,BACK,0.4,22.46,44.21,0.0668,0.186,0.1546,0.2123,0.389,64.89,outswing
RIGHT,BACK,3.6,20.44,42.26,0.1083,0.2227,0.1409,0.2154,0.3868,65.4,outswing
RIGHT,BACK,10.44,31.19,41.83,0.1143,0.2321,0.2495,0.2591,0.414,65.11,outswing
RIGHT,BACK,176.99,148.6,0.84,1.0306,0.1817,0.8613,0.498,0.4809,74.33,outswing
RIGHT,BACK,33.9,21.7,11.03,0.1715,0.2504,0.0813,0.3208,0.5606,72.47,outswing
RIGHT,BACK,35.46,24.25,14.59,0.1824,0.2002,0.0438,0.2894,0.5171,73.16,outswing
RIGHT,BACK,33.0,22.85,11.81,0.1467,0.2386,0.0946,0.3276,0.5441,72.48,outswing
RIGHT,BACK,33.66,19.21,4.87,0.1627,0.2526,0.0902,0.3225,0.5339,72.72,outswing
RIGHT,BACK,31.72,14.57,3.73,0.1719,0.2722,0.1004,0.3,0.4778,71.91,outswing
RIGHT,BACK,25.89,33.49,49.69,0.2256,0.2044,0.1795,0.3019,0.5237,63.7,outswing
RIGHT,BACK,22.26,32.74,48.48,0.1953,0.2438,0.1137,0.2424,0.4898,63.64,outswing
RIGHT,BACK,35.11,42.74,58.0,0.2022,0.2327,0.1738,0.2532,0.4584,63.35,outswing
RIGHT,BACK,26.61,35.36,51.42,0.2052,0.2153,0.1639,0.2731,0.497,63.92,outswing
RIGHT,BACK,24.09,35.48,54.12,0.1916,0.2206,0.1242,0.2603,0.47,64.17,outswing
RIGHT,BACK,117.35,45.42,60.59,0.2575,0.218,0.2986,0.2467,0.4166,69.84,outswing
RIGHT,BACK,110.45,49.86,57.81,0.2655,0.2182,0.301,0.2569,0.4429,69.46,outswing
RIGHT,BACK,107.77,47.73,59.77,0.2651,0.2123,0.302,0.266,0.4514,69.92,outswing
RIGHT,BACK,119.55,55.29,61.01,0.2582,0.2136,0.316,0.262,0.4545,69.78,outswing
RIGHT,BACK,130.57,65.11,67.72,0.2791,0.2102,0.3235,0.265,0.4275,70.29,outswing
RIGHT,BACK,125.98,46.62,52.84,0.2798,0.1881,0.3155,0.2964,0.5092,70.27,outswing
RIGHT,BACK,128.88,59.21,59.35,0.2816,0.2056,0.3231,0.2844,0.4728,69.99,outswing
RIGHT,BACK,128.85,59.49,61.04,0.2869,0.201,0.3293,0.2688,0.4437,70.27,outswing
RIGHT,BACK,107.76,42.39,54.64,0.2675,0.1907,0.3028,0.2904,0.4635,70.59,outswing
RIGHT,BACK,127.65,50.99,61.27,0.2709,0.2028,0.3157,0.3086,0.4629,70.19,outswing
RIGHT,BACK,152.26,59.17,55.44,0.2954,0.2144,0.2965,0.3208,0.481,72.43,outswing
RIGHT,BACK,26.58,18.95,45.1,0.2669,0.2108,0.1932,0.2802,0.4395,73.88,outswing
RIGHT,BACK,22.5,8.67,29.13,0.2732,0.1839,0.1755,0.3347,0.575,73.74,outswing
RIGHT,BACK,167.74,31.3,56.29,0.3741,0.2091,0.3118,0.3588,0.5094,75.97,outswing
RIGHT,BACK,10.04,9.15,29.81,0.2317,0.1725,0.1143,0.3324,0.5447,73.96,outswing
RIGHT,BACK,15.63,7.83,28.55,0.2444,0.1843,0.0891,0.312,0.5254,74.85,outswing
RIGHT,BACK,12.63,18.84,37.67,0.2247,0.1911,0.1596,0.2785,0.505,74.58,outswing
RIGHT,BACK,16.05,12.33,34.04,0.2542,0.16,0.1889,0.3126,0.5467,74.11,outswing
RIGHT,BACK,5.88,16.19,35.54,0.2232,0.194,0.1157,0.3051,0.5398,74.03,outswing
RIGHT,BACK,17.42,14.62,28.46,0.2356,0.1529,0.177,0.3217,0.568,74.82,outswing
RIGHT,BACK,9.51,12.72,32.9,0.2318,0.1851,0.0766,0.3055,0.564,74.14,outswing
RIGHT,BACK,8.03,12.11,30.27,0.2159,0.1367,0.122,0.3076,0.5684,75.09,outswing
RIGHT,BACK,27.69,4.12,25.1,0.2407,0.1418,0.1308,0.3126,0.5269,75.49,outswing
RIGHT,BACK,6.34,12.72,27.65,0.2272,0.1641,0.1586,0.3097,0.5791,74.25,outswing
RIGHT,BACK,68.92,6.74,7.23,0.2481,0.0907,0.1578,0.3073,0.5804,80.27,outswing
RIGHT,BACK,10.49,0.65,7.24,0.1356,0.0556,0.1015,0.3168,0.6212,79.18,outswing
RIGHT,BACK,4.96,3.12,9.81,0.108,0.0825,0.0743,0.3189,0.6342,78.27,outswing
RIGHT,BACK,15.56,5.84,4.31,0.1686,0.1106,0.0623,0.3453,0.6247,78.69,outswing
RIGHT,BACK,21.54,13.03,2.67,0.1082,0.0578,0.059,0.345,0.6175,79.61,outswing
RIGHT,BACK,93.72,92.1,19.12,0.3138,0.1416,0.2215,0.2042,0.6515,77.1,knuckle_ball
RIGHT,BACK,93.31,90.58,19.54,0.3335,0.1479,0.2875,0.2362,0.6022,76.74,knuckle_ball
RIGHT,BACK,91.2,88.8,19.8,0.3162,0.1624,0.2809,0.2542,0.5804,77.01,knuckle_ball
RIGHT,BACK,98.22,105.34,19.13,0.3376,0.1583,0.2727,0.268,0.6154,76.52,knuckle_ball
RIGHT,BACK,93.63,110.05,18.0,0.2933,0.1744,0.2635,0.2766,0.6432,75.82,knuckle_ball
RIGHT,BACK,96.32,73.66,31.3,0.3116,0.0631,0.3648,0.1392,0.5662,70.46,knuckle_ball
RIGHT,BACK,96.06,80.56,30.92,0.3124,0.0872,0.3816,0.1621,0.5718,70.09,knuckle_ball
RIGHT,BACK,94.03,80.0,30.88,0.3085,0.0917,0.375,0.1616,0.5706,70.02,knuckle_ball
RIGHT,BACK,94.32,82.83,30.97,0.3055,0.1541,0.2722,0.1565,0.5834,70.83,knuckle_ball
RIGHT,BACK,95.69,80.57,32.48,0.3521,0.1425,0.4001,0.1805,0.5058,69.97,knuckle_ball
RIGHT,BACK,93.12,78.32,32.72,0.3115,0.0838,0.3546,0.1418,0.5345,70.82,knuckle_ball
RIGHT,BACK,96.67,81.55,31.76,0.3289,0.1533,0.3035,0.119,0.5749,70.41,knuckle_ball
RIGHT,BACK,72.92,38.24,13.68,0.1816,0.1462,0.1924,0.1083,0.5662,74.5,knuckle_ball
RIGHT,BACK,72.25,38.01,14.49,0.1963,0.1292,0.2032,0.1166,0.5472,75.26,knuckle_ball
RIGHT,BACK,77.15,40.03,15.06,0.2072,0.087,0.2109,0.1286,0.5296,75.34,knuckle_ball
RIGHT,BACK,70.48,37.71,13.37,0.1662,0.0696,0.2052,0.1082,0.5436,74.92,knuckle_ball
RIGHT,BACK,36.23,25.61,22.29,0.1037,0.1016,0.174,0.1054,0.5295,79.38,knuckle_ball
RIGHT,BACK,42.29,25.0,20.54,0.1043,0.1073,0.1748,0.098,0.5063,78.0,knuckle_ball
RIGHT,BACK,38.63,24.91,20.45,0.105,0.0977,0.19,0.0922,0.5092,77.96,knuckle_ball
RIGHT,BACK,36.65,24.59,21.1,0.0832,0.1308,0.1893,0.1055,0.5104,78.41,knuckle_ball
RIGHT,BACK,40.74,25.75,21.64,0.106,0.1286,0.1875,0.0704,0.4802,78.44,knuckle_ball
RIGHT,BACK,38.04,25.1,21.72,0.0877,0.131,0.1818,0.0851,0.4902,78.45,knuckle_ball
RIGHT,BACK,39.2,25.61,29.71,0.1684,0.0997,0.1507,0.0783,0.4827,79.28,knuckle_ball
RIGHT,BACK,37.12,25.16,30.31,0.1576,0.114,0.151,0.0847,0.4954,78.95,knuckle_ball
RIGHT,BACK,36.46,25.06,28.86,0.1504,0.0582,0.1687,0.0575,0.469,79.56,knuckle_ball
RIGHT,BACK,23.49,6.23,0.82,0.4173,0.043,0.419,0.6364,0.6393,87.07,knuckle_ball
RIGHT,BACK,25.61,5.84,1.22,0.4259,0.0363,0.4607,0.6597,0.6494,87.05,knuckle_ball
RIGHT,BACK,20.05,6.33,0.05,0.4032,0.0352,0.4161,0.6327,0.651,87.21,knuckle_ball
RIGHT,BACK,23.77,3.49,1.56,0.3465,0.111,0.4449,0.7165,0.6325,87.0,knuckle_ball
RIGHT,BACK,18.36,3.19,1.68,0.3715,0.0379,0.4089,0.6841,0.6392,87.09,knuckle_ball
RIGHT,BACK,93.97,124.25,32.3,0.3079,0.1005,0.2772,0.294,0.5927,80.27,knuckle_ball
RIGHT,BACK,91.39,120.88,31.17,0.3102,0.0863,0.2621,0.2669,0.5885,80.24,knuckle_ball
RIGHT,BACK,114.28,3.46,18.27,0.4643,0.2745,0.4527,0.4606,0.5513,88.49,knuckle_ball
RIGHT,BACK,112.43,3.4,20.56,0.4294,0.2613,0.4812,0.4628,0.5424,87.25,knuckle_ball
RIGHT,BACK,127.45,7.31,20.44,0.4565,0.2437,0.4709,0.4249,0.5541,87.64,knuckle_ball
RIGHT,BACK,38.13,8.13,2.82,0.3846,0.2226,0.2255,0.362,0.5278,89.53,knuckle_ball
RIGHT,BACK,43.13,11.18,3.06,0.4205,0.2826,0.23,0.3497,0.5054,89.85,knuckle_ball
RIGHT,BACK,29.9,8.12,3.94,0.3443,0.2821,0.147,0.3153,0.5042,89.64,knuckle_ball
RIGHT,BACK,32.83,7.84,3.15,0.3706,0.2896,0.1798,0.3197,0.5033,89.52,knuckle_ball
RIGHT,BACK,139.41,173.99,18.21,0.3103,0.2804,0.5386,0.8299,0.8579,80.91,knuckle_ball
RIGHT,BACK,135.7,169.16,14.79,0.2934,0.1979,0.4552,0.6926,0.879,80.37,knuckle_ball
RIGHT,BACK,136.79,177.57,19.2,0.2953,0.2285,0.4703,0.6727,0.8289,81.05,knuckle_ball
RIGHT,BACK,80.06,37.93,5.76,0.3363,0.1745,0.2297,0.3886,0.5773,82.56,knuckle_ball
RIGHT,BACK,84.44,85.53,53.46,0.377,0.1425,0.4163,0.2616,0.557,73.45,knuckle_ball
RIGHT,BACK,84.36,84.45,55.96,0.35,0.1705,0.3633,0.2098,0.5215,73.67,knuckle_ball
RIGHT,BACK,94.01,98.91,44.96,0.2909,0.1181,0.3998,0.2755,0.4878,78.49,knuckle_ball
RIGHT,BACK,87.95,95.59,46.6,0.2831,0.1083,0.3817,0.2759,0.4917,78.59,knuckle_ball
RIGHT,BACK,82.04,89.34,48.92,0.2882,0.0879,0.3504,0.2251,0.501,78.67,knuckle_ball
RIGHT,BACK,83.46,88.99,46.92,0.2994,0.2409,0.5112,0.3845,0.3334,78.39,knuckle_ball
RIGHT,BACK,86.07,89.34,50.59,0.3434,0.1544,0.4495,0.2915,0.425,78.19,knuckle_ball
RIGHT,BACK,91.35,87.96,51.43,0.4079,0.1492,0.5123,0.3117,0.4255,77.91,knuckle_ball
RIGHT,BACK,106.78,98.29,51.99,0.5112,0.0748,0.5386,0.256,0.5232,77.91,knuckle_ball
RIGHT,BACK,94.18,89.34,51.42,0.4236,0.0595,0.4359,0.2127,0.5214,78.26,knuckle_ball
RIGHT,BACK,95.11,99.62,51.28,0.3786,0.1622,0.4731,0.3084,0.436,77.68,knuckle_ball
RIGHT,BACK,101.86,98.49,51.84,0.4172,0.2188,0.5749,0.3758,0.3724,77.82,knuckle_ball
RIGHT,BACK,99.84,95.01,50.39,0.4092,0.1679,0.5406,0.3528,0.3819,78.18,knuckle_ball
RIGHT,BACK,77.8,83.09,66.72,0.3607,0.203,0.5075,0.4166,0.322,74.29,knuckle_ball
RIGHT,BACK,69.67,78.41,66.05,0.3352,0.1708,0.4384,0.3618,0.3511,74.92,knuckle_ball
RIGHT,BACK,55.51,55.31,43.38,0.2377,0.0563,0.2438,0.1221,0.4405,79.3,knuckle_ball
RIGHT,BACK,61.2,65.6,44.94,0.223,0.0478,0.2399,0.1596,0.4328,79.29,knuckle_ball
RIGHT,BACK,24.75,10.63,1.12,0.1138,0.1244,0.0609,0.218,0.4904,84.85,knuckle_ball
RIGHT,BACK,22.8,9.37,1.09,0.0821,0.1128,0.0549,0.2188,0.4964,84.57,knuckle_ball
RIGHT,BACK,18.66,8.03,2.12,0.1316,0.2165,0.1251,0.2216,0.4626,88.2,knuckle_ball
RIGHT,BACK,18.94,8.57,2.2,0.1124,0.1791,0.0796,0.2185,0.4849,88.2,knuckle_ball
RIGHT,BACK,21.7,9.91,2.98,0.094,0.162,0.1105,0.2352,0.469,88.31,knuckle_ball
RIGHT,BACK,15.37,4.25,9.71,0.3147,0.2488,0.099,0.2928,0.5166,84.67,knuckle_ball
RIGHT,BACK,19.02,3.03,9.35,0.324,0.2378,0.1178,0.2895,0.5148,84.53,knuckle_ball
RIGHT,BACK,16.9,2.37,7.63,0.3198,0.2447,0.0849,0.2804,0.5182,85.4,knuckle_ball
RIGHT,BACK,17.75,2.56,10.49,0.3136,0.2262,0.1045,0.2921,0.5209,84.73,knuckle_ball
RIGHT,BACK,163.62,167.36,44.97,0.5322,0.6938,0.6538,0.8732,0.9867,86.17,knuckle_ball
RIGHT,BACK,161.65,166.36,41.03,0.5618,0.6509,0.6731,0.8747,0.9821,86.72,knuckle_ball
RIGHT,BACK,161.9,172.0,38.08,0.5529,0.5701,0.6619,0.934,0.9649,85.64,knuckle_ball
RIGHT,BACK,160.51,177.73,22.05,0.5489,0.4895,0.6293,1.0534,1.0817,84.28,knuckle_ball
RIGHT,BACK,19.97,5.93,3.98,0.2098,0.2508,0.0772,0.2295,0.5682,83.87,knuckle_ball
RIGHT,BACK,89.54,59.88,34.48,0.317,0.0851,0.256,0.0764,0.5378,68.25,knuckle_ball
RIGHT,BACK,86.82,65.11,35.91,0.3124,0.0567,0.3487,0.1127,0.5142,68.06,knuckle_ball
RIGHT,BACK,86.37,65.11,35.44,0.3067,0.0817,0.252,0.1155,0.5409,68.03,knuckle_ball
RIGHT,BACK,87.65,65.16,32.68,0.3007,0.0651,0.3652,0.1218,0.4896,68.59,knuckle_ball
RIGHT,BACK,92.72,62.39,32.18,0.3247,0.0562,0.3808,0.11,0.4905,68.28,knuckle_ball
RIGHT,BACK,93.88,69.56,32.12,0.2972,0.1188,0.2624,0.135,0.5563,68.15,knuckle_ball
RIGHT,BACK,93.74,69.08,35.98,0.2695,0.0198,0.2577,0.112,0.5483,68.9,knuckle_ball
RIGHT,BACK,93.77,74.98,35.7,0.2715,0.0457,0.2729,0.1682,0.5203,69.03,knuckle_ball
RIGHT,BACK,95.66,78.36,36.25,0.2821,0.0167,0.2961,0.1468,0.5209,68.56,knuckle_ball
RIGHT,BACK,93.89,78.88,34.87,0.2725,0.0454,0.2614,0.1712,0.5359,68.67,knuckle_ball
RIGHT,BACK,98.6,76.54,33.0,0.3077,0.1009,0.2417,0.1904,0.5539,69.24,knuckle_ball
RIGHT,BACK,52.61,44.3,47.52,0.1816,0.1427,0.2467,0.0325,0.3676,86.26,knuckle_ball
RIGHT,BACK,52.01,45.07,49.76,0.1827,0.1625,0.2244,0.0233,0.4032,86.72,knuckle_ball
RIGHT,BACK,39.65,28.03,30.24,0.1954,0.1896,0.2336,0.0759,0.3869,89.44,knuckle_ball
RIGHT,BACK,41.88,29.52,34.08,0.2348,0.2465,0.2419,0.0629,0.3973,88.66,knuckle_ball
RIGHT,BACK,19.06,10.8,4.31,0.1141,0.1627,0.0623,0.2134,0.4739,85.03,knuckle_ball
RIGHT,BACK,8.16,22.62,36.18,0.1927,0.1822,0.3024,0.4474,0.4848,88.16,knuckle_ball
RIGHT,BACK,11.87,26.48,39.6,0.1886,0.1748,0.3036,0.4577,0.4773,87.68,knuckle_ball
RIGHT,BACK,9.03,21.86,34.6,0.2112,0.1605,0.3106,0.4587,0.4824,87.84,knuckle_ball
RIGHT,BACK,112.33,112.59,70.04,0.5918,0.151,0.4633,0.7456,0.5318,87.65,knuckle_ball
RIGHT,BACK,95.77,106.08,68.49,0.519,0.1339,0.3959,0.7054,0.5294,87.47,knuckle_ball
RIGHT,BACK,80.75,89.95,61.24,0.4959,0.1134,0.387,0.6679,0.5445,88.14,knuckle_ball
RIGHT,BACK,81.93,93.7,66.26,0.3963,0.1039,0.3493,0.6216,0.4559,88.04,knuckle_ball
RIGHT,BACK,107.43,107.87,65.54,0.5539,0.1861,0.4282,0.6772,0.4493,88.52,knuckle_ball
RIGHT,BACK,42.79,70.18,54.45,0.3781,0.1201,0.3294,0.5572,0.525,82.02,knuckle_ball
RIGHT,BACK,46.06,86.89,59.43,0.3261,0.1007,0.3659,0.5971,0.4946,83.06,knuckle_ball
RIGHT,BACK,69.21,71.74,76.59,0.801,0.4091,0.4156,0.5122,0.572,71.87,knuckle_ball
RIGHT,BACK,64.64,65.2,73.16,0.8945,0.4794,0.4223,0.53,0.5836,72.48,knuckle_ball
RIGHT,BACK,76.31,76.02,84.03,0.8881,0.4801,0.4254,0.5261,0.5382,74.28,knuckle_ball
RIGHT,BACK,61.72,60.08,67.74,0.8986,0.468,0.4309,0.5239,0.5659,77.04,knuckle_ball
RIGHT,BACK,69.95,63.78,71.26,0.8653,0.4574,0.4164,0.4823,0.4692,78.43,knuckle_ball
RIGHT,BACK,70.29,77.53,88.26,0.928,0.4877,0.442,0.5216,0.4575,76.37,knuckle_ball
RIGHT,BACK,69.36,69.79,81.85,0.8736,0.4629,0.4147,0.5127,0.5029,76.25,knuckle_ball
RIGHT,BACK,74.18,73.39,89.05,0.9001,0.468,0.4397,0.533,0.4881,75.92,knuckle_ball
RIGHT,BACK,78.85,84.82,97.29,0.9369,0.4806,0.462,0.5722,0.4962,76.89,knuckle_ball
RIGHT,BACK,75.65,77.14,92.57,0.9105,0.4699,0.444,0.5638,0.5303,77.19,knuckle_ball
RIGHT,BACK,69.82,70.64,82.9,0.8928,0.4742,0.4217,0.5068,0.4801,77.11,knuckle_ball
RIGHT,BACK,76.02,76.87,91.18,0.9044,0.4721,0.4409,0.5552,0.5042,75.52,knuckle_ball
RIGHT,BACK,70.03,73.78,87.51,0.9083,0.4819,0.4292,0.5289,0.5003,75.57,knuckle_ball
RIGHT,BACK,75.97,80.2,89.61,0.9418,0.5005,0.4488,0.4952,0.4487,75.39,knuckle_ball
RIGHT,BACK,77.98,82.95,92.4,0.9091,0.4475,0.4711,0.5267,0.4764,75.78,knuckle_ball
RIGHT,BACK,8.08,34.03,46.4,0.2501,0.1669,0.3218,0.5788,0.4293,85.07,knuckle_ball
RIGHT,BACK,7.07,25.62,44.67,0.1658,0.1489,0.244,0.4477,0.441,86.71,knuckle_ball
RIGHT,BACK,14.21,33.56,49.05,0.1987,0.1607,0.3207,0.5012,0.423,86.63,knuckle_ball
RIGHT,BACK,6.79,25.57,45.26,0.1825,0.1592,0.2615,0.4614,0.4342,86.71,knuckle_ball
RIGHT,BACK,7.01,23.04,37.1,0.1721,0.1941,0.2358,0.408,0.4144,87.45,knuckle_ball
RIGHT,BACK,6.01,23.27,44.46,0.1986,0.1679,0.2583,0.4421,0.4417,86.32,knuckle_ball
RIGHT,BACK,8.87,25.11,45.25,0.1843,0.1788,0.2477,0.4387,0.4278,86.05,knuckle_ball
RIGHT,BACK,16.42,31.78,48.3,0.1736,0.2028,0.2874,0.4655,0.4199,86.29,knuckle_ball
RIGHT,BACK,17.72,31.49,46.53,0.1894,0.1875,0.3093,0.457,0.418,86.05,knuckle_ball
RIGHT,BACK,12.82,31.73,46.55,0.2265,0.1694,0.3268,0.4906,0.4203,86.03,knuckle_ball
RIGHT,BACK,9.79,27.98,50.18,0.197,0.1787,0.2994,0.4367,0.4086,85.49,knuckle_ball
RIGHT,BACK,14.03,31.09,48.73,0.2075,0.2011,0.3359,0.4476,0.4146,85.49,knuckle_ball
RIGHT,BACK,16.05,37.74,51.14,0.2111,0.2061,0.3468,0.4886,0.415,85.42,knuckle_ball
RIGHT,BACK,8.28,26.37,45.57,0.2016,0.1982,0.2834,0.452,0.4598,82.13,knuckle_ball
RIGHT,BACK,11.75,29.35,46.79,0.1804,0.2189,0.2879,0.4623,0.466,81.61,knuckle_ball
RIGHT,BACK,11.21,27.38,43.89,0.267,0.2227,0.2704,0.4347,0.458,78.65,knuckle_ball
RIGHT,BACK,18.05,31.94,44.21,0.2551,0.2305,0.2781,0.4123,0.4584,79.35,knuckle_ball
RIGHT,BACK,18.88,33.36,50.03,0.253,0.2215,0.2885,0.4397,0.4414,78.71,knuckle_ball
RIGHT,BACK,19.74,33.64,49.57,0.2618,0.2246,0.2857,0.4436,0.4559,78.05,knuckle_ball
RIGHT,BACK,16.21,30.25,48.05,0.2988,0.2217,0.2703,0.4297,0.4573,78.55,knuckle_ball
RIGHT,BACK,13.59,28.35,42.87,0.257,0.2456,0.2666,0.4152,0.4553,79.0,knuckle_ball
RIGHT,BACK,13.59,28.44,43.5,0.2697,0.2345,0.2741,0.4303,0.4788,78.52,knuckle_ball
RIGHT,BACK,16.39,30.55,47.5,0.2766,0.2111,0.2849,0.4374,0.4464,78.08,knuckle_ball
RIGHT,BACK,14.86,27.72,42.7,0.2503,0.2125,0.2756,0.4127,0.4507,78.78,knuckle_ball
RIGHT,BACK,16.49,33.16,43.13,0.2481,0.2207,0.2362,0.372,0.4536,77.31,knuckle_ball
RIGHT,BACK,11.29,4.91,15.29,0.378,0.0707,0.4213,0.5532,0.6836,84.47,knuckle_ball
RIGHT,BACK,10.34,2.52,10.35,0.4032,0.0805,0.3973,0.5651,0.6987,84.09,knuckle_ball
RIGHT,BACK,3.05,9.73,18.62,0.3688,0.1249,0.3923,0.5494,0.6759,85.12,knuckle_ball
RIGHT,BACK,1.75,8.96,16.94,0.319,0.1015,0.3316,0.5408,0.6758,84.62,knuckle_ball
RIGHT,BACK,0.98,11.08,20.11,0.3667,0.0866,0.3541,0.5381,0.6538,85.04,knuckle_ball
RIGHT,BACK,9.17,3.79,4.11,0.3471,0.0706,0.3537,0.5236,0.6747,82.81,knuckle_ball
RIGHT,BACK,9.69,4.26,4.88,0.3519,0.0749,0.3424,0.5324,0.6902,83.29,knuckle_ball
RIGHT,BACK,10.44,5.21,0.65,0.3546,0.042,0.3665,0.561,0.722,83.29,knuckle_ball
RIGHT,BACK,9.57,2.61,9.08,0.3609,0.0535,0.3512,0.5133,0.6315,82.61,knuckle_ball
RIGHT,BACK,0.93,15.07,69.36,0.2518,0.012,0.2584,0.4845,0.4549,89.31,knuckle_ball
RIGHT,BACK,1.22,15.6,65.0,0.2367,0.022,0.2587,0.5474,0.4465,89.93,knuckle_ball
RIGHT,BACK,1.27,14.44,59.77,0.303,0.0251,0.2935,0.6321,0.4411,89.76,knuckle_ball
RIGHT,BACK,1.38,14.33,75.13,0.2469,0.0195,0.2645,0.5485,0.4566,89.32,knuckle_ball
RIGHT,BACK,1.05,11.73,74.2,0.2309,0.0448,0.2571,0.5409,0.4459,89.98,knuckle_ball
RIGHT,BACK,0.36,10.61,58.77,0.2222,0.0671,0.2594,0.5743,0.4335,89.98,knuckle_ball
RIGHT,BACK,1.97,5.87,71.92,0.2256,0.0345,0.2512,0.5616,0.4635,89.41,knuckle_ball
RIGHT,BACK,0.24,10.65,62.66,0.25,0.0689,0.2897,0.5784,0.4638,89.82,knuckle_ball
RIGHT,BACK,0.62,12.54,59.44,0.197,0.0605,0.257,0.5762,0.4446,89.57,knuckle_ball
RIGHT,BACK,1.88,11.12,60.41,0.2247,0.0364,0.2533,0.5344,0.4595,89.38,knuckle_ball
RIGHT,BACK,0.79,11.51,62.99,0.2336,0.0508,0.2762,0.5385,0.4575,89.34,knuckle_ball
RIGHT,BACK,0.19,8.13,51.65,0.1751,0.1844,0.3434,0.4504,0.4768,89.48,knuckle_ball
RIGHT,BACK,3.46,20.55,96.16,0.1469,0.1546,0.2837,0.3135,0.465,88.93,knuckle_ball
RIGHT,BACK,58.93,88.38,71.6,0.2034,0.2065,0.2226,0.4,0.3326,81.25,knuckle_ball
RIGHT,BACK,130.01,97.8,51.49,0.6638,0.0798,0.6429,0.7111,0.4468,88.21,knuckle_ball
RIGHT,BACK,93.98,65.85,55.63,0.5307,0.0919,0.561,0.6121,0.4347,88.88,knuckle_ball
RIGHT,BACK,34.99,43.43,45.67,0.334,0.1253,0.4521,0.5594,0.4857,89.42,knuckle_ball
RIGHT,BACK,14.15,4.38,31.32,0.3513,0.0854,0.4021,0.544,0.4883,87.23,knuckle_ball
RIGHT,BACK,10.33,25.56,39.82,0.3348,0.1371,0.4226,0.5838,0.5379,86.59,knuckle_ball
RIGHT,BACK,8.39,26.51,37.54,0.3534,0.1213,0.4439,0.5853,0.5437,87.62,knuckle_ball
RIGHT,BACK,27.18,25.92,38.86,0.438,0.0628,0.4638,0.6156,0.5375,87.21,knuckle_ball
RIGHT,BACK,13.42,24.44,38.55,0.4069,0.0949,0.4662,0.5639,0.5165,87.86,knuckle_ball
RIGHT,BACK,16.37,36.15,40.38,0.4151,0.1008,0.4695,0.6207,0.5305,87.06,knuckle_ball
RIGHT,BACK,0.16,30.36,37.35,0.3583,0.0776,0.3981,0.5789,0.5401,87.75,knuckle_ball
RIGHT,BACK,10.0,26.94,38.28,0.3349,0.1389,0.4275,0.5702,0.5184,87.49,knuckle_ball
RIGHT,BACK,14.31,27.17,38.19,0.3365,0.1242,0.4395,0.5936,0.5217,87.5,knuckle_ball
RIGHT,BACK,6.52,22.85,35.47,0.2888,0.1313,0.3758,0.5368,0.5158,87.16,knuckle_ball
RIGHT,BACK,18.21,28.08,36.24,0.3819,0.1041,0.4443,0.557,0.5148,86.79,knuckle_ball
RIGHT,BACK,7.43,29.21,37.81,0.3766,0.0867,0.4486,0.5405,0.5052,86.88,knuckle_ball
RIGHT,BACK,83.35,85.22,59.17,0.7127,0.3171,0.4255,0.5791,0.5366,78.11,knuckle_ball
RIGHT,BACK,24.26,12.69,1.17,0.0526,0.078,0.0674,0.2879,0.4394,87.06,knuckle_ball
RIGHT,BACK,29.21,19.6,2.15,0.1294,0.1896,0.1159,0.2957,0.4086,86.75,knuckle_ball
RIGHT,BACK,37.59,46.48,2.2,0.1775,0.2485,0.2752,0.5032,0.4213,86.8,knuckle_ball
RIGHT,BACK,35.81,27.85,0.96,0.1756,0.2126,0.2011,0.4204,0.4191,86.86,knuckle_ball
RIGHT,BACK,32.26,33.4,1.88,0.1573,0.2106,0.1735,0.4308,0.4095,86.63,knuckle_ball
RIGHT,BACK,20.53,10.56,0.29,0.1098,0.1461,0.0552,0.2973,0.426,87.01,knuckle_ball
RIGHT,BACK,19.08,6.62,0.82,0.1174,4.1182,4.1319,4.3355,4.1459,87.27,knuckle_ball
RIGHT,BACK,131.1,32.84,14.86,0.5427,0.2783,0.3135,0.3088,0.6488,77.07,knuckle_ball
RIGHT,BACK,143.6,121.78,15.68,0.6828,0.294,0.4039,0.3763,0.5869,77.73,knuckle_ball
RIGHT,BACK,19.42,32.76,55.97,0.2453,0.2031,0.2331,0.4173,0.3966,75.37,knuckle_ball
RIGHT,BACK,23.22,35.85,49.69,0.2162,0.2126,0.2814,0.3667,0.3832,76.89,knuckle_ball
RIGHT,BACK,27.44,39.81,49.47,0.2014,0.2173,0.2854,0.4052,0.3883,77.98,knuckle_ball
RIGHT,BACK,22.94,45.36,48.6,0.255,0.2171,0.304,0.5175,0.3756,77.58,knuckle_ball
RIGHT,BACK,24.41,59.35,51.05,0.2406,0.1947,0.2777,0.5376,0.4057,77.6,knuckle_ball
RIGHT,BACK,25.44,48.59,56.17,0.22,0.2432,0.2582,0.4545,0.3588,75.97,knuckle_ball
RIGHT,BACK,32.9,44.76,52.97,0.1863,0.2325,0.2962,0.3494,0.3181,76.24,knuckle_ball
RIGHT,BACK,2.82,26.42,39.83,0.2652,0.2038,0.3968,0.4501,0.4096,79.28,knuckle_ball
RIGHT,BACK,8.56,35.02,50.02,0.3396,0.2079,0.4587,0.5003,0.4297,78.14,knuckle_ball
RIGHT,BACK,103.98,115.26,43.73,0.3546,0.0875,0.4052,0.3274,0.5563,89.25,knuckle_ball
RIGHT,BACK,109.37,134.53,47.21,0.3692,0.1952,0.5225,0.5496,0.442,89.68,knuckle_ball
RIGHT,BACK,104.16,105.0,50.27,0.342,0.0948,0.4005,0.3239,0.5185,89.64,knuckle_ball
RIGHT,BACK,157.41,104.49,58.8,0.8412,0.2154,0.986,0.4381,0.3238,85.93,knuckle_ball
RIGHT,BACK,146.32,119.94,60.58,0.7079,0.2852,0.9578,0.6022,0.25,86.74,knuckle_ball
RIGHT,BACK,155.03,118.76,58.11,0.8095,0.1911,0.9591,0.5167,0.3222,86.08,knuckle_ball
RIGHT,BACK,107.12,106.73,58.64,0.4721,0.2498,0.6964,0.5075,0.2789,85.39,knuckle_ball
RIGHT,BACK,99.29,101.96,58.36,0.3977,0.2367,0.6054,0.4816,0.2991,85.58,knuckle_ball
RIGHT,BACK,113.09,111.1,62.05,0.5108,0.056,0.5451,0.3183,0.4982,84.99,knuckle_ball
RIGHT,BACK,100.95,107.08,58.5,0.3692,0.1004,0.4648,0.3636,0.4263,85.47,knuckle_ball
RIGHT,BACK,91.76,92.48,97.47,0.6694,0.3758,0.3708,0.5471,0.5282,54.4,knuckle_ball
RIGHT,BACK,149.88,116.71,116.27,0.8498,0.4263,0.4708,0.5904,0.475,68.96,knuckle_ball
RIGHT,BACK,154.01,116.51,104.99,0.9149,0.4955,0.4917,0.5929,0.4521,69.42,knuckle_ball
RIGHT,BACK,135.99,85.39,81.9,0.7148,0.2751,0.4589,0.5196,0.4949,74.31,knuckle_ball
RIGHT,BACK,142.86,85.77,98.93,0.7168,0.2572,0.4805,0.5053,0.5305,74.78,knuckle_ball
RIGHT,BACK,98.3,97.76,48.68,0.4534,0.2726,0.6807,0.4681,0.2907,80.23,knuckle_ball
RIGHT,BACK,103.96,101.31,55.56,0.4571,0.2599,0.6992,0.5087,0.3331,78.27,knuckle_ball
RIGHT,BACK,105.18,114.02,62.96,0.4929,0.0704,0.4564,0.2133,0.5721,77.83,knuckle_ball
RIGHT,BACK,107.22,114.16,67.27,0.5078,0.0578,0.4775,0.2235,0.5486,77.56,knuckle_ball
RIGHT,BACK,162.56,160.59,112.51,0.4323,0.0966,0.4463,0.573,0.6177,78.86,knuckle_ball
RIGHT,BACK,81.98,78.84,85.16,0.381,0.2236,0.3565,0.4176,0.464,63.54,knuckle_ball
RIGHT,BACK,1.13,25.25,40.47,0.3592,0.2634,0.2356,0.4455,0.4115,74.94,knuckle_ball
RIGHT,BACK,87.42,107.37,29.41,0.3449,0.1958,0.1499,0.2851,0.612,89.97,knuckle_ball
RIGHT,BACK,91.25,102.85,30.45,0.338,0.1896,0.1604,0.2498,0.5824,89.55,knuckle_ball
RIGHT,BACK,88.69,93.35,28.01,0.3552,0.2172,0.1388,0.2664,0.5818,89.86,knuckle_ball
RIGHT,BACK,82.26,106.53,29.63,0.3494,0.2049,0.146,0.2715,0.6037,89.56,knuckle_ball
RIGHT,BACK,93.28,63.9,54.07,0.6457,0.3908,0.3154,0.4243,0.467,72.52,knuckle_ball
RIGHT,BACK,126.47,71.53,67.58,0.4972,0.3097,0.3569,0.4344,0.4447,71.79,knuckle_ball
RIGHT,BACK,127.04,68.71,61.02,0.6147,0.3421,0.3472,0.4092,0.4467,72.31,knuckle_ball
RIGHT,BACK,131.72,62.97,56.51,0.5161,0.2896,0.3209,0.3879,0.4559,73.5,knuckle_ball
RIGHT,BACK,134.07,72.21,60.11,0.5939,0.3358,0.3574,0.4234,0.4326,73.12,knuckle_ball
RIGHT,BACK,133.23,80.43,63.8,0.5544,0.3145,0.3304,0.4349,0.4456,73.11,knuckle_ball
RIGHT,BACK,130.77,82.06,61.67,0.5162,0.2834,0.3428,0.4362,0.4349,73.29,knuckle_ball
RIGHT,BACK,122.12,45.33,11.48,0.4246,0.1132,0.3164,0.2931,0.5272,86.43,knuckle_ball
RIGHT,BACK,115.16,44.76,11.48,0.3978,0.1318,0.2718,0.2834,0.5328,86.21,knuckle_ball
RIGHT,BACK,114.29,47.98,9.34,0.3601,0.1221,0.2441,0.2656,0.5452,85.79,knuckle_ball
RIGHT,BACK,106.93,44.52,9.19,0.3424,0.1157,0.233,0.2781,0.5394,86.41,knuckle_ball
RIGHT,BACK,65.44,32.35,22.94,0.2433,0.0585,0.191,0.0857,0.5261,77.89,knuckle_ball
RIGHT,BACK,115.74,96.71,57.45,0.5529,0.1466,0.4668,0.2756,0.6493,80.49,knuckle_ball
RIGHT,BACK,150.59,107.56,59.03,0.8594,0.0884,0.8242,0.3811,0.58,78.9,knuckle_ball
RIGHT,BACK,90.78,96.09,55.4,0.3675,0.0191,0.3489,0.2734,0.6251,76.86,knuckle_ball
RIGHT,BACK,94.68,92.86,59.13,0.4357,0.0202,0.4317,0.3279,0.5468,75.89,knuckle_ball
RIGHT,BACK,119.61,89.61,2.08,0.5528,0.2431,0.311,0.3323,0.6202,86.5,knuckle_ball
RIGHT,BACK,119.41,116.46,11.62,0.4813,0.1481,0.3337,0.3867,0.5383,86.27,knuckle_ball
RIGHT,BACK,114.77,126.75,35.38,0.4759,0.1163,0.4866,0.2159,0.783,82.61,knuckle_ball
RIGHT,BACK,145.46,139.42,107.05,0.5615,0.3635,0.3465,0.6053,0.3575,68.08,knuckle_ball
RIGHT,BACK,142.83,138.38,109.36,0.5425,0.3584,0.3438,0.5911,0.3502,68.5,knuckle_ball
RIGHT,BACK,148.66,139.71,91.9,0.5007,0.2981,0.3272,0.5802,0.4389,70.05,knuckle_ball
RIGHT,BACK,145.36,138.38,96.47,0.4616,0.3122,0.3414,0.5718,0.3873,70.65,knuckle_ball
RIGHT,BACK,155.04,127.84,79.11,0.4525,0.1986,0.4072,0.5749,0.4375,75.12,knuckle_ball
RIGHT,BACK,131.27,169.91,31.37,0.4026,0.1668,0.2627,0.5161,0.6871,77.56,knuckle_ball
RIGHT,BACK,141.01,165.72,31.26,0.3993,0.1778,0.3153,0.551,0.7221,77.29,knuckle_ball
RIGHT,BACK,125.63,168.68,27.85,0.3631,0.1237,0.3089,0.5241,0.7439,77.47,knuckle_ball
RIGHT,BACK,137.91,178.7,34.92,0.487,0.1384,0.35,0.4661,0.5228,82.7,knuckle_ball
RIGHT,BACK,131.39,178.85,39.81,0.3983,0.0798,0.3226,0.4492,0.5138,82.68,knuckle_ball
RIGHT,BACK,133.99,175.06,54.62,0.3509,0.0904,0.3211,0.4504,0.4752,83.16,knuckle_ball
RIGHT,BACK,130.38,175.49,47.51,0.3538,0.0503,0.3059,0.4477,0.5316,82.04,knuckle_ball
RIGHT,BACK,130.05,179.1,48.56,0.4041,0.1,0.3042,0.4382,0.5085,82.1,knuckle_ball
RIGHT,BACK,18.4,7.5,21.92,0.1949,0.1726,0.1964,0.294,0.446,80.04,knuckle_ball
RIGHT,BACK,16.16,10.54,25.53,0.204,0.2238,0.221,0.313,0.4337,79.67,knuckle_ball
RIGHT,BACK,20.56,5.85,20.21,0.2234,0.2376,0.1932,0.3023,0.4828,79.89,knuckle_ball
RIGHT,BACK,17.49,5.75,22.43,0.1996,0.215,0.1462,0.2881,0.4486,79.63,knuckle_ball
RIGHT,BACK,23.72,0.26,15.39,0.1845,0.1176,0.167,0.2903,0.4839,79.95,knuckle_ball
RIGHT,BACK,143.86,174.52,33.11,0.5962,0.1951,0.4012,0.5372,0.5274,89.25,knuckle_ball
RIGHT,BACK,154.34,178.27,34.32,0.7225,0.2556,0.4678,0.7076,0.5622,88.68,knuckle_ball
RIGHT,BACK,155.02,178.19,32.58,0.6628,0.1984,0.4644,0.6446,0.5551,89.04,knuckle_ball
RIGHT,BACK,150.66,175.75,30.24,0.615,0.2037,0.4113,0.5912,0.5481,89.39,knuckle_ball
RIGHT,BACK,150.21,179.31,41.15,0.6555,0.1972,0.4591,0.6303,0.541,89.18,knuckle_ball
RIGHT,BACK,152.25,179.43,35.12,0.6001,0.1166,0.4853,0.6064,0.4892,89.31,knuckle_ball
RIGHT,BACK,133.9,178.71,28.29,0.5559,0.1765,0.4243,0.7025,0.6432,78.97,knuckle_ball
RIGHT,BACK,128.79,178.71,23.94,0.5443,0.1786,0.3964,0.6924,0.6229,78.89,knuckle_ball
RIGHT,BACK,123.87,113.02,42.53,0.6198,0.2213,0.3989,0.3543,0.6585,88.19,knuckle_ball
RIGHT,BACK,119.29,82.79,37.22,0.6529,0.2959,0.3687,0.2438,0.6631,88.48,knuckle_ball
RIGHT,BACK,137.83,116.07,30.0,0.6703,0.1961,0.4755,0.3714,0.6492,80.87,knuckle_ball
RIGHT,BACK,147.57,112.68,31.7,0.7187,0.1915,0.5307,0.3284,0.6303,81.51,knuckle_ball
RIGHT,BACK,151.62,120.26,30.46,0.7577,0.1846,0.5744,0.3483,0.6094,81.5,knuckle_ball
RIGHT,BACK,135.85,90.56,31.81,0.6427,0.1989,0.4439,0.2834,0.6332,82.61,knuckle_ball
RIGHT,BACK,130.12,105.38,29.73,0.5921,0.1631,0.43,0.2986,0.6184,82.21,knuckle_ball
RIGHT,BACK,153.77,131.64,26.15,0.7476,0.1958,0.6345,0.4167,0.692,80.6,knuckle_ball
RIGHT,BACK,125.46,124.85,17.53,0.6461,0.3314,0.3549,0.2396,0.7103,77.37,knuckle_ball
RIGHT,BACK,122.91,115.39,17.6,0.6257,0.3392,0.3362,0.2361,0.695,77.92,knuckle_ball
RIGHT,BACK,126.19,121.58,17.55,0.6978,0.3691,0.3715,0.2486,0.7239,77.76,knuckle_ball
RIGHT,BACK,123.5,114.48,16.08,0.6707,0.3773,0.3411,0.216,0.7087,78.58,knuckle_ball
RIGHT,BACK,147.42,131.69,118.14,0.7,0.4815,0.4647,0.5694,0.3529,65.86,knuckle_ball
RIGHT,BACK,146.06,133.21,116.08,0.664,0.4383,0.437,0.5693,0.3523,66.26,knuckle_ball
RIGHT,BACK,151.01,134.59,122.58,0.6902,0.4571,0.484,0.5621,0.3351,65.9,knuckle_ball
RIGHT,BACK,140.78,135.45,122.18,0.6214,0.3258,0.4377,0.6676,0.4482,66.74,knuckle_ball
RIGHT,BACK,140.69,136.14,121.77,0.6336,0.4711,0.3871,0.5692,0.3523,65.69,knuckle_ball
RIGHT,BACK,142.68,134.91,125.75,0.6388,0.4951,0.4293,0.5794,0.3403,65.02,knuckle_ball
RIGHT,BACK,151.3,134.17,120.18,0.7352,0.4082,0.5849,0.6787,0.4364,65.12,knuckle_ball
RIGHT,BACK,154.64,131.26,119.6,0.7816,0.5656,0.6163,0.5756,0.3378,64.73,knuckle_ball
RIGHT,BACK,146.13,133.36,124.3,0.7033,0.531,0.4793,0.5831,0.3231,64.95,knuckle_ball
RIGHT,BACK,145.61,133.47,116.74,0.6517,0.4521,0.459,0.5715,0.328,65.15,knuckle_ball
RIGHT,BACK,148.79,131.65,115.14,0.658,0.4277,0.4917,0.6023,0.3528,65.9,knuckle_ball
RIGHT,BACK,144.11,134.31,126.7,0.6831,0.5166,0.4349,0.5855,0.3885,64.44,knuckle_ball
RIGHT,BACK,146.02,155.4,35.25,0.7745,0.304,0.48,0.5129,0.6342,83.74,knuckle_ball
RIGHT,BACK,151.65,155.76,36.32,0.7925,0.3068,0.4967,0.4806,0.6339,83.69,knuckle_ball
RIGHT,BACK,148.74,146.72,34.98,0.7767,0.2832,0.5019,0.43,0.6321,83.86,knuckle_ball
RIGHT,BACK,144.53,147.22,35.92,0.749,0.2873,0.4718,0.4329,0.6303,83.84,knuckle_ball
RIGHT,BACK,153.52,145.09,54.05,0.7006,0.229,0.5579,0.431,0.6028,79.63,knuckle_ball
RIGHT,BACK,155.82,86.42,46.32,0.7175,0.2588,0.5934,0.083,0.6332,78.17,knuckle_ball
RIGHT,BACK,156.09,153.12,51.29,0.7361,0.1578,0.6407,0.5059,0.5739,79.71,knuckle_ball
RIGHT,BACK,160.71,154.39,50.06,0.7795,0.1404,0.7156,0.5217,0.5602,79.8,knuckle_ball
RIGHT,BACK,155.27,153.11,49.21,0.7572,0.247,0.6285,0.5197,0.582,79.81,knuckle_ball
