hand_side,orientation,index_angle,middle_angle,ring_angle,thumb_index_distance,ball_thumb_distance,ball_index_distance,ball_middle_distance,ball_ring_distance,wrist_angle,wrist_rotation_angle,thumb_angle,index_curl,middle_curl,ring_curl,pinky_curl,index_middle_distance,middle_ring_distance,ring_pinky_distance,ball_index_mcp_distance,ball_middle_mcp_distance,ball_ring_mcp_distance,ball_coverage_ratio,label
RIGHT,PALM,126.04,114.74,132.16,0.8953,0.4705,0.5146,0.4178,0.7031,83.34,-98.86,176.79,126.04,114.74,132.16,162.83,0.1065,1.1199,0.1467,0.3087,0.5029,0.691,0.4662,seam_grip
RIGHT,PALM,127.87,121.84,132.36,0.909,0.5224,0.4753,0.4177,0.7432,83.62,-99.0,178.32,127.87,121.84,132.36,160.39,0.0893,1.1594,0.1405,0.2925,0.4833,0.6835,0.4465,seam_grip
RIGHT,PALM,123.67,120.61,128.52,0.9122,0.5713,0.4156,0.3715,0.7881,83.27,-99.5,179.92,123.67,120.61,128.52,153.41,0.0779,1.1583,0.1522,0.3341,0.5055,0.7052,0.3936,seam_grip
RIGHT,PALM,121.14,116.68,128.52,0.9099,0.5777,0.4157,0.3627,0.7862,82.32,-100.48,179.79,121.14,116.68,128.52,148.54,0.0731,1.1489,0.1548,0.2971,0.4679,0.6639,0.3892,seam_grip
RIGHT,PALM,114.21,111.73,122.62,0.8937,0.4687,0.4728,0.435,0.654,81.45,-102.21,172.06,114.21,111.73,122.62,145.99,0.0711,1.0799,0.1594,0.3121,0.4914,0.6777,0.4539,seam_grip
RIGHT,PALM,137.02,137.07,126.45,0.8628,0.4477,0.4838,0.4462,0.6885,83.13,-98.12,176.26,137.02,137.07,126.45,140.06,0.0524,1.1324,0.1861,0.4203,0.5894,0.7483,0.465,seam_grip
RIGHT,PALM,129.61,129.35,113.98,0.7115,0.4021,0.447,0.4337,0.6716,89.59,-87.86,175.86,129.61,129.35,113.98,109.18,0.0134,1.0976,0.1759,0.4264,0.5559,0.6579,0.4403,seam_grip
RIGHT,BACK,130.49,140.99,60.6,0.6806,0.1607,0.5998,0.4479,0.7077,84.6,-76.84,170.79,130.49,140.99,60.6,40.17,0.2474,1.1491,0.1618,0.6756,0.6783,0.709,0.5238,seam_grip
RIGHT,BACK,127.82,140.92,55.2,0.662,0.1288,0.5495,0.4288,0.7286,84.55,-76.56,171.52,127.82,140.92,55.2,41.22,0.2455,1.1447,0.164,0.6816,0.6851,0.7296,0.4891,seam_grip
RIGHT,BACK,124.55,133.71,54.06,0.602,0.1803,0.4264,0.3458,0.7743,85.87,-78.47,173.13,124.55,133.71,54.06,38.86,0.2216,1.0971,0.17,0.6718,0.69,0.7464,0.3861,seam_grip
RIGHT,BACK,124.14,133.94,54.82,0.615,0.1462,0.4764,0.3913,0.6988,86.19,-78.94,165.89,124.14,133.94,54.82,43.01,0.2227,1.0789,0.1774,0.6574,0.6351,0.653,0.4338,seam_grip
RIGHT,BACK,123.65,140.33,58.41,0.5779,0.1503,0.7054,0.6354,0.4698,86.99,-79.47,164.03,123.65,140.33,58.41,47.7,0.219,1.0935,0.1766,0.586,0.5043,0.446,0.6704,seam_grip
RIGHT,BACK,141.0,154.84,77.48,0.5969,0.0496,0.5505,0.4176,0.6646,86.65,-78.06,171.62,141.0,154.84,77.48,39.9,0.3264,1.022,0.2532,0.8308,0.8324,0.8853,0.484,seam_grip
RIGHT,BACK,141.79,152.32,46.91,0.5276,0.1547,0.5084,0.4466,0.7817,83.82,-75.35,176.57,141.79,152.32,46.91,21.58,0.307,1.0985,0.1882,0.6932,0.7218,0.8389,0.4775,seam_grip
RIGHT,BACK,135.63,146.63,8.73,0.5847,0.1594,0.5,0.3079,0.6551,77.36,-70.05,168.29,135.63,146.63,8.73,0.9,0.3288,0.9507,0.299,0.7794,0.7371,0.8272,0.4039,seam_grip
RIGHT,BACK,142.46,149.44,0.41,0.7369,0.2683,0.4957,0.2578,0.6233,72.76,-66.22,159.86,142.46,149.44,0.41,10.41,0.3386,0.8625,0.2702,0.6669,0.6208,0.7504,0.3768,seam_grip
RIGHT,BACK,117.7,130.85,2.22,0.4992,0.2242,0.3015,0.292,0.8116,76.33,-68.93,176.69,117.7,130.85,2.22,14.09,0.2889,0.9267,0.2469,0.6808,0.7146,0.9024,0.2968,seam_grip
RIGHT,BACK,77.67,67.27,4.98,0.5262,0.2273,0.3144,0.3154,0.5028,75.39,-70.0,150.19,77.67,67.27,4.98,22.56,0.2796,0.6776,0.1982,0.3588,0.3445,0.5357,0.3149,seam_grip
RIGHT,BACK,140.37,150.3,5.33,0.5226,0.044,0.5046,0.4324,0.6617,86.85,-78.81,174.72,140.37,150.3,5.33,12.21,0.3144,1.019,0.2639,0.7099,0.7331,0.8695,0.4685,seam_grip
RIGHT,BACK,141.48,148.24,14.36,0.5475,0.0515,0.5162,0.4201,0.7298,88.31,-82.93,173.47,141.48,148.24,14.36,17.6,0.3633,1.0419,0.207,0.7967,0.8408,0.9679,0.4681,seam_grip
RIGHT,BACK,139.11,148.61,0.85,0.4957,0.0018,0.4975,0.3729,0.653,87.93,-79.86,176.02,139.11,148.61,0.85,18.31,0.3272,0.9831,0.3006,0.8203,0.8385,0.9684,0.4352,seam_grip
RIGHT,BACK,141.05,141.11,2.3,0.5839,0.1635,0.5861,0.2517,0.6022,83.98,-76.5,174.09,141.05,141.11,2.3,17.79,0.3896,0.8532,0.2815,0.8735,0.8325,0.9219,0.4189,seam_grip
RIGHT,BACK,131.29,82.44,2.93,0.6875,0.3547,0.3947,0.1489,0.7152,79.1,-72.48,169.53,131.29,82.44,2.93,10.6,0.4134,0.7677,0.2519,0.6909,0.6612,0.806,0.2718,seam_grip
RIGHT,BACK,102.04,22.55,4.94,0.6,0.3456,0.2719,0.1874,0.6763,77.76,-71.6,162.24,102.04,22.55,4.94,10.55,0.4246,0.5517,0.2407,0.5278,0.513,0.6963,0.2296,seam_grip
RIGHT,BACK,143.65,172.42,11.39,0.7157,0.1004,0.6852,0.5799,0.5344,78.53,-71.88,165.67,143.65,172.42,11.39,23.08,0.3398,0.9187,0.2863,0.3395,0.3945,0.6591,0.6326,seam_grip
RIGHT,BACK,152.75,175.4,29.31,0.7442,0.1249,0.6708,0.595,0.5168,80.97,-74.22,170.38,152.75,175.4,29.31,30.07,0.3552,1.0558,0.3791,0.6985,0.7519,0.9382,0.6329,seam_grip
RIGHT,BACK,153.19,173.85,37.2,0.7173,0.1617,0.6092,0.5117,0.5839,82.18,-74.94,171.36,153.19,173.85,37.2,33.72,0.3686,1.0351,0.4197,0.8619,0.9506,1.1415,0.5605,seam_grip
RIGHT,BACK,156.68,175.07,21.35,0.9071,0.2904,0.6182,0.4795,0.7451,79.06,-72.3,166.04,156.68,175.07,21.35,27.72,0.4137,1.0648,0.3251,0.7779,0.8889,1.1207,0.5489,seam_grip
RIGHT,BACK,159.47,174.25,18.47,0.9957,0.3356,0.6855,0.5387,0.7653,78.63,-71.91,165.05,159.47,174.25,18.47,26.09,0.4465,1.0837,0.3075,0.6717,0.7993,1.0548,0.6121,seam_grip
RIGHT,BACK,128.33,139.8,45.83,0.5592,0.1204,0.4628,0.3774,0.7166,89.6,-81.92,169.65,128.33,139.8,45.83,36.35,0.2407,1.0858,0.2027,0.6917,0.6408,0.6602,0.4201,seam_grip
RIGHT,BACK,130.2,139.9,46.46,0.5673,0.0823,0.5003,0.3962,0.6959,89.61,-82.75,170.0,130.2,139.9,46.46,37.76,0.2569,1.0816,0.2061,0.6707,0.6213,0.6406,0.4482,seam_grip
RIGHT,BACK,174.46,151.87,31.42,0.6127,0.1411,0.4881,0.3877,0.61,78.74,-73.51,166.46,174.46,151.87,31.42,39.48,0.2897,0.8879,0.3203,0.5515,0.6547,0.8748,0.4379,seam_grip
RIGHT,BACK,154.11,173.74,25.39,0.864,0.4668,0.4097,0.3457,0.6749,78.76,-73.66,153.41,154.11,173.74,25.39,36.92,0.3099,0.8478,0.2759,0.5643,0.6497,0.8548,0.3777,seam_grip
RIGHT,BACK,145.04,163.34,61.67,0.6092,0.0951,0.5349,0.4868,0.3263,85.21,-77.51,176.35,145.04,163.34,61.67,48.19,0.3247,0.7449,0.4682,0.746,0.7879,0.9354,0.5109,seam_grip
RIGHT,BACK,132.67,141.01,65.45,0.5427,0.0659,0.6061,0.4582,0.6664,83.74,-87.89,178.9,132.67,141.01,65.45,124.0,0.3264,1.1041,0.1882,0.7714,0.7631,0.7776,0.5322,seam_grip
RIGHT,BACK,137.67,144.57,2.39,0.5344,0.0499,0.4852,0.3205,0.6472,77.88,-70.81,178.22,137.67,144.57,2.39,8.39,0.3269,0.9167,0.2763,0.6301,0.6123,0.752,0.4029,seam_grip
RIGHT,BACK,137.44,140.42,12.28,0.4833,0.1389,0.5311,0.4219,0.6445,80.82,-73.39,179.86,137.44,140.42,12.28,1.64,0.3324,0.9539,0.2597,0.538,0.5293,0.6798,0.4765,seam_grip
RIGHT,BACK,137.43,143.68,15.65,0.4564,0.2118,0.6233,0.5157,0.5924,83.3,-75.45,179.03,137.43,143.68,15.65,2.39,0.3463,1.0177,0.2489,0.5449,0.5096,0.6342,0.5695,seam_grip
RIGHT,BACK,125.66,122.43,21.8,0.5195,0.1319,0.3882,0.2617,0.7402,80.31,-73.08,175.84,125.66,122.43,21.8,9.92,0.317,0.9273,0.2423,0.6974,0.6524,0.7508,0.325,seam_grip
RIGHT,BACK,120.86,111.18,30.48,0.5399,0.1649,0.5061,0.2472,0.6449,78.1,-71.4,170.86,120.86,111.18,30.48,23.24,0.3246,0.892,0.2319,0.7246,0.6053,0.6265,0.3767,seam_grip
RIGHT,BACK,108.35,91.77,23.51,0.4905,0.3337,0.1588,0.2112,0.8669,75.95,-69.48,179.12,108.35,91.77,23.51,10.99,0.2726,0.8373,0.2383,0.6694,0.6544,0.8016,0.185,seam_grip
RIGHT,BACK,111.95,93.19,29.14,0.5439,0.355,0.2103,0.1446,0.8643,79.2,-72.42,173.4,111.95,93.19,29.14,18.88,0.2901,0.8798,0.2178,0.751,0.6842,0.7825,0.1775,seam_grip
RIGHT,BACK,96.94,90.32,41.38,0.4598,0.0772,0.4017,0.3412,0.6205,82.89,-76.05,173.98,96.94,90.32,41.38,39.0,0.2598,0.885,0.1876,0.5188,0.3843,0.4247,0.3714,seam_grip
RIGHT,BACK,85.28,86.56,46.69,0.3481,0.0428,0.3267,0.2766,0.6187,83.67,-76.86,177.69,85.28,86.56,46.69,39.2,0.2658,0.8122,0.1695,0.5501,0.4261,0.4481,0.3017,seam_grip
RIGHT,BACK,101.53,98.23,41.59,0.4242,0.0872,0.4929,0.4097,0.5297,82.31,-75.42,179.02,101.53,98.23,41.59,33.53,0.2795,0.8673,0.1851,0.486,0.3403,0.3581,0.4513,seam_grip
RIGHT,BACK,119.45,126.53,40.25,0.4631,0.5047,0.2919,0.475,1.0511,86.53,-79.53,177.9,119.45,126.53,40.25,32.32,0.2235,0.9649,0.1931,0.6619,0.7186,0.8754,0.3835,seam_grip
RIGHT,BACK,115.56,128.9,64.79,0.5373,0.2064,0.6692,0.5784,0.4354,88.9,-84.4,160.95,115.56,128.9,64.79,69.14,0.2396,1.0138,0.2012,0.6889,0.5757,0.4624,0.6238,seam_grip
RIGHT,BACK,4.84,8.72,27.23,0.2703,0.1502,0.1206,0.1386,0.3873,74.25,-69.55,148.79,4.84,8.72,27.23,37.73,0.2036,0.3802,0.2453,0.1982,0.2868,0.5167,0.1296,seam_grip
RIGHT,BACK,6.47,5.59,24.67,0.2819,0.1785,0.1036,0.1376,0.384,74.8,-70.07,144.65,6.47,5.59,24.67,37.12,0.2092,0.3353,0.2433,0.1936,0.2817,0.5136,0.1206,seam_grip
RIGHT,BACK,16.15,2.08,12.47,0.3159,0.2173,0.0986,0.1125,0.4379,74.46,-69.05,142.35,16.15,2.08,12.47,27.05,0.2026,0.3747,0.2217,0.2278,0.2444,0.4694,0.1055,seam_grip
RIGHT,BACK,42.18,27.94,13.39,0.3895,0.2136,0.224,0.0979,0.5079,73.64,-67.67,150.09,42.18,27.94,13.39,4.33,0.2203,0.5869,0.2069,0.3999,0.2936,0.4235,0.161,seam_grip
RIGHT,BACK,67.11,48.28,35.77,0.4254,0.2326,0.2385,0.1355,0.5893,73.69,-67.22,164.26,67.11,48.28,35.77,14.06,0.2398,0.6833,0.1918,0.462,0.3418,0.4409,0.187,seam_grip
RIGHT,BACK,104.87,95.83,41.99,0.4493,0.141,0.3336,0.243,0.6103,75.2,-68.46,171.45,104.87,95.83,41.99,21.48,0.2216,0.83,0.1876,0.5377,0.417,0.4785,0.2883,seam_grip
RIGHT,BACK,128.81,139.83,48.99,0.6011,0.2289,0.4161,0.3359,0.6929,79.76,-72.7,162.33,128.81,139.83,48.99,29.41,0.2256,1.0078,0.1643,0.6253,0.5575,0.6157,0.376,seam_grip
RIGHT,BACK,131.4,147.05,55.52,0.6552,0.2126,0.5521,0.4543,0.617,83.45,-76.37,162.38,131.4,147.05,55.52,33.35,0.2305,1.0698,0.1653,0.6876,0.6262,0.6319,0.5032,seam_grip
RIGHT,BACK,105.78,113.13,31.93,0.4304,0.1238,0.3074,0.2927,0.6198,80.03,-73.28,170.13,105.78,113.13,31.93,12.08,0.1986,0.8453,0.1837,0.4931,0.4269,0.5261,0.3,seam_grip
RIGHT,BACK,125.76,134.68,62.74,0.5369,0.0427,0.5754,0.459,0.5392,84.06,-77.53,172.58,125.76,134.68,62.74,44.23,0.2357,0.998,0.139,0.6621,0.6171,0.5859,0.5172,seam_grip
RIGHT,BACK,125.93,131.1,72.46,0.4567,0.1481,0.477,0.4056,0.5941,87.63,-81.99,177.18,125.93,131.1,72.46,54.29,0.1367,0.9809,0.1051,0.5185,0.5556,0.6053,0.4413,seam_grip
RIGHT,BACK,74.07,12.49,6.59,0.5026,0.2434,0.2658,0.1279,0.5195,84.6,-79.02,143.03,74.07,12.49,6.59,10.53,0.3032,0.496,0.1943,0.3061,0.2638,0.4467,0.1969,seam_grip
RIGHT,BACK,101.89,4.12,16.25,0.4795,0.1825,0.319,0.1506,0.4113,88.61,-83.74,140.93,101.89,4.12,16.25,45.59,0.3234,0.4198,0.1927,0.2165,0.2047,0.4038,0.2348,seam_grip
RIGHT,BACK,17.09,5.34,15.97,0.2764,0.2785,0.1139,0.2425,0.4603,88.9,-83.9,144.51,17.09,5.34,15.97,52.34,0.2048,0.3287,0.1876,0.1172,0.2368,0.4627,0.1782,seam_grip
RIGHT,BACK,173.58,146.92,36.03,0.6437,0.1287,0.6699,0.3654,0.3655,89.17,-84.82,169.33,173.58,146.92,36.03,52.85,0.404,0.6291,0.1894,0.3388,0.3861,0.5855,0.5177,seam_grip
RIGHT,BACK,172.7,171.1,33.12,0.6577,0.0567,0.6338,0.5465,0.4628,89.32,-86.1,164.31,172.7,171.1,33.12,49.81,0.2763,0.8125,0.2151,0.3084,0.4058,0.6143,0.5902,seam_grip
RIGHT,BACK,113.2,178.72,25.7,0.4182,0.123,0.2982,0.4468,0.4129,86.55,-88.64,157.1,113.2,178.72,25.7,39.27,0.2789,0.7925,0.2421,0.3608,0.3412,0.5121,0.3725,seam_grip
RIGHT,BACK,23.74,7.42,2.93,0.2922,0.2051,0.0901,0.1416,0.4894,84.99,-90.11,162.87,23.74,7.42,2.93,26.59,0.2053,0.4794,0.19,0.2918,0.223,0.4146,0.1158,seam_grip
RIGHT,BACK,31.4,11.36,6.49,0.321,0.2832,0.0462,0.1621,0.5491,84.0,-90.99,164.07,31.4,11.36,6.49,13.0,0.2044,0.4715,0.187,0.3396,0.2615,0.4388,0.1041,seam_grip
RIGHT,BACK,16.47,0.3,18.38,0.3183,0.2397,0.0914,0.119,0.4339,88.58,-86.84,149.22,16.47,0.3,18.38,44.98,0.2102,0.3453,0.2095,0.3323,0.3109,0.4882,0.1052,seam_grip
RIGHT,BACK,25.76,8.13,4.94,0.2938,0.2769,0.0449,0.2224,0.5675,85.6,-89.24,162.23,25.76,8.13,4.94,27.77,0.2012,0.489,0.1863,0.2912,0.313,0.5211,0.1337,seam_grip
RIGHT,BACK,19.14,7.02,12.73,0.306,0.2074,0.1046,0.1243,0.4441,87.39,-87.7,151.48,19.14,7.02,12.73,39.15,0.2273,0.3699,0.1958,0.3062,0.2598,0.4422,0.1144,seam_grip
RIGHT,BACK,15.82,4.79,14.22,0.2804,0.1981,0.0908,0.1209,0.4235,87.32,-87.81,152.1,15.82,4.79,14.22,39.57,0.2115,0.3505,0.2027,0.2949,0.2608,0.4479,0.1059,seam_grip
RIGHT,BACK,90.52,11.86,0.98,0.4945,0.2761,0.2209,0.1988,0.6138,87.3,-86.3,158.4,90.52,11.86,0.98,32.4,0.4122,0.4288,0.1053,0.5713,0.5855,0.7474,0.2098,seam_grip
RIGHT,BACK,58.57,10.88,0.57,0.4126,0.2549,0.1748,0.2064,0.59,87.41,-86.37,159.72,58.57,10.88,0.57,22.99,0.364,0.4031,0.1238,0.5123,0.5333,0.704,0.1906,seam_grip
RIGHT,BACK,152.0,0.1,25.31,0.6171,0.2474,0.3871,0.1247,0.4416,87.32,-86.35,163.41,152.0,0.1,25.31,49.15,0.462,0.3252,0.2803,0.5881,0.6045,0.7636,0.2559,seam_grip
RIGHT,BACK,92.5,6.46,8.77,0.4824,0.2847,0.1989,0.1838,0.5239,87.63,-86.2,160.51,92.5,6.46,8.77,30.69,0.3786,0.3432,0.2295,0.6045,0.6205,0.7826,0.1913,seam_grip
RIGHT,BACK,174.7,116.77,93.84,0.7104,0.0971,0.6468,0.2788,0.3333,89.06,-84.01,166.21,174.7,116.77,93.84,55.69,0.4621,0.3594,0.3516,0.5211,0.5576,0.739,0.4628,seam_grip
RIGHT,BACK,173.8,121.23,35.15,0.7255,0.0826,0.6471,0.2949,0.4035,89.51,-84.32,159.91,173.8,121.23,35.15,38.81,0.4563,0.5899,0.2726,0.5102,0.5507,0.7359,0.471,seam_grip
RIGHT,BACK,174.49,106.8,35.84,0.7902,0.1671,0.6263,0.1934,0.4823,89.3,-84.2,159.99,174.49,106.8,35.84,39.88,0.5184,0.5899,0.2808,0.6086,0.6532,0.8327,0.4099,seam_grip
RIGHT,BACK,173.36,90.42,35.36,0.7689,0.2064,0.567,0.1595,0.4947,89.18,-84.09,159.19,173.36,90.42,35.36,39.37,0.5023,0.5639,0.2789,0.6136,0.6546,0.8316,0.3632,seam_grip
RIGHT,BACK,174.67,98.73,42.44,0.8484,0.1774,0.6739,0.1847,0.3872,89.0,-84.22,159.35,174.67,98.73,42.44,44.27,0.5584,0.4926,0.3084,0.5685,0.5991,0.7719,0.4293,seam_grip
RIGHT,BACK,174.88,96.56,40.13,0.8343,0.1876,0.6502,0.1905,0.4049,89.1,-84.27,160.02,174.88,96.56,40.13,43.08,0.534,0.5198,0.2929,0.5575,0.5868,0.7595,0.4203,seam_grip
RIGHT,BACK,176.22,58.48,32.26,0.7782,0.0883,0.6901,0.2042,0.4618,89.91,-84.89,161.86,176.22,58.48,32.26,37.59,0.5879,0.5469,0.2608,0.5277,0.582,0.7738,0.4472,seam_grip
RIGHT,BACK,175.12,17.45,25.03,0.6448,0.0647,0.5841,0.177,0.3778,87.48,-87.58,156.88,175.12,17.45,25.03,39.87,0.4836,0.4754,0.1976,0.3736,0.3723,0.5534,0.3806,seam_grip
RIGHT,BACK,117.28,11.08,0.17,0.5232,0.2013,0.3803,0.0459,0.4656,86.77,-86.99,150.04,117.28,11.08,0.17,173.74,0.3979,0.4323,0.3751,0.5073,0.4017,0.4905,0.2131,seam_grip
RIGHT,BACK,74.6,17.65,12.7,0.4567,0.2135,0.2957,0.1022,0.5599,86.41,-87.22,153.64,74.6,17.65,12.7,3.59,0.3763,0.4593,0.1492,0.5196,0.4054,0.4812,0.199,seam_grip
RIGHT,BACK,94.87,28.7,27.4,0.4535,0.1768,0.3236,0.0651,0.5949,85.98,-87.43,160.66,94.87,28.7,27.4,15.01,0.3849,0.5301,0.1753,0.5504,0.419,0.4642,0.1943,seam_grip
RIGHT,BACK,161.41,65.87,37.59,0.6256,0.0864,0.5503,0.141,0.5847,84.23,-89.15,168.01,161.41,65.87,37.59,28.05,0.5042,0.6786,0.1813,0.545,0.4307,0.4581,0.3457,seam_grip
RIGHT,BACK,119.39,79.98,43.5,0.3785,0.0297,0.3489,0.2088,0.5515,84.23,-89.39,167.5,119.39,79.98,43.5,37.78,0.2551,0.7293,0.1771,0.5277,0.3961,0.3883,0.2789,seam_grip
RIGHT,BACK,117.15,105.15,44.22,0.3457,0.0761,0.2736,0.2227,0.5943,84.38,-89.04,165.92,117.15,105.15,44.22,36.66,0.174,0.7817,0.1689,0.5489,0.439,0.4423,0.2481,seam_grip
RIGHT,BACK,110.38,116.14,48.15,0.3418,0.1289,0.2246,0.239,0.6162,84.44,-89.21,164.62,110.38,116.14,48.15,40.98,0.1817,0.8226,0.1687,0.5469,0.439,0.444,0.2318,seam_grip
RIGHT,BACK,104.95,118.52,48.68,0.3048,0.1197,0.2058,0.2469,0.6132,84.79,-88.81,165.71,104.95,118.52,48.68,40.03,0.2082,0.8292,0.1662,0.5605,0.4498,0.4517,0.2263,seam_grip
RIGHT,BACK,111.39,126.51,50.07,0.2842,0.0536,0.2336,0.273,0.5987,84.86,-88.69,168.32,111.39,126.51,50.07,42.01,0.198,0.8481,0.1624,0.568,0.4538,0.4424,0.2533,seam_grip
RIGHT,BACK,122.53,134.73,52.33,0.2919,0.0735,0.2459,0.2968,0.614,84.53,-89.07,169.63,122.53,134.73,52.33,46.79,0.1712,0.8756,0.1539,0.5483,0.4458,0.4381,0.2714,seam_grip
RIGHT,BACK,119.27,132.24,54.03,0.2916,0.089,0.2485,0.3139,0.6228,84.21,-89.46,170.07,119.27,132.24,54.03,51.52,0.1819,0.8872,0.1537,0.5257,0.4246,0.4181,0.2812,seam_grip
RIGHT,BACK,50.49,24.55,26.96,0.2749,0.2025,0.1536,0.0471,0.4986,88.34,-85.89,152.94,50.49,24.55,26.96,12.72,0.1962,0.454,0.1622,0.4726,0.3035,0.3423,0.1004,seam_grip
RIGHT,BACK,33.23,16.51,19.64,0.2353,0.174,0.1433,0.1014,0.515,88.75,-85.32,152.47,33.23,16.51,19.64,4.25,0.1889,0.4144,0.1581,0.4484,0.3072,0.3741,0.1224,seam_grip
RIGHT,BACK,49.6,30.58,33.29,0.2207,0.1278,0.1299,0.0434,0.5718,83.07,-91.09,175.5,49.6,30.58,33.29,20.49,0.1715,0.5625,0.1398,0.5216,0.3665,0.3942,0.0866,seam_grip
RIGHT,BACK,46.43,30.54,34.74,0.1942,0.1224,0.1342,0.0369,0.5594,83.22,-91.12,174.35,46.43,30.54,34.74,21.92,0.1621,0.5281,0.1424,0.5325,0.3762,0.3931,0.0855,seam_grip
RIGHT,BACK,24.33,11.98,0.76,0.2295,0.102,0.1837,0.0886,0.3094,86.73,-81.36,143.49,24.33,11.98,0.76,15.12,0.2106,0.235,0.2464,0.441,0.3344,0.4384,0.1362,seam_grip
RIGHT,BACK,14.49,1.06,12.35,0.1303,0.378,0.2478,0.4269,0.6894,85.97,-80.78,151.71,14.49,1.06,12.35,30.68,0.1814,0.3077,0.2066,0.375,0.5522,0.7894,0.3373,seam_grip
RIGHT,BACK,26.29,12.11,4.34,0.1926,0.1984,0.031,0.1529,0.4722,85.07,-79.75,148.26,26.29,12.11,4.34,14.52,0.1591,0.3578,0.1647,0.291,0.2542,0.4201,0.092,seam_grip
RIGHT,BACK,29.45,14.67,10.88,0.186,0.1993,0.0207,0.1548,0.4858,84.87,-79.43,146.67,29.45,14.67,10.88,7.83,0.1525,0.3811,0.1618,0.2905,0.2385,0.401,0.0877,seam_grip
RIGHT,BACK,30.16,16.1,15.99,0.1987,0.1581,0.0581,0.1081,0.4697,84.55,-79.04,146.66,30.16,16.1,15.99,1.06,0.1656,0.3955,0.1672,0.3129,0.2165,0.3578,0.0831,seam_grip
RIGHT,BACK,33.94,12.84,7.86,0.2508,0.2136,0.0972,0.1934,0.5068,84.99,-79.41,148.02,33.94,12.84,7.86,10.15,0.1849,0.4008,0.1706,0.2489,0.2464,0.4431,0.1453,seam_grip
RIGHT,BACK,39.14,15.98,12.36,0.2823,0.2836,0.1012,0.2414,0.5953,86.06,-80.25,150.74,39.14,15.98,12.36,6.92,0.2008,0.4416,0.1642,0.2961,0.3066,0.4993,0.1713,seam_grip
RIGHT,BACK,156.76,177.13,42.35,0.7252,0.3166,0.5166,0.5694,0.7904,82.2,-74.95,168.68,156.76,177.13,42.35,43.19,0.4084,0.8494,0.3517,0.8706,1.0908,1.3709,0.543,seam_grip
RIGHT,BACK,160.8,176.65,72.89,0.7799,0.1388,0.6424,0.4991,0.4481,82.69,-75.62,168.23,160.8,176.65,72.89,68.51,0.4476,0.6737,0.3923,0.7603,0.9071,1.1531,0.5707,seam_grip
RIGHT,BACK,164.74,177.91,55.98,0.6821,0.1256,0.5662,0.4328,0.5091,82.43,-75.2,166.08,164.74,177.91,55.98,47.82,0.405,0.7577,0.3958,0.8384,0.9542,1.1825,0.4995,seam_grip
RIGHT,BACK,172.65,158.15,67.89,0.4501,0.1689,0.5524,0.5549,0.3106,75.48,-70.29,164.69,172.65,158.15,67.89,70.32,0.2438,0.7626,0.3155,0.5849,0.7014,0.9271,0.5536,seam_grip
RIGHT,BACK,157.56,171.76,19.04,0.5709,0.0934,0.4908,0.514,0.6238,87.97,-80.02,171.12,157.56,171.76,19.04,24.02,0.3156,0.9972,0.3549,0.7106,0.7946,0.9902,0.5024,seam_grip
RIGHT,BACK,152.67,169.42,14.2,0.5541,0.1202,0.4622,0.5198,0.5733,86.71,-79.52,167.51,152.67,169.42,14.2,20.68,0.2953,0.9203,0.2852,0.5518,0.6171,0.8146,0.491,seam_grip
RIGHT,BACK,155.4,171.67,18.61,0.5155,0.0488,0.4909,0.4908,0.4408,85.94,-79.18,168.1,155.4,171.67,18.61,25.55,0.2872,0.8302,0.2547,0.5267,0.5408,0.7041,0.4909,seam_grip
RIGHT,BACK,131.15,124.58,5.31,0.5536,0.4158,0.1476,0.2755,0.7961,85.32,-78.9,167.5,131.15,124.58,5.31,13.43,0.2806,0.769,0.2408,0.6904,0.7442,0.9269,0.2116,seam_grip
RIGHT,BACK,128.59,99.93,7.75,0.5095,0.2691,0.2715,0.2892,0.7551,89.33,-83.76,173.84,128.59,99.93,7.75,2.48,0.2773,0.812,0.2366,0.5886,0.608,0.7789,0.2803,seam_grip
RIGHT,BACK,78.32,23.09,6.64,0.4157,0.1032,0.323,0.1556,0.466,86.31,-80.21,158.28,78.32,23.09,6.64,2.18,0.2725,0.5736,0.2405,0.4666,0.3683,0.4898,0.2393,seam_grip
RIGHT,BACK,2.12,14.12,26.95,0.2568,0.2761,0.0851,0.1627,0.4281,78.25,-74.26,155.82,2.12,14.12,26.95,35.84,0.2478,0.42,0.2597,0.3449,0.4381,0.6608,0.1239,seam_grip
RIGHT,BACK,1.32,12.57,24.69,0.2451,0.31,0.102,0.0982,0.3523,77.55,-73.97,162.49,1.32,12.57,24.69,34.49,0.198,0.314,0.236,0.2736,0.3412,0.5594,0.1001,seam_grip
RIGHT,BACK,5.39,9.77,24.26,0.1973,0.2115,0.0655,0.1251,0.4054,73.12,-68.78,149.72,5.39,9.77,24.26,35.71,0.187,0.3216,0.2631,0.2654,0.3541,0.5928,0.0953,seam_grip
RIGHT,BACK,123.17,113.3,119.01,0.2639,0.274,0.4204,0.3465,0.3169,67.65,-66.1,167.94,123.17,113.3,119.01,123.46,0.175,0.2638,0.3096,0.3524,0.5769,0.7934,0.3835,seam_grip
RIGHT,BACK,137.8,130.35,134.64,0.3871,0.2965,0.5097,0.4263,0.3587,67.25,-66.41,168.35,137.8,130.35,134.64,139.62,0.1577,0.2456,0.2988,0.3986,0.621,0.8195,0.468,seam_grip
RIGHT,BACK,137.37,128.52,134.54,0.3781,0.2907,0.5253,0.4753,0.4008,67.42,-66.99,166.87,137.37,128.52,134.54,141.82,0.1524,0.2467,0.3069,0.4233,0.6553,0.8473,0.5003,seam_grip
RIGHT,BACK,141.11,129.1,133.9,0.3575,0.2948,0.5213,0.4485,0.3166,67.85,-67.59,169.25,141.11,129.1,133.9,138.19,0.1608,0.2829,0.3543,0.3945,0.6069,0.7944,0.4849,seam_grip
RIGHT,BACK,142.44,125.18,128.04,0.3249,0.2788,0.4957,0.424,0.2969,68.39,-68.12,170.28,142.44,125.18,128.04,129.78,0.1635,0.3085,0.3552,0.4038,0.6111,0.7976,0.4599,seam_grip
RIGHT,BACK,138.84,123.88,128.99,0.3044,0.2705,0.4697,0.4044,0.2945,68.91,-68.6,170.84,138.84,123.88,128.99,131.94,0.1604,0.28,0.3376,0.4101,0.6074,0.7906,0.4371,seam_grip
RIGHT,BACK,139.02,116.1,92.78,0.2338,0.3487,0.4036,0.3464,0.2032,71.37,-69.84,167.42,139.02,116.1,92.78,92.95,0.182,0.4181,0.3215,0.3665,0.5047,0.6991,0.375,seam_grip
RIGHT,BACK,107.3,98.97,14.75,0.3427,0.1888,0.3495,0.203,0.6063,82.42,-76.35,157.53,107.3,98.97,14.75,2.05,0.23,0.8087,0.2157,0.6531,0.566,0.6345,0.2763,seam_grip
RIGHT,BACK,137.92,144.94,45.47,0.5883,0.3697,0.3294,0.2154,0.8523,89.63,-83.28,161.42,137.92,144.94,45.47,34.55,0.2272,1.0648,0.1685,0.8371,0.7901,0.8226,0.2724,seam_grip
RIGHT,BACK,144.45,147.76,63.48,0.6175,0.2849,0.6069,0.4572,0.5986,88.54,-85.02,157.06,144.45,147.76,63.48,60.26,0.2416,1.0434,0.1474,0.7763,0.6785,0.601,0.532,seam_grip
RIGHT,BACK,136.61,138.6,75.06,0.4246,0.0747,0.4863,0.4475,0.5865,86.69,-87.13,171.17,136.61,138.6,75.06,77.03,0.1446,1.0296,0.0968,0.6154,0.561,0.4973,0.4669,seam_grip
RIGHT,BACK,9.87,17.39,22.52,0.179,0.216,0.3264,0.1534,0.4079,86.98,-82.8,158.19,9.87,17.39,22.52,36.2,0.2951,0.427,0.2128,0.3492,0.4156,0.6209,0.2399,seam_grip
RIGHT,BACK,61.57,48.7,35.99,0.1045,0.3209,0.3343,0.2556,0.3596,85.95,-82.18,159.34,61.57,48.7,35.99,42.66,0.2097,0.4867,0.2357,0.3309,0.4417,0.6526,0.295,seam_grip
RIGHT,BACK,94.54,59.19,40.27,0.1181,0.3375,0.3675,0.2585,0.3297,85.55,-82.03,159.17,94.54,59.19,40.27,45.62,0.2108,0.4978,0.2403,0.3493,0.4492,0.6549,0.313,seam_grip
RIGHT,BACK,75.74,57.35,40.08,0.1092,0.3382,0.3524,0.2636,0.3451,85.36,-81.98,159.33,75.74,57.35,40.08,44.36,0.21,0.4961,0.237,0.3466,0.4619,0.6705,0.308,seam_grip
RIGHT,BACK,54.05,51.94,33.82,0.0985,0.2646,0.3225,0.3839,0.5334,82.65,-79.18,158.1,54.05,51.94,33.82,40.12,0.2127,0.5274,0.2561,0.3566,0.581,0.8209,0.3532,seam_grip
RIGHT,BACK,19.38,3.16,12.12,0.1476,0.0292,0.1586,0.1057,0.4538,89.14,-84.1,147.61,19.38,3.16,12.12,30.47,0.2182,0.4498,0.2012,0.4364,0.4377,0.6082,0.1322,seam_grip
RIGHT,BACK,33.0,0.18,12.93,0.2546,0.0429,0.2133,0.1235,0.4074,89.77,-84.64,146.33,33.0,0.18,12.93,33.74,0.2382,0.4269,0.2032,0.4237,0.41,0.5813,0.1684,seam_grip
RIGHT,BACK,19.79,5.52,14.2,0.1325,0.215,0.133,0.1632,0.5853,89.77,-84.81,159.1,19.79,5.52,14.2,29.5,0.2613,0.4234,0.2121,0.5952,0.6061,0.7559,0.1481,seam_grip
RIGHT,BACK,172.37,175.84,28.52,0.681,0.2145,0.4708,0.5175,0.5746,80.76,-92.69,168.99,172.37,175.84,28.52,41.34,0.3093,1.0122,0.2104,0.7528,0.7458,0.8635,0.4941,seam_grip
RIGHT,BACK,173.21,175.78,27.67,0.696,0.2249,0.4733,0.5076,0.5959,80.86,-92.48,168.53,173.21,175.78,27.67,40.64,0.3116,1.0095,0.2136,0.7681,0.7675,0.8929,0.4905,seam_grip
RIGHT,BACK,171.94,177.15,27.42,0.6734,0.2236,0.4544,0.4878,0.5811,81.21,-92.19,168.0,171.94,177.15,27.42,40.88,0.312,0.983,0.2067,0.7624,0.753,0.8731,0.4711,seam_grip
RIGHT,BACK,169.07,175.75,47.51,0.7185,0.3162,0.4172,0.4762,0.5027,80.31,-92.93,169.23,169.07,175.75,47.51,51.62,0.2704,0.7704,0.2923,0.7538,0.78,0.9284,0.4467,seam_grip
RIGHT,BACK,170.12,176.69,167.48,0.7199,0.258,0.465,0.5056,0.5589,79.16,-93.89,170.65,170.12,176.69,167.48,122.97,0.2818,0.3642,0.5869,0.8027,0.81,0.943,0.4853,seam_grip
RIGHT,BACK,166.12,178.69,24.99,0.7015,0.251,0.4546,0.5026,0.4702,81.35,-92.31,165.36,166.12,178.69,24.99,36.75,0.294,0.8701,0.2268,0.6896,0.6525,0.768,0.4786,seam_grip
RIGHT,BACK,164.21,179.81,23.85,0.6889,0.2878,0.4054,0.4278,0.535,83.67,-90.57,163.52,164.21,179.81,23.85,37.71,0.2752,0.8948,0.2076,0.6564,0.6232,0.7477,0.4166,seam_grip
RIGHT,BACK,171.94,173.4,29.3,0.5591,0.1313,0.6223,0.6319,0.3679,85.53,-89.01,166.54,171.94,173.4,29.3,44.78,0.2702,0.9327,0.2282,0.5118,0.4853,0.6373,0.6271,seam_grip
RIGHT,BACK,173.77,162.87,31.52,0.5339,0.1387,0.526,0.3703,0.4993,88.4,-83.43,163.8,173.77,162.87,31.52,39.51,0.2872,0.7813,0.2339,0.5967,0.6363,0.7999,0.4481,seam_grip
RIGHT,BACK,37.31,25.03,9.41,0.2525,0.251,0.0483,0.1539,0.5954,87.67,-81.64,154.1,37.31,25.03,9.41,6.88,0.1851,0.5262,0.2006,0.4716,0.4457,0.5938,0.1011,seam_grip
RIGHT,BACK,35.84,24.05,7.31,0.2448,0.2954,0.097,0.1734,0.6168,86.88,-81.02,155.37,35.84,24.05,7.31,9.3,0.176,0.5042,0.2062,0.4803,0.4716,0.6242,0.1352,seam_grip
RIGHT,BACK,44.22,31.07,7.28,0.2663,0.2489,0.0187,0.17,0.5614,86.97,-80.96,155.96,44.22,31.07,7.28,8.91,0.1759,0.5448,0.2017,0.4415,0.4217,0.5708,0.0943,seam_grip
RIGHT,BACK,85.75,46.92,5.85,0.4218,0.2933,0.1609,0.2145,0.5792,87.25,-81.32,151.45,85.75,46.92,5.85,12.48,0.2006,0.6145,0.1875,0.4487,0.4408,0.597,0.1877,seam_grip
RIGHT,BACK,151.53,54.05,8.33,0.6367,0.3016,0.407,0.2548,0.6486,89.35,-84.41,163.3,151.53,54.05,8.33,14.29,0.3437,0.6992,0.1528,0.4162,0.4303,0.6027,0.3309,seam_grip
RIGHT,BACK,161.22,142.42,4.65,0.6712,0.2807,0.4915,0.3677,0.6355,88.83,-84.72,169.31,161.22,142.42,4.65,19.93,0.2962,0.8462,0.152,0.4305,0.4421,0.6126,0.4296,seam_grip
RIGHT,BACK,155.84,118.1,4.85,0.6647,0.3127,0.4509,0.311,0.6618,88.46,-85.19,167.31,155.84,118.1,4.85,18.53,0.3116,0.7843,0.1615,0.4527,0.4672,0.636,0.3809,seam_grip
RIGHT,BACK,157.3,61.95,8.3,0.6914,0.265,0.4995,0.2392,0.6186,88.25,-85.38,165.72,157.3,61.95,8.3,11.27,0.4048,0.6833,0.163,0.4321,0.4285,0.5852,0.3694,seam_grip
RIGHT,BACK,152.95,47.44,8.91,0.6583,0.2587,0.479,0.2246,0.6112,88.34,-85.24,166.78,152.95,47.44,8.91,10.28,0.4034,0.6507,0.1632,0.4256,0.4202,0.5782,0.3518,seam_grip
RIGHT,BACK,161.65,124.62,1.37,0.7076,0.2699,0.5302,0.3379,0.5916,88.92,-84.78,168.11,161.65,124.62,1.37,23.82,0.3505,0.7744,0.1548,0.4151,0.4161,0.5843,0.4341,seam_grip
RIGHT,BACK,178.02,175.6,23.21,0.5643,0.1624,0.6832,0.6059,0.4477,88.21,-83.1,173.33,178.02,175.6,23.21,41.96,0.2547,0.9389,0.1962,0.3349,0.3949,0.5959,0.6446,seam_grip
RIGHT,BACK,179.02,167.61,26.51,0.4995,0.2191,0.6226,0.5418,0.4903,87.33,-82.59,170.81,179.02,167.61,26.51,41.7,0.2486,0.9385,0.2094,0.3841,0.4552,0.6543,0.5822,seam_grip
RIGHT,BACK,178.37,165.06,26.02,0.4779,0.1582,0.5443,0.4782,0.5357,87.27,-82.55,168.19,178.37,165.06,26.02,41.69,0.2455,0.9173,0.2118,0.4293,0.5001,0.6949,0.5113,seam_grip
RIGHT,BACK,179.24,165.13,26.52,0.4668,0.2446,0.6278,0.5452,0.469,87.19,-82.46,169.14,179.24,165.13,26.52,40.97,0.2408,0.9208,0.215,0.3713,0.4397,0.6406,0.5865,seam_grip
RIGHT,BACK,177.84,162.39,26.56,0.4384,0.2383,0.5954,0.5146,0.4809,87.13,-82.41,168.62,177.84,162.39,26.56,40.11,0.2435,0.9034,0.216,0.3817,0.4523,0.6528,0.555,seam_grip
RIGHT,BACK,161.95,132.73,49.36,0.3103,0.2637,0.5501,0.4984,0.4177,80.78,-77.23,162.66,161.95,132.73,49.36,59.63,0.2255,0.7381,0.2957,0.3836,0.5502,0.782,0.5242,seam_grip
RIGHT,BACK,165.21,129.35,48.74,0.4143,0.286,0.6671,0.4888,0.4117,81.67,-78.0,164.87,165.21,129.35,48.74,57.84,0.2994,0.7661,0.305,0.3859,0.5326,0.7607,0.5779,seam_grip
RIGHT,BACK,168.49,136.48,55.84,0.4689,0.2833,0.6898,0.4897,0.3636,81.46,-78.0,165.29,168.49,136.48,55.84,65.97,0.2939,0.7695,0.3083,0.4304,0.5508,0.7653,0.5898,seam_grip
RIGHT,BACK,166.21,141.95,50.56,0.4115,0.2505,0.6419,0.5335,0.4083,81.33,-77.48,163.38,166.21,141.95,50.56,60.12,0.2699,0.7801,0.2971,0.3952,0.5473,0.777,0.5877,seam_grip
RIGHT,BACK,166.87,141.55,49.38,0.4425,0.2566,0.6747,0.5436,0.4164,81.21,-77.45,164.14,166.87,141.55,49.38,62.22,0.27,0.8212,0.3015,0.3931,0.5407,0.7702,0.6092,seam_grip
RIGHT,BACK,167.05,135.53,48.46,0.3789,0.2726,0.6062,0.4918,0.4168,81.24,-77.55,164.14,167.05,135.53,48.46,60.12,0.2572,0.7769,0.3132,0.3979,0.5386,0.7662,0.549,seam_grip
RIGHT,BACK,165.32,131.63,52.1,0.4219,0.3001,0.6852,0.4936,0.4005,81.31,-77.67,164.69,165.32,131.63,52.1,61.96,0.3115,0.7574,0.3165,0.3987,0.5487,0.7778,0.5894,seam_grip
RIGHT,BACK,159.19,140.09,136.77,0.3659,0.3023,0.6088,0.5632,0.3127,78.46,-77.18,167.11,159.19,140.09,136.77,143.24,0.1692,0.3538,0.3401,0.4268,0.6026,0.8052,0.586,seam_grip
RIGHT,BACK,158.24,140.61,141.4,0.3731,0.2979,0.6064,0.5725,0.3431,77.39,-76.75,168.38,158.24,140.61,141.4,148.26,0.1549,0.3135,0.3356,0.4336,0.6143,0.8082,0.5895,seam_grip
RIGHT,BACK,26.81,6.88,7.92,0.1095,0.1045,0.0801,0.136,0.4336,87.33,-87.74,158.99,26.81,6.88,7.92,25.21,0.2001,0.366,0.1952,0.4209,0.4052,0.5581,0.108,seam_grip
RIGHT,BACK,22.61,7.67,7.32,0.0794,0.1144,0.0728,0.127,0.4012,87.72,-87.46,159.53,22.61,7.67,7.32,25.37,0.1904,0.3462,0.1903,0.3807,0.3583,0.5117,0.0999,seam_grip
RIGHT,BACK,31.32,9.05,7.03,0.1569,0.1161,0.1012,0.1376,0.4167,87.65,-87.49,159.89,31.32,9.05,7.03,23.94,0.1982,0.3736,0.1947,0.3941,0.3736,0.5235,0.1194,seam_grip
RIGHT,BACK,150.85,116.71,63.04,0.323,0.2342,0.5432,0.5163,0.4041,86.38,-83.88,168.19,150.85,116.71,63.04,74.86,0.1697,0.6146,0.2351,0.409,0.5947,0.8017,0.5298,seam_grip
RIGHT,BACK,150.96,117.35,64.53,0.3051,0.2815,0.5783,0.5616,0.4379,86.06,-83.63,168.15,150.96,117.35,64.53,75.74,0.16,0.604,0.243,0.4319,0.6369,0.8457,0.57,seam_grip
RIGHT,BACK,148.63,110.81,65.48,0.2945,0.2762,0.5619,0.5326,0.4277,85.82,-83.43,167.92,148.63,110.81,65.48,75.35,0.1631,0.5653,0.2425,0.4308,0.6335,0.8408,0.5472,seam_grip
RIGHT,BACK,139.96,94.52,61.67,0.2563,0.2885,0.5381,0.4841,0.4321,85.57,-83.23,164.85,139.96,94.52,61.67,69.98,0.1816,0.53,0.2363,0.4243,0.6308,0.838,0.5111,seam_grip
RIGHT,BACK,140.05,92.96,60.36,0.2493,0.2751,0.5178,0.4698,0.4366,85.35,-83.06,163.7,140.05,92.96,60.36,67.41,0.1788,0.5412,0.2382,0.4282,0.6309,0.8372,0.4938,seam_grip
RIGHT,BACK,161.19,153.58,149.27,0.459,0.3425,0.6377,0.6872,0.4928,77.24,-75.6,167.97,161.19,153.58,149.27,146.57,0.2161,0.3148,0.4638,0.8964,1.031,1.1926,0.6625,seam_grip
RIGHT,BACK,159.35,159.47,158.28,0.707,0.1474,0.6952,0.8113,0.7413,69.02,-68.74,171.09,159.35,159.47,158.28,160.96,0.1989,0.2872,0.3483,0.8669,1.0754,1.2502,0.7532,seam_grip
RIGHT,BACK,171.14,162.87,142.2,0.5228,0.3107,0.8101,0.9995,0.5683,80.79,-79.6,178.98,171.14,162.87,142.2,136.98,0.3207,0.6698,0.4753,1.1624,1.3885,1.5775,0.9048,seam_grip
RIGHT,BACK,177.43,169.44,130.26,0.8612,0.0748,0.8855,1.1775,0.6062,89.4,-87.47,174.53,177.43,169.44,130.26,135.66,0.4675,0.8838,0.3668,1.4458,1.6052,1.7697,1.0315,seam_grip
RIGHT,BACK,176.51,169.38,117.19,0.8151,0.0485,0.8544,1.161,0.5634,88.61,-88.08,175.49,176.51,169.38,117.19,120.85,0.4804,1.0082,0.3671,1.4053,1.5484,1.7019,1.0077,seam_grip
RIGHT,BACK,178.23,168.61,129.85,0.9178,0.0845,0.8524,1.0333,0.5019,86.86,-88.85,175.17,178.23,168.61,129.85,116.19,0.4439,0.9074,0.4953,1.5071,1.6038,1.7362,0.9428,seam_grip
RIGHT,BACK,179.11,168.68,126.62,0.9246,0.1358,0.8825,1.0898,0.4856,84.34,-90.86,171.89,179.11,168.68,126.62,134.53,0.4687,0.8991,0.4197,1.479,1.591,1.735,0.9862,seam_grip
RIGHT,BACK,176.55,168.72,98.47,0.8431,0.0513,0.8378,0.9946,0.3641,82.68,-92.22,172.08,176.55,168.72,98.47,114.1,0.4585,1.1316,0.3819,1.379,1.4648,1.5945,0.9162,seam_grip
RIGHT,BACK,175.61,169.16,114.84,0.7818,0.0124,0.7698,0.8904,0.2358,80.73,-93.79,172.85,175.61,169.16,114.84,124.52,0.4939,0.9152,0.4599,1.3326,1.4018,1.5157,0.8301,seam_grip
RIGHT,BACK,175.19,168.37,116.35,0.7564,0.0577,0.8131,0.9386,0.2423,81.76,-93.05,172.56,175.19,168.37,116.35,141.96,0.4976,0.8956,0.468,1.3578,1.4318,1.5537,0.8758,seam_grip
RIGHT,BACK,134.66,96.6,9.86,0.4617,0.1851,0.3377,0.3118,0.6521,83.08,-75.84,167.3,134.66,96.6,9.86,6.57,0.261,0.7723,0.23,0.4817,0.4857,0.6655,0.3247,seam_grip
RIGHT,BACK,116.72,47.33,16.09,0.4494,0.1987,0.297,0.2264,0.6786,83.53,-76.24,164.62,116.72,47.33,16.09,1.04,0.3065,0.679,0.2238,0.4746,0.4688,0.6425,0.2617,seam_grip
RIGHT,BACK,142.84,99.35,17.74,0.4046,0.0552,0.3606,0.2862,0.6898,84.98,-77.68,173.92,142.84,99.35,17.74,3.1,0.2674,0.8094,0.2006,0.4918,0.4846,0.6455,0.3234,seam_grip
RIGHT,BACK,120.3,79.26,22.63,0.4466,0.172,0.2759,0.1813,0.6851,86.64,-79.71,177.19,120.3,79.26,22.63,8.47,0.2348,0.7906,0.1981,0.5651,0.501,0.6048,0.2286,seam_grip
RIGHT,BACK,122.75,87.32,24.31,0.4491,0.1529,0.2969,0.1922,0.6733,86.77,-79.76,177.57,122.75,87.32,24.31,11.45,0.2324,0.8148,0.2033,0.5876,0.507,0.5921,0.2445,seam_grip
RIGHT,BACK,126.09,108.42,28.29,0.4347,0.1301,0.3087,0.2398,0.6908,88.33,-81.34,178.69,126.09,108.42,28.29,18.06,0.2172,0.8634,0.1932,0.5829,0.5135,0.5925,0.2743,seam_grip
RIGHT,BACK,140.14,113.98,24.13,0.4834,0.2027,0.2807,0.2227,0.6737,87.55,-81.08,174.35,140.14,113.98,24.13,10.45,0.229,0.8175,0.2023,0.5959,0.5277,0.6251,0.2517,seam_grip
RIGHT,BACK,130.8,95.9,25.6,0.4175,0.1411,0.28,0.2142,0.6328,88.01,-81.64,174.78,130.8,95.9,25.6,12.2,0.2234,0.7556,0.2006,0.5506,0.475,0.5698,0.2471,seam_grip
RIGHT,BACK,179.6,175.16,73.41,0.4176,0.1722,0.5203,0.4903,0.361,83.68,-78.62,161.12,179.6,175.16,73.41,68.04,0.2551,0.4905,0.2781,0.387,0.4698,0.6845,0.5053,seam_grip
RIGHT,BACK,177.76,172.43,79.21,0.4413,0.1844,0.5433,0.4832,0.3329,83.51,-78.76,164.06,177.76,172.43,79.21,89.63,0.2577,0.4809,0.2459,0.3751,0.4665,0.6746,0.5132,seam_grip
RIGHT,BACK,145.39,145.24,148.05,0.696,0.2579,0.9425,1.0783,0.9049,50.51,-53.95,152.18,145.39,145.24,148.05,148.67,0.2644,0.3295,0.5122,1.2822,1.6148,1.8003,1.0104,seam_grip
RIGHT,BACK,144.96,144.45,148.7,0.6719,0.2603,0.9111,1.0405,0.8234,51.19,-55.21,153.4,144.96,144.45,148.7,151.77,0.2616,0.3224,0.5159,1.2595,1.5738,1.7417,0.9758,seam_grip
RIGHT,BACK,151.02,149.95,150.9,0.5572,0.3287,0.8851,1.0546,0.8433,57.44,-60.46,164.43,151.02,149.95,150.9,153.47,0.2571,0.3437,0.4573,1.3237,1.6514,1.8364,0.9699,seam_grip
RIGHT,BACK,155.42,154.13,152.71,0.5551,0.324,0.8257,0.9614,0.7401,62.54,-64.16,163.74,155.42,154.13,152.71,153.18,0.2806,0.3851,0.4753,1.2938,1.5808,1.7655,0.8936,seam_grip
RIGHT,BACK,165.69,160.02,161.27,0.548,0.319,0.8636,0.9758,0.9343,67.81,-67.94,165.23,165.69,160.02,161.27,158.92,0.2889,0.3484,0.5023,1.2612,1.5432,1.7451,0.9197,seam_grip
RIGHT,BACK,175.46,170.03,157.25,0.5401,0.1904,0.669,0.7998,0.6591,81.63,-75.33,169.96,175.46,170.03,157.25,151.63,0.3048,0.3715,0.5517,1.1194,1.3273,1.563,0.7344,seam_grip
RIGHT,BACK,143.91,146.74,151.51,0.5999,0.273,0.8292,0.9837,0.8949,58.27,-61.37,163.3,143.91,146.74,151.51,157.32,0.2132,0.2191,0.3695,0.9993,1.2724,1.4305,0.9064,seam_grip
RIGHT,BACK,140.99,151.93,38.38,0.6107,0.184,0.5156,0.4722,0.8959,89.27,-80.74,175.62,140.99,151.93,38.38,15.77,0.2754,1.3035,0.2066,0.8486,0.9065,1.0149,0.4939,seam_grip
RIGHT,BACK,141.42,154.04,33.22,0.6116,0.2305,0.4732,0.4556,0.9184,89.19,-80.79,176.53,141.42,154.04,33.22,9.54,0.2702,1.2958,0.228,0.8517,0.9239,1.0485,0.4644,seam_grip
RIGHT,BACK,139.8,145.2,35.35,0.6379,0.2088,0.548,0.5035,0.8454,82.09,-88.57,176.41,139.8,145.2,35.35,13.36,0.1926,1.3053,0.2252,0.7491,0.8331,0.9551,0.5257,seam_grip
RIGHT,BACK,133.96,141.91,42.03,0.5297,0.1195,0.5239,0.4526,0.7476,72.66,-98.41,178.49,133.96,141.91,42.03,16.51,0.2217,1.1891,0.208,0.8284,0.8785,0.9439,0.4882,seam_grip
RIGHT,BACK,129.44,145.4,38.79,0.4083,0.1471,0.5159,0.507,0.6388,74.71,-96.87,178.32,129.44,145.4,38.79,19.19,0.2153,1.1401,0.1909,0.7416,0.7447,0.7768,0.5115,seam_grip
RIGHT,BACK,130.01,142.1,37.17,0.3914,0.1118,0.4966,0.4569,0.66,75.6,-95.9,177.54,130.01,142.1,37.17,19.42,0.2052,1.1145,0.1865,0.7842,0.7694,0.7873,0.4767,seam_grip
RIGHT,BACK,130.98,139.41,37.31,0.4113,0.0951,0.5017,0.4424,0.6504,75.73,-95.78,178.29,130.98,139.41,37.31,19.89,0.2081,1.0892,0.1794,0.7782,0.7535,0.768,0.472,seam_grip
RIGHT,BACK,152.81,155.52,7.33,0.4732,0.0795,0.4737,0.4018,0.6302,82.78,-88.96,179.55,152.81,155.52,7.33,6.13,0.2979,0.9869,0.2492,0.7826,0.7739,0.8566,0.4378,seam_grip
RIGHT,BACK,157.98,160.03,0.82,0.5291,0.1037,0.4912,0.4429,0.5771,86.5,-85.58,175.51,157.98,160.03,0.82,15.97,0.3097,0.9211,0.2515,0.6926,0.6991,0.8221,0.467,seam_grip
RIGHT,BACK,154.03,156.48,5.11,0.5262,0.0704,0.4579,0.3647,0.5524,88.53,-83.93,172.92,154.03,156.48,5.11,17.02,0.303,0.8341,0.2685,0.6878,0.6937,0.8204,0.4113,seam_grip
RIGHT,BACK,150.36,123.62,7.59,0.3986,0.1665,0.3974,0.1956,0.5301,87.24,-80.68,164.86,150.36,123.62,7.59,18.47,0.3156,0.6814,0.2586,0.6748,0.6659,0.8025,0.2965,seam_grip
RIGHT,BACK,58.28,3.47,15.04,0.2316,0.1063,0.1486,0.203,0.6432,84.42,-78.63,161.65,58.28,3.47,15.04,26.46,0.2788,0.5725,0.25,0.5882,0.6762,0.8904,0.1758,seam_grip
RIGHT,BACK,17.9,4.64,18.89,0.0888,0.1056,0.0826,0.1784,0.5873,84.96,-79.34,163.16,17.9,4.64,18.89,31.72,0.2596,0.4496,0.2434,0.5948,0.6872,0.8912,0.1305,seam_grip
RIGHT,BACK,99.37,5.81,11.03,0.29,0.1752,0.168,0.1536,0.5706,85.25,-79.4,158.16,99.37,5.81,11.03,21.54,0.3216,0.4294,0.2246,0.6772,0.7175,0.8834,0.1608,seam_grip
RIGHT,BACK,22.36,4.81,9.1,0.2162,0.0703,0.1479,0.1267,0.3853,89.02,-84.05,152.95,22.36,4.81,9.1,36.17,0.2541,0.2915,0.1536,0.3077,0.2945,0.4625,0.1373,seam_grip
RIGHT,BACK,34.61,4.61,10.5,0.3208,0.1538,0.189,0.1519,0.3991,89.11,-84.34,150.03,34.61,4.61,10.5,37.16,0.3101,0.272,0.1579,0.2885,0.2924,0.4622,0.1704,seam_grip
RIGHT,BACK,50.06,15.15,10.46,0.3562,0.2036,0.2596,0.2185,0.3729,88.38,-86.07,154.88,50.06,15.15,10.46,45.06,0.1595,0.4908,0.1736,0.2396,0.1979,0.3875,0.239,seam_grip
RIGHT,BACK,43.56,16.15,4.96,0.3104,0.2415,0.1787,0.1938,0.4453,88.28,-85.98,154.96,43.56,16.15,4.96,37.98,0.144,0.4825,0.1798,0.249,0.2249,0.4225,0.1863,seam_grip
RIGHT,BACK,40.35,19.3,22.27,0.2455,0.1977,0.0479,0.1314,0.5547,84.81,-89.39,165.31,40.35,19.3,22.27,3.15,0.174,0.4676,0.1602,0.3792,0.2854,0.4121,0.0897,seam_grip
RIGHT,BACK,41.78,19.65,22.74,0.2554,0.175,0.0804,0.1055,0.5345,84.52,-89.6,165.41,41.78,19.65,22.74,5.91,0.1753,0.477,0.1687,0.3913,0.2773,0.3915,0.093,seam_grip
RIGHT,BACK,42.21,19.91,24.89,0.259,0.1787,0.2741,0.1084,0.484,84.63,-89.46,166.12,42.21,19.91,24.89,8.49,0.1808,0.4843,0.1708,0.5661,0.3733,0.3469,0.1913,seam_grip
RIGHT,BACK,90.04,61.61,35.93,0.307,0.1213,0.3354,0.1824,0.5092,79.95,-93.82,174.42,90.04,61.61,35.93,26.02,0.1922,0.6878,0.1628,0.6733,0.5165,0.4615,0.2589,seam_grip
RIGHT,BACK,97.79,80.41,41.54,0.3134,0.0834,0.3243,0.208,0.5356,77.06,-96.13,176.17,97.79,80.41,41.54,32.4,0.1944,0.7433,0.1573,0.7073,0.5628,0.499,0.2662,seam_grip
RIGHT,BACK,139.1,121.04,126.17,0.4932,0.0674,0.5225,0.5075,0.3882,80.75,-80.88,174.45,139.1,121.04,126.17,136.66,0.0955,0.259,0.2974,0.4294,0.6128,0.7688,0.515,seam_grip
RIGHT,BACK,135.74,122.68,133.22,0.5155,0.0811,0.5502,0.5363,0.4337,78.86,-79.78,173.0,135.74,122.68,133.22,143.94,0.0868,0.2216,0.3094,0.4501,0.6513,0.801,0.5432,seam_grip
RIGHT,BACK,131.8,120.01,131.08,0.4745,0.0769,0.5304,0.5183,0.4131,78.9,-79.97,172.41,131.8,120.01,131.08,142.38,0.0773,0.2188,0.3193,0.4683,0.6713,0.819,0.5243,seam_grip
RIGHT,BACK,133.53,119.94,131.7,0.4803,0.0709,0.5245,0.5057,0.4158,79.07,-80.1,172.49,133.53,119.94,131.7,144.5,0.0734,0.2052,0.3165,0.4808,0.6782,0.823,0.5151,seam_grip
RIGHT,BACK,128.33,119.41,131.02,0.7062,0.2264,0.5241,0.4986,0.4233,77.82,-79.77,172.52,128.33,119.41,131.02,141.98,0.1059,0.1858,0.2508,0.5169,0.7134,0.8425,0.5113,seam_grip
RIGHT,BACK,127.94,118.61,129.87,0.7061,0.2566,0.5218,0.4918,0.4228,77.56,-80.0,172.86,127.94,118.61,129.87,143.49,0.106,0.1645,0.192,0.5148,0.7052,0.8226,0.5068,seam_grip
RIGHT,BACK,135.69,130.93,138.58,0.9047,0.476,0.5391,0.4415,0.3856,70.12,-73.51,170.1,135.69,130.93,138.58,143.62,0.1421,0.1221,0.1301,0.6169,0.7249,0.7627,0.4903,seam_grip
RIGHT,BACK,136.98,132.73,139.52,0.913,0.4614,0.5556,0.4672,0.411,69.91,-73.32,168.83,136.98,132.73,139.52,144.62,0.1251,0.1208,0.1344,0.6451,0.7487,0.7818,0.5114,seam_grip
RIGHT,BACK,172.58,156.88,36.06,0.6238,0.2036,0.4202,0.3756,0.5267,86.14,-82.58,159.92,172.58,156.88,36.06,51.05,0.2335,0.7887,0.2548,0.5373,0.6034,0.7814,0.3979,seam_grip
RIGHT,BACK,125.47,103.92,14.21,0.4801,0.1653,0.4356,0.2636,0.5157,84.61,-89.08,171.76,125.47,103.92,14.21,2.79,0.2408,0.7789,0.2004,0.6895,0.5612,0.5641,0.3496,seam_grip
RIGHT,BACK,110.76,117.84,31.27,0.3573,0.1108,0.4207,0.3706,0.5111,80.86,-92.22,177.62,110.76,117.84,31.27,22.8,0.2104,0.8814,0.1868,0.7291,0.5932,0.5421,0.3957,seam_grip
RIGHT,BACK,114.52,120.75,48.9,0.2719,0.0818,0.3525,0.3184,0.5836,77.93,-95.03,179.7,114.52,120.75,48.9,41.24,0.1668,0.9009,0.1646,0.7179,0.6528,0.6134,0.3354,seam_grip
RIGHT,BACK,113.26,120.59,49.34,0.2785,0.0846,0.3587,0.3235,0.5804,77.43,-95.61,179.38,113.26,120.59,49.34,41.59,0.175,0.9016,0.1589,0.6904,0.6393,0.6075,0.3411,seam_grip
RIGHT,BACK,103.82,72.29,29.55,0.4,0.1697,0.2318,0.1393,0.7075,85.12,-77.94,172.57,103.82,72.29,29.55,16.24,0.2031,0.7889,0.1805,0.5928,0.5358,0.6244,0.1855,seam_grip
RIGHT,BACK,83.54,50.23,29.78,0.3612,0.1958,0.169,0.1216,0.6889,86.51,-79.19,165.42,83.54,50.23,29.78,14.99,0.2031,0.7014,0.1698,0.5531,0.5059,0.6025,0.1453,seam_grip
RIGHT,BACK,92.34,52.9,26.25,0.3702,0.1979,0.2008,0.173,0.6386,86.89,-79.86,168.85,92.34,52.9,26.25,10.48,0.2151,0.6643,0.1661,0.4853,0.4446,0.5543,0.1869,seam_grip
RIGHT,BACK,110.42,72.16,25.82,0.401,0.1547,0.2483,0.144,0.6496,87.34,-80.24,170.21,110.42,72.16,25.82,12.4,0.2211,0.7385,0.172,0.5877,0.5121,0.5828,0.1962,seam_grip
RIGHT,BACK,105.92,54.48,25.87,0.3895,0.1583,0.234,0.1006,0.639,87.94,-81.33,166.55,105.92,54.48,25.87,13.42,0.2529,0.6563,0.182,0.5599,0.4913,0.5743,0.1673,seam_grip
RIGHT,BACK,123.82,77.8,27.48,0.4472,0.1052,0.3437,0.1563,0.6115,89.1,-82.61,170.89,123.82,77.8,27.48,14.31,0.2744,0.7205,0.1875,0.5673,0.482,0.5499,0.25,seam_grip
RIGHT,BACK,125.57,79.24,29.25,0.4722,0.0882,0.437,0.2041,0.5267,89.88,-83.33,170.64,125.57,79.24,29.25,17.81,0.255,0.7308,0.1906,0.6188,0.4911,0.4902,0.3206,seam_grip
RIGHT,BACK,125.89,94.04,29.19,0.4597,0.0756,0.3849,0.2415,0.5539,89.6,-83.81,172.65,125.89,94.04,29.19,19.7,0.22,0.7758,0.1922,0.5653,0.4538,0.4862,0.3132,seam_grip
RIGHT,BACK,126.75,106.43,28.96,0.4598,0.1026,0.4227,0.2446,0.5555,88.63,-84.77,172.62,126.75,106.43,28.96,20.69,0.2343,0.7998,0.1942,0.6403,0.5182,0.5156,0.3337,seam_grip
RIGHT,BACK,127.3,90.13,28.34,0.4668,0.0749,0.4064,0.188,0.5842,88.46,-84.8,174.39,127.3,90.13,28.34,21.2,0.2673,0.7663,0.1946,0.612,0.4962,0.5111,0.2972,seam_grip
RIGHT,BACK,124.15,82.68,27.58,0.4576,0.0866,0.458,0.2143,0.5329,88.94,-84.28,174.29,124.15,82.68,27.58,20.23,0.2704,0.7471,0.1982,0.6303,0.4897,0.4753,0.3362,seam_grip
RIGHT,BACK,120.98,84.89,26.08,0.4332,0.1392,0.2946,0.1782,0.6365,89.07,-84.3,175.03,120.98,84.89,26.08,15.61,0.2504,0.7439,0.1968,0.5746,0.4858,0.5553,0.2364,seam_grip
RIGHT,BACK,125.03,72.73,21.28,0.4712,0.1981,0.3082,0.2439,0.6222,89.63,-83.29,174.01,125.03,72.73,21.28,8.59,0.2564,0.7108,0.2034,0.4808,0.4215,0.5423,0.2761,seam_grip
RIGHT,BACK,127.18,66.31,17.32,0.4754,0.2135,0.3313,0.2747,0.5874,89.13,-82.7,172.48,127.18,66.31,17.32,3.93,0.2485,0.6959,0.2039,0.4159,0.3756,0.5201,0.303,seam_grip
RIGHT,BACK,108.79,40.71,19.82,0.4593,0.1978,0.3084,0.196,0.5847,88.16,-81.78,168.59,108.79,40.71,19.82,4.87,0.2664,0.6473,0.1981,0.4006,0.3401,0.4822,0.2522,seam_grip
RIGHT,BACK,82.18,35.66,17.73,0.3957,0.2381,0.236,0.2328,0.606,87.74,-81.55,170.3,82.18,35.66,17.73,0.34,0.2188,0.6305,0.1941,0.3547,0.329,0.5056,0.2344,seam_grip
RIGHT,BACK,73.01,32.28,18.58,0.3653,0.2034,0.197,0.1992,0.6027,87.88,-81.83,171.35,73.01,32.28,18.58,1.69,0.2114,0.6301,0.1983,0.3731,0.3274,0.4939,0.1981,seam_grip
RIGHT,BACK,72.05,30.73,21.38,0.3627,0.2804,0.1126,0.2022,0.6871,87.84,-81.77,171.12,72.05,30.73,21.38,4.83,0.2133,0.6163,0.1943,0.4177,0.3932,0.5623,0.1574,seam_grip
RIGHT,BACK,69.65,30.7,23.65,0.353,0.2315,0.1489,0.1827,0.6457,88.3,-82.17,173.09,69.65,30.7,23.65,7.18,0.2116,0.6147,0.1909,0.3978,0.3495,0.5114,0.1658,seam_grip
RIGHT,BACK,61.33,26.44,22.55,0.3197,0.2264,0.1263,0.1787,0.6425,88.55,-82.35,171.42,61.33,26.44,22.55,4.98,0.2093,0.5814,0.1863,0.3902,0.3462,0.5119,0.1525,seam_grip
RIGHT,BACK,65.54,25.95,22.24,0.3212,0.24,0.1117,0.1784,0.6635,88.95,-82.79,171.88,65.54,25.95,22.24,5.16,0.214,0.5765,0.1861,0.4158,0.3786,0.5401,0.145,seam_grip
RIGHT,BACK,96.64,64.61,34.29,0.3976,0.1533,0.3474,0.19,0.5252,87.2,-86.8,176.98,96.64,64.61,34.29,22.53,0.1975,0.7135,0.1721,0.6137,0.4588,0.4351,0.2687,seam_grip
RIGHT,BACK,96.48,67.61,36.54,0.3955,0.1661,0.3432,0.1874,0.5395,86.52,-87.28,177.88,96.48,67.61,36.54,25.63,0.1956,0.7246,0.1714,0.641,0.4856,0.4533,0.2653,seam_grip
RIGHT,BACK,99.23,69.07,36.41,0.4099,0.1537,0.3587,0.2023,0.5287,86.62,-87.14,176.98,99.23,69.07,36.41,25.3,0.2023,0.7302,0.1727,0.6282,0.4723,0.4408,0.2805,seam_grip
RIGHT,BACK,155.66,157.25,160.43,0.5543,0.2817,0.8322,0.9604,0.8875,68.03,-68.38,167.17,155.66,157.25,160.43,166.93,0.2333,0.259,0.3542,0.7983,1.0635,1.2643,0.8963,seam_grip
RIGHT,BACK,155.18,153.16,148.6,0.6091,0.4082,0.888,0.9378,0.5266,62.87,-64.03,161.84,155.18,153.16,148.6,146.58,0.3122,0.4997,0.5125,1.2126,1.4417,1.6192,0.9129,seam_grip
RIGHT,BACK,153.5,151.1,146.69,0.5428,0.3739,0.9092,1.0631,0.7135,54.84,-56.3,161.49,153.5,151.1,146.69,143.75,0.2956,0.5305,0.6667,1.3036,1.6508,1.8784,0.9862,seam_grip
RIGHT,BACK,167.84,178.84,85.47,0.5975,0.1786,0.7155,0.7124,0.5027,79.08,-70.36,171.95,167.84,178.84,85.47,82.68,0.3851,1.0507,0.5095,1.1105,1.3378,1.5949,0.7139,seam_grip
RIGHT,BACK,161.2,176.9,73.48,0.6254,0.2856,0.6902,0.7176,0.5787,83.63,-73.45,178.82,161.2,176.9,73.48,76.13,0.3951,1.0908,0.4681,1.008,1.2642,1.5443,0.7039,seam_grip
RIGHT,BACK,160.77,174.57,56.38,0.7027,0.4499,0.7207,0.7876,0.7123,84.78,-74.48,178.0,160.77,174.57,56.38,63.52,0.4,1.2433,0.4295,0.9856,1.2657,1.56,0.7542,seam_grip
RIGHT,BACK,172.78,172.28,41.02,0.5746,0.0079,0.5794,0.5356,0.4462,80.75,-73.79,167.42,172.78,172.28,41.02,46.36,0.2637,0.867,0.3185,0.5992,0.6966,0.9129,0.5575,seam_grip
RIGHT,BACK,172.94,142.43,32.83,0.2725,0.274,0.4331,0.475,0.4151,86.84,-88.76,166.65,172.94,142.43,32.83,49.29,0.2202,0.8071,0.2307,0.436,0.4813,0.667,0.454,seam_grip
RIGHT,BACK,179.13,171.55,31.73,0.6215,0.1462,0.4915,0.59,0.4734,84.33,-90.22,166.62,179.13,171.55,31.73,50.78,0.2661,0.9173,0.1898,0.5254,0.5653,0.7446,0.5407,seam_grip
RIGHT,BACK,179.18,170.37,46.77,0.6624,0.3301,0.3339,0.4288,0.4995,83.14,-91.16,169.78,179.18,170.37,46.77,51.65,0.2528,0.7464,0.3391,0.7125,0.7316,0.8837,0.3813,seam_grip
RIGHT,BACK,176.95,172.54,35.54,0.819,0.433,0.4011,0.4451,0.5399,81.71,-92.48,165.63,176.95,172.54,35.54,51.54,0.2491,0.8302,0.2704,0.7085,0.7231,0.8752,0.4231,seam_grip
RIGHT,BACK,175.9,177.24,28.63,0.9059,0.3079,0.6989,0.7789,0.4246,79.95,-93.85,167.81,175.9,177.24,28.63,80.59,0.2629,1.0633,0.1541,0.5406,0.5494,0.7148,0.7389,seam_grip
RIGHT,BACK,28.17,12.79,5.95,0.2009,0.2083,0.0375,0.1409,0.488,89.22,-84.06,148.32,28.17,12.79,5.95,21.28,0.1441,0.3866,0.1477,0.2846,0.2249,0.3937,0.0892,seam_grip
RIGHT,BACK,29.57,14.37,9.15,0.1894,0.2452,0.0647,0.1838,0.5216,88.41,-83.1,145.49,29.57,14.37,9.15,18.46,0.1461,0.3922,0.1506,0.2584,0.2286,0.4177,0.1242,seam_grip
RIGHT,BACK,101.46,71.99,34.26,0.33,0.1267,0.2044,0.1583,0.5944,89.05,-82.85,170.07,101.46,71.99,34.26,18.27,0.1448,0.7131,0.155,0.5109,0.4079,0.4545,0.1814,seam_grip
RIGHT,BACK,164.66,136.41,51.56,0.5284,0.1944,0.6349,0.4769,0.2934,88.0,-85.1,175.84,164.66,136.41,51.56,57.45,0.2086,0.6486,0.288,0.2347,0.3749,0.5823,0.5559,seam_grip
RIGHT,BACK,163.18,124.18,61.15,0.4959,0.1876,0.6252,0.4664,0.2777,88.01,-85.17,176.4,163.18,124.18,61.15,64.21,0.2089,0.5734,0.3057,0.2322,0.3959,0.6043,0.5458,seam_grip
RIGHT,BACK,98.61,99.96,112.93,0.2274,0.1457,0.3576,0.3213,0.29,75.35,-76.12,156.56,98.61,99.96,112.93,118.71,0.1375,0.2187,0.2687,0.3509,0.5782,0.745,0.3395,seam_grip
RIGHT,BACK,105.21,106.38,120.56,0.2672,0.1394,0.3908,0.3722,0.3339,74.34,-75.47,158.08,105.21,106.38,120.56,128.96,0.1346,0.2143,0.2696,0.377,0.6127,0.7753,0.3815,seam_grip
RIGHT,BACK,101.77,103.67,117.92,0.2335,0.168,0.3875,0.3582,0.3088,74.37,-75.56,157.89,101.77,103.67,117.92,127.25,0.1336,0.2084,0.2597,0.3589,0.5923,0.7522,0.3728,seam_grip
RIGHT,BACK,96.88,100.0,114.91,0.2145,0.1714,0.37,0.3431,0.3126,74.64,-75.81,155.68,96.88,100.0,114.91,126.89,0.1392,0.194,0.2417,0.354,0.5867,0.7461,0.3566,seam_grip
RIGHT,BACK,97.96,99.13,113.96,0.2187,0.1806,0.3613,0.3244,0.3036,74.34,-75.38,157.06,97.96,99.13,113.96,125.03,0.1457,0.1927,0.2419,0.3436,0.5736,0.7359,0.3428,seam_grip
RIGHT,BACK,103.92,103.39,116.49,0.2369,0.191,0.3788,0.3469,0.3282,74.02,-75.12,159.22,103.92,103.39,116.49,128.48,0.1422,0.1824,0.2172,0.3498,0.5722,0.7279,0.3629,seam_grip
RIGHT,BACK,101.1,100.42,112.74,0.2476,0.1675,0.3819,0.3676,0.3635,74.22,-75.14,160.0,101.1,100.42,112.74,122.93,0.1455,0.1893,0.227,0.3717,0.6005,0.7598,0.3748,seam_grip
RIGHT,BACK,112.32,109.56,120.35,0.2806,0.1476,0.4229,0.4251,0.388,76.92,-77.65,167.85,112.32,109.56,120.35,129.17,0.1094,0.2044,0.2558,0.4716,0.6917,0.8499,0.424,seam_grip
RIGHT,BACK,116.81,104.68,104.88,0.2768,0.1998,0.467,0.4336,0.3502,79.12,-79.09,169.28,116.81,104.68,104.88,107.16,0.1035,0.2631,0.2801,0.4219,0.6384,0.807,0.4503,seam_grip
RIGHT,BACK,127.32,94.65,69.29,0.274,0.2476,0.4673,0.3623,0.2509,81.33,-79.81,169.31,127.32,94.65,69.29,70.55,0.149,0.4615,0.2987,0.287,0.4726,0.673,0.4148,seam_grip
RIGHT,BACK,4.31,19.3,26.51,0.1312,0.2292,0.1187,0.1395,0.3684,77.88,-74.69,162.16,4.31,19.3,26.51,35.91,0.1764,0.3427,0.2433,0.1743,0.2986,0.5313,0.1291,seam_grip
RIGHT,BACK,16.88,30.84,37.12,0.1327,0.1995,0.0953,0.1817,0.4264,76.59,-73.65,161.56,16.88,30.84,37.12,44.03,0.1792,0.3593,0.2444,0.2269,0.4201,0.6529,0.1385,seam_grip
RIGHT,BACK,30.45,25.35,27.31,0.1988,0.0303,0.1979,0.2843,0.4173,84.44,-90.97,171.19,30.45,25.35,27.31,46.95,0.1937,0.5162,0.1445,0.3908,0.4441,0.6316,0.2411,seam_grip
RIGHT,BACK,38.66,11.78,22.54,0.2054,0.0907,0.1998,0.2782,0.423,83.54,-91.85,171.54,38.66,11.78,22.54,38.55,0.209,0.5469,0.1622,0.3809,0.3991,0.577,0.239,seam_grip
RIGHT,BACK,159.99,152.97,13.59,0.7059,0.0564,0.6549,0.3994,0.7216,74.65,-95.88,177.57,159.99,152.97,13.59,5.58,0.3849,1.0995,0.1728,0.8904,0.8643,0.9286,0.5272,seam_grip
RIGHT,BACK,159.54,147.96,13.78,0.7062,0.1075,0.6,0.3278,0.7349,74.49,-96.24,178.87,159.54,147.96,13.78,2.99,0.3931,1.0332,0.1862,0.8815,0.8572,0.9283,0.4639,seam_grip
RIGHT,BACK,163.33,153.16,136.8,0.3935,0.2798,0.6269,0.682,0.4291,88.75,-86.0,177.68,163.33,153.16,136.8,136.61,0.2367,0.3703,0.3819,0.6099,0.7166,0.8951,0.6545,seam_grip
RIGHT,BACK,138.25,130.04,136.65,0.521,0.1874,0.6223,0.7021,0.6287,78.46,-80.73,169.61,138.25,130.04,136.65,143.29,0.1587,0.1774,0.2929,0.7215,0.9078,1.0423,0.6622,seam_grip
RIGHT,BACK,137.47,127.03,135.05,0.5389,0.1529,0.6024,0.6816,0.5969,78.0,-80.8,170.29,137.47,127.03,135.05,140.74,0.1602,0.1822,0.2941,0.7335,0.9238,1.0497,0.642,seam_grip
RIGHT,BACK,155.11,174.32,27.86,0.737,0.3683,0.3804,0.4391,0.5787,87.31,-86.54,159.33,155.11,174.32,27.86,42.01,0.2547,0.8983,0.2315,0.6545,0.6677,0.8207,0.4098,inswing
RIGHT,BACK,148.33,167.83,26.47,0.6425,0.3042,0.3465,0.3809,0.5827,87.13,-86.55,166.32,148.33,167.83,26.47,37.32,0.2567,0.8346,0.2365,0.6692,0.6839,0.8309,0.3637,inswing
RIGHT,BACK,146.4,160.38,20.04,0.6615,0.3431,0.3195,0.3421,0.577,86.17,-87.68,162.85,146.4,160.38,20.04,29.94,0.2499,0.7946,0.2312,0.6318,0.6263,0.7661,0.3308,inswing
RIGHT,BACK,144.61,161.8,17.71,0.6684,0.2864,0.3901,0.4202,0.514,86.29,-87.83,160.63,144.61,161.8,17.71,28.57,0.2378,0.8063,0.2256,0.5175,0.5119,0.6666,0.4052,inswing
RIGHT,BACK,142.57,151.11,14.05,0.6399,0.3208,0.3204,0.3337,0.5398,86.43,-87.82,160.32,142.57,151.11,14.05,24.14,0.2414,0.7534,0.2219,0.5373,0.5211,0.6669,0.3271,inswing
RIGHT,BACK,146.61,157.73,15.46,0.6615,0.3214,0.3438,0.3651,0.5415,86.26,-87.88,161.96,146.61,157.73,15.46,27.45,0.2467,0.7845,0.2133,0.5542,0.5433,0.6868,0.3545,inswing
RIGHT,BACK,125.2,96.13,12.93,0.5209,0.2164,0.3459,0.3519,0.5568,82.94,-90.38,174.06,125.2,96.13,12.93,28.82,0.2719,0.7383,0.1777,0.5268,0.5374,0.7027,0.3489,inswing
RIGHT,BACK,129.54,132.48,7.34,0.5091,0.1723,0.3394,0.3342,0.5811,81.64,-91.22,175.62,129.54,132.48,7.34,22.01,0.2755,0.8057,0.1809,0.6599,0.6393,0.7598,0.3368,inswing
RIGHT,BACK,127.84,137.48,2.57,0.4438,0.0133,0.4319,0.3655,0.5343,81.44,-90.88,179.02,127.84,137.48,2.57,18.81,0.2878,0.8642,0.1865,0.7086,0.6558,0.7348,0.3987,inswing
RIGHT,BACK,135.4,144.08,6.17,0.5026,0.0613,0.5448,0.4995,0.4298,82.48,-89.57,177.1,135.4,144.08,6.17,24.69,0.3029,0.8873,0.2348,0.6624,0.5989,0.676,0.5222,inswing
RIGHT,BACK,135.35,136.08,12.57,0.5745,0.1509,0.6202,0.4549,0.5346,81.86,-89.95,175.2,135.35,136.08,12.57,2.34,0.2795,0.9879,0.2146,0.8428,0.7163,0.6895,0.5376,inswing
RIGHT,BACK,130.78,134.14,37.39,0.4839,0.0702,0.5014,0.4186,0.6362,79.17,-92.55,176.39,130.78,134.14,37.39,23.96,0.2161,1.0546,0.1729,0.8369,0.7494,0.7077,0.46,inswing
RIGHT,BACK,126.07,132.31,45.56,0.425,0.05,0.4684,0.4183,0.608,78.16,-94.16,177.29,126.07,132.31,45.56,35.24,0.1838,1.0259,0.1685,0.7834,0.7142,0.6685,0.4434,inswing
RIGHT,BACK,126.29,128.7,61.22,0.4326,0.0756,0.4444,0.3939,0.5747,77.92,-95.26,171.42,126.29,128.7,61.22,52.03,0.1642,0.964,0.1459,0.7181,0.6703,0.6277,0.4192,inswing
RIGHT,BACK,126.69,127.66,69.17,0.4165,0.0947,0.4781,0.4361,0.496,77.85,-95.94,168.75,126.69,127.66,69.17,61.27,0.1505,0.921,0.1397,0.6421,0.6047,0.5586,0.4571,inswing
RIGHT,BACK,126.1,125.47,76.16,0.4608,0.0998,0.4581,0.4028,0.5107,78.09,-96.07,173.96,126.1,125.47,76.16,80.03,0.1507,0.9042,0.0997,0.5834,0.5814,0.5439,0.4304,inswing
RIGHT,BACK,129.48,127.57,78.04,0.5033,0.2105,0.4224,0.3992,0.4738,78.99,-95.41,175.47,129.48,127.57,78.04,85.08,0.1147,0.8561,0.1077,0.5148,0.5369,0.5099,0.4108,inswing
RIGHT,BACK,139.42,122.26,78.78,0.593,0.3809,0.3028,0.2995,0.4747,79.82,-95.86,179.36,139.42,122.26,78.78,80.31,0.0782,0.7568,0.0868,0.5078,0.5513,0.5484,0.3012,inswing
RIGHT,BACK,145.63,121.85,84.65,0.6271,0.326,0.3817,0.2958,0.4326,82.1,-94.31,178.95,145.63,121.85,84.65,84.91,0.1144,0.7263,0.1142,0.4909,0.5499,0.5558,0.3388,inswing
RIGHT,BACK,145.98,123.32,87.06,0.6496,0.3633,0.4169,0.3346,0.4134,83.41,-93.55,178.15,145.98,123.32,87.06,86.28,0.1237,0.7336,0.1254,0.4217,0.4864,0.5018,0.3758,inswing
RIGHT,PALM,146.01,125.05,90.37,0.6588,0.3858,0.3875,0.3319,0.4122,85.12,-92.51,175.86,146.01,125.05,90.37,88.8,0.0897,0.731,0.1433,0.4018,0.4715,0.5003,0.3597,inswing
RIGHT,PALM,144.29,123.24,92.24,0.6519,0.4023,0.3604,0.3245,0.4188,86.0,-92.08,176.18,144.29,123.24,92.24,89.19,0.063,0.7292,0.1517,0.3762,0.4495,0.487,0.3425,inswing
RIGHT,PALM,142.39,118.05,92.91,0.6624,0.38,0.3719,0.3111,0.4147,87.36,-91.35,175.97,142.39,118.05,92.91,89.88,0.0758,0.721,0.155,0.3748,0.4548,0.5019,0.3415,inswing
RIGHT,PALM,142.14,118.71,94.36,0.6582,0.3992,0.3584,0.3055,0.4176,87.91,-90.98,177.44,142.14,118.71,94.36,91.07,0.0715,0.7119,0.1616,0.3529,0.4329,0.4843,0.332,inswing
RIGHT,PALM,143.75,123.84,96.18,0.6364,0.3954,0.3434,0.3158,0.4274,88.32,-90.89,177.37,143.75,123.84,96.18,93.66,0.0439,0.7323,0.1534,0.3541,0.4343,0.4888,0.3296,inswing
RIGHT,PALM,144.02,123.32,96.25,0.6512,0.3925,0.3602,0.3117,0.431,88.71,-90.87,178.29,144.02,123.32,96.25,93.81,0.065,0.7324,0.1532,0.3512,0.4334,0.4935,0.3359,inswing
RIGHT,PALM,145.49,129.24,96.43,0.6447,0.3365,0.387,0.3936,0.4073,89.9,-90.14,179.17,145.49,129.24,96.43,95.51,0.0074,0.8008,0.1555,0.3727,0.464,0.5341,0.3903,inswing
RIGHT,PALM,146.51,132.43,97.09,0.6267,0.368,0.3364,0.399,0.4358,88.72,-89.29,179.49,146.51,132.43,97.09,96.72,0.069,0.8347,0.1621,0.3533,0.4467,0.5272,0.3677,inswing
RIGHT,PALM,142.16,126.57,96.22,0.5962,0.431,0.2745,0.3195,0.4861,88.52,-88.98,178.54,142.16,126.57,96.22,96.24,0.0563,0.7987,0.1595,0.3266,0.4093,0.4895,0.297,inswing
RIGHT,PALM,139.58,120.66,93.55,0.6051,0.4104,0.2968,0.2871,0.4689,89.21,-89.71,178.04,139.58,120.66,93.55,93.04,0.0123,0.7486,0.1549,0.3343,0.4177,0.4956,0.292,inswing
RIGHT,PALM,138.65,117.88,91.97,0.6131,0.4181,0.3075,0.2737,0.4649,89.81,-90.29,178.61,138.65,117.88,91.97,91.23,0.0427,0.7255,0.1571,0.3308,0.4135,0.4896,0.2906,inswing
RIGHT,PALM,137.97,114.61,91.24,0.6095,0.4027,0.3213,0.263,0.445,89.37,-91.01,178.7,137.97,114.61,91.24,90.14,0.0722,0.6938,0.1554,0.3353,0.4191,0.4924,0.2922,inswing
RIGHT,PALM,140.13,115.57,92.3,0.6209,0.4307,0.3096,0.2387,0.4695,87.86,-92.34,177.95,140.13,115.57,92.3,91.94,0.1042,0.6756,0.1534,0.3352,0.4114,0.4795,0.2742,inswing
RIGHT,PALM,139.74,109.58,92.59,0.635,0.3963,0.35,0.2131,0.4468,86.49,-93.39,179.41,139.74,109.58,92.59,92.08,0.1868,0.6231,0.1486,0.3489,0.4283,0.4903,0.2815,inswing
RIGHT,PALM,139.81,108.62,92.29,0.6386,0.3975,0.3656,0.216,0.4419,85.81,-93.88,179.55,139.81,108.62,92.29,91.62,0.2128,0.6086,0.1459,0.3436,0.4234,0.4819,0.2908,inswing
RIGHT,PALM,140.01,109.17,91.42,0.6326,0.4082,0.3586,0.2182,0.4513,85.44,-94.17,179.48,140.01,109.17,91.42,90.58,0.211,0.6103,0.1417,0.3432,0.4204,0.4769,0.2884,inswing
RIGHT,PALM,138.26,106.69,88.24,0.6199,0.4205,0.3316,0.1926,0.4826,82.85,-96.37,176.69,138.26,106.69,88.24,87.93,0.247,0.5796,0.1328,0.3648,0.4375,0.4871,0.2621,inswing
RIGHT,PALM,134.52,105.5,86.69,0.5884,0.3935,0.3171,0.1867,0.47,82.09,-96.93,176.98,134.52,105.5,86.69,87.27,0.2196,0.5845,0.1285,0.3935,0.4641,0.5077,0.2519,inswing
RIGHT,PALM,133.89,106.46,87.14,0.598,0.425,0.308,0.2011,0.4827,81.21,-97.38,176.32,133.89,106.46,87.14,87.23,0.2195,0.5826,0.1306,0.3942,0.4604,0.4979,0.2545,inswing
RIGHT,PALM,130.44,109.99,83.26,0.5913,0.4103,0.3025,0.2163,0.4596,78.6,-98.41,178.12,130.44,109.99,83.26,84.15,0.1878,0.6017,0.096,0.4462,0.5015,0.5126,0.2594,inswing
RIGHT,PALM,127.74,107.11,78.48,0.5674,0.4029,0.2662,0.2044,0.4912,76.49,-99.51,178.42,127.74,107.11,78.48,80.26,0.1622,0.6311,0.0838,0.495,0.5431,0.5424,0.2353,inswing
RIGHT,BACK,128.19,106.36,76.12,0.5038,0.3622,0.2807,0.2608,0.4321,74.59,-100.85,178.16,128.19,106.36,76.12,77.64,0.0917,0.647,0.0978,0.4729,0.5215,0.5148,0.2707,inswing
RIGHT,PALM,139.71,111.7,90.59,0.6576,0.3493,0.387,0.1849,0.4534,80.67,-97.22,178.03,139.71,111.7,90.59,89.89,0.2759,0.6072,0.1314,0.4808,0.5551,0.5821,0.2859,inswing
RIGHT,PALM,140.8,117.59,92.69,0.6717,0.394,0.3546,0.2043,0.4852,82.53,-95.9,179.74,140.8,117.59,92.69,91.77,0.229,0.6526,0.1398,0.4426,0.5155,0.5528,0.2794,inswing
RIGHT,PALM,92.84,88.52,84.27,0.2736,0.4516,0.1788,0.3194,0.4892,82.77,-96.62,179.17,92.84,88.52,84.27,86.74,0.1799,0.2232,0.1013,0.3835,0.4598,0.5108,0.2491,inswing
RIGHT,PALM,99.01,89.82,85.65,0.3528,0.4186,0.0921,0.2678,0.4679,82.29,-97.18,178.98,99.01,89.82,85.65,89.02,0.2549,0.247,0.1037,0.403,0.4814,0.5292,0.1799,inswing
RIGHT,PALM,105.37,94.19,87.39,0.4269,0.4426,0.1645,0.2151,0.4602,82.79,-96.42,179.88,105.37,94.19,87.39,90.21,0.2412,0.3527,0.1135,0.3786,0.4557,0.5015,0.1898,inswing
RIGHT,PALM,110.58,96.65,88.88,0.4828,0.3523,0.2006,0.1174,0.4173,82.97,-95.8,179.97,110.58,96.65,88.88,90.99,0.2771,0.3708,0.1084,0.4659,0.5408,0.5743,0.159,inswing
RIGHT,PALM,111.83,96.31,89.34,0.4894,0.4129,0.2074,0.175,0.4283,83.44,-95.31,178.96,111.83,96.31,89.34,91.58,0.2824,0.3661,0.1081,0.4111,0.484,0.516,0.1912,inswing
RIGHT,PALM,112.19,97.24,89.86,0.4837,0.402,0.2023,0.1516,0.426,83.95,-94.8,179.59,112.19,97.24,89.86,91.5,0.2403,0.4038,0.1137,0.418,0.4919,0.5252,0.177,inswing
RIGHT,PALM,112.27,94.95,89.68,0.4785,0.4216,0.2005,0.1821,0.4412,84.24,-94.44,179.95,112.27,94.95,89.68,90.89,0.2625,0.3825,0.1133,0.3983,0.4723,0.506,0.1913,inswing
RIGHT,PALM,119.98,99.22,89.42,0.4863,0.4241,0.2235,0.1868,0.4545,83.12,-94.59,178.76,119.98,99.22,89.42,89.34,0.25,0.4209,0.1104,0.4193,0.4826,0.4986,0.2052,inswing
RIGHT,PALM,132.16,98.66,85.96,0.5892,0.4727,0.2578,0.236,0.4965,82.13,-94.69,175.61,132.16,98.66,85.96,84.53,0.3614,0.4068,0.1024,0.4119,0.4641,0.4734,0.2469,inswing
RIGHT,PALM,135.53,95.04,82.37,0.6612,0.4308,0.3333,0.2369,0.4953,80.77,-95.2,173.27,135.53,95.04,82.37,82.65,0.4783,0.3869,0.0804,0.4251,0.472,0.474,0.2851,inswing
RIGHT,BACK,129.23,124.6,74.22,0.4137,0.1656,0.3283,0.313,0.6358,74.81,-98.99,174.75,129.23,124.6,74.22,68.99,0.1502,0.8705,0.1389,0.5557,0.5909,0.6091,0.3206,inswing
RIGHT,BACK,131.46,136.05,41.59,0.5046,0.0398,0.5088,0.4702,0.6628,69.69,-101.51,178.97,131.46,136.05,41.59,23.03,0.1811,1.1238,0.2005,0.8528,0.8394,0.8397,0.4895,inswing
RIGHT,BACK,133.8,149.34,7.25,0.5012,0.0916,0.4103,0.3798,0.7093,85.58,-84.83,177.97,133.8,149.34,7.25,19.41,0.2989,1.0113,0.3368,0.9131,0.9521,1.0866,0.395,inswing
RIGHT,BACK,132.73,152.15,22.29,0.4523,0.1145,0.434,0.3507,0.5087,88.46,-82.8,176.61,132.73,152.15,22.29,29.28,0.2784,0.8469,0.3563,0.8812,0.8844,0.9869,0.3923,inswing
RIGHT,BACK,141.17,148.97,36.89,0.5215,0.0468,0.5215,0.4608,0.5959,81.09,-90.31,177.16,141.17,148.97,36.89,14.12,0.228,0.9811,0.1706,0.6776,0.6246,0.6801,0.4912,inswing
RIGHT,BACK,143.66,153.68,39.9,0.5397,0.0505,0.5595,0.4542,0.5803,80.94,-90.38,176.66,143.66,153.68,39.9,15.96,0.2419,1.021,0.1761,0.806,0.7275,0.7407,0.5069,inswing
RIGHT,BACK,131.94,148.54,42.58,0.469,0.0448,0.5056,0.4835,0.5686,80.09,-91.31,176.25,131.94,148.54,42.58,19.32,0.2307,1.0381,0.1787,0.8023,0.708,0.7056,0.4945,inswing
RIGHT,BACK,113.35,139.09,40.41,0.384,0.0625,0.3894,0.4123,0.5849,79.52,-92.42,177.89,113.35,139.09,40.41,21.88,0.2376,0.9932,0.1665,0.7938,0.688,0.6701,0.4009,inswing
RIGHT,BACK,83.62,99.75,40.98,0.2849,0.072,0.3145,0.2991,0.56,79.19,-93.21,177.97,83.62,99.75,40.98,25.31,0.2324,0.8578,0.1472,0.746,0.6169,0.5787,0.3068,inswing
RIGHT,BACK,84.23,90.36,41.89,0.2832,0.0944,0.3381,0.2962,0.5348,79.43,-92.99,176.79,84.23,90.36,41.89,27.18,0.2112,0.8308,0.1452,0.737,0.6007,0.5487,0.3171,inswing
RIGHT,BACK,84.64,100.07,42.23,0.2972,0.0676,0.2939,0.2945,0.5663,80.01,-92.66,176.09,84.64,100.07,42.23,27.44,0.2306,0.856,0.1444,0.6997,0.5696,0.5374,0.2942,inswing
RIGHT,BACK,89.06,115.68,41.98,0.3045,0.0765,0.3137,0.3301,0.5815,79.12,-93.73,175.92,89.06,115.68,41.98,27.41,0.2632,0.9098,0.1483,0.731,0.5987,0.5578,0.3219,inswing
RIGHT,BACK,97.05,126.64,44.32,0.3094,0.0659,0.3314,0.3726,0.5683,78.53,-94.44,176.7,97.05,126.64,44.32,30.25,0.2761,0.9364,0.1497,0.7156,0.586,0.5422,0.352,inswing
RIGHT,BACK,100.64,129.19,46.37,0.3126,0.0477,0.3322,0.3825,0.5687,78.26,-94.75,176.52,100.64,129.19,46.37,34.15,0.2787,0.9419,0.1522,0.7001,0.5709,0.5261,0.3574,inswing
RIGHT,BACK,99.2,128.99,47.68,0.2977,0.0395,0.3245,0.3788,0.5683,77.8,-95.29,174.97,99.2,128.99,47.68,37.43,0.2818,0.9368,0.1503,0.6921,0.5649,0.5152,0.3517,inswing
RIGHT,BACK,100.02,126.82,47.15,0.286,0.0594,0.3417,0.3693,0.566,77.06,-96.05,173.71,100.02,126.82,47.15,39.81,0.2692,0.9298,0.1458,0.6931,0.564,0.5011,0.3555,inswing
RIGHT,BACK,102.69,127.61,48.42,0.2885,0.065,0.3521,0.3722,0.572,76.43,-96.73,173.88,102.69,127.61,48.42,44.3,0.2632,0.9407,0.1397,0.6915,0.5623,0.4906,0.3621,inswing
RIGHT,BACK,101.53,126.88,45.02,0.2674,0.1468,0.3886,0.4468,0.4859,75.92,-97.04,175.8,101.53,126.88,45.02,41.38,0.2509,0.9208,0.1456,0.6136,0.4793,0.3955,0.4177,inswing
RIGHT,BACK,98.45,127.09,41.44,0.2599,0.1197,0.3566,0.4148,0.4963,77.56,-94.85,178.57,98.45,127.09,41.44,28.28,0.219,0.8972,0.159,0.6647,0.5457,0.4937,0.3857,inswing
RIGHT,BACK,92.98,125.58,37.13,0.2682,0.0923,0.3518,0.4016,0.5295,77.92,-94.42,179.39,92.98,125.58,37.13,22.66,0.2432,0.9249,0.1592,0.7125,0.59,0.542,0.3767,inswing
RIGHT,BACK,100.38,113.36,34.99,0.3184,0.064,0.3238,0.2844,0.5138,82.82,-89.94,175.56,100.38,113.36,34.99,20.62,0.1918,0.7913,0.1681,0.6826,0.56,0.5447,0.3041,inswing
RIGHT,BACK,97.95,98.52,30.68,0.3333,0.1094,0.237,0.2248,0.5484,85.45,-87.69,174.47,97.95,98.52,30.68,14.33,0.1835,0.7289,0.163,0.5793,0.4815,0.5298,0.2309,inswing
RIGHT,BACK,92.91,85.02,27.14,0.326,0.1852,0.1665,0.1452,0.6152,85.25,-88.36,174.2,92.91,85.02,27.14,12.45,0.1779,0.7218,0.1743,0.6024,0.5023,0.5537,0.1559,inswing
RIGHT,BACK,81.61,62.59,31.18,0.3289,0.1874,0.2632,0.1553,0.5353,85.83,-88.02,169.92,81.61,62.59,31.18,20.97,0.1857,0.6906,0.1913,0.6053,0.4412,0.4391,0.2093,inswing
RIGHT,BACK,79.22,46.35,24.74,0.3405,0.1397,0.229,0.1556,0.5216,87.07,-86.87,168.8,79.22,46.35,24.74,13.03,0.1978,0.6387,0.1948,0.4961,0.3531,0.4155,0.1923,inswing
RIGHT,BACK,85.27,60.34,23.48,0.3357,0.1386,0.2236,0.1829,0.5322,86.74,-87.04,168.31,85.27,60.34,23.48,11.17,0.1839,0.6794,0.193,0.512,0.3822,0.4449,0.2033,inswing
RIGHT,BACK,90.44,77.94,21.99,0.3242,0.1973,0.1948,0.1384,0.5723,86.59,-86.95,168.49,90.44,77.94,21.99,8.54,0.1868,0.6929,0.1914,0.5924,0.4802,0.5281,0.1666,inswing
RIGHT,BACK,75.82,43.93,22.44,0.3383,0.2033,0.2263,0.1024,0.5314,87.34,-86.44,165.18,75.82,43.93,22.44,8.34,0.1927,0.6296,0.1857,0.5576,0.4125,0.45,0.1643,inswing
RIGHT,BACK,68.14,30.19,24.1,0.3721,0.2388,0.1799,0.0635,0.5718,88.22,-85.57,162.93,68.14,30.19,24.1,7.46,0.2207,0.5737,0.1682,0.5023,0.3751,0.4496,0.1217,inswing
RIGHT,BACK,70.33,33.28,23.04,0.3495,0.251,0.1694,0.0473,0.5884,87.96,-85.89,161.26,70.33,33.28,23.04,7.75,0.2104,0.5794,0.176,0.5425,0.4258,0.4909,0.1084,inswing
RIGHT,BACK,73.7,32.81,27.13,0.3652,0.2367,0.1763,0.063,0.5771,88.36,-85.64,160.2,73.7,32.81,27.13,12.26,0.2111,0.5851,0.1746,0.5073,0.3831,0.4516,0.1197,inswing
RIGHT,BACK,71.84,32.07,26.53,0.3452,0.2212,0.1638,0.0695,0.5797,88.36,-85.71,162.55,71.84,32.07,26.53,10.58,0.1977,0.5927,0.1722,0.5007,0.3747,0.449,0.1166,inswing
RIGHT,BACK,16.03,13.54,31.55,0.1261,0.1437,0.1925,0.1218,0.3078,87.89,-84.11,171.92,16.03,13.54,31.55,47.7,0.1821,0.3431,0.2091,0.2859,0.3318,0.5214,0.1572,inswing
RIGHT,BACK,6.72,18.57,35.35,0.1394,0.2334,0.2649,0.0972,0.2318,87.21,-83.88,171.61,6.72,18.57,35.35,49.21,0.1935,0.3243,0.2249,0.2925,0.2861,0.459,0.1811,inswing
RIGHT,BACK,25.63,31.2,41.07,0.0925,0.2638,0.2533,0.1745,0.3363,83.38,-80.51,173.44,25.63,31.2,41.07,48.22,0.2222,0.3826,0.2553,0.2691,0.4135,0.6226,0.2139,inswing
RIGHT,BACK,10.24,12.93,33.27,0.1415,0.0234,0.1596,0.164,0.3689,86.62,-82.89,164.9,10.24,12.93,33.27,46.17,0.1963,0.3646,0.1966,0.3003,0.3891,0.5886,0.1618,inswing
RIGHT,BACK,131.44,52.23,43.47,0.1938,0.2609,0.397,0.2508,0.2738,84.48,-81.64,170.37,131.44,52.23,43.47,48.88,0.2451,0.3769,0.272,0.2649,0.4019,0.6071,0.3239,inswing
RIGHT,BACK,148.19,81.26,60.39,0.2472,0.266,0.4461,0.2877,0.2368,83.53,-80.91,171.76,148.19,81.26,60.39,60.83,0.2406,0.3525,0.3145,0.2868,0.4395,0.642,0.3669,inswing
RIGHT,BACK,72.19,70.25,32.12,0.3045,0.1327,0.1718,0.2355,0.5674,87.28,-81.08,162.7,72.19,70.25,32.12,15.34,0.2003,0.7319,0.1643,0.4591,0.3482,0.4262,0.2037,inswing
RIGHT,BACK,79.8,45.43,33.91,0.3679,0.1727,0.1985,0.1183,0.5991,89.52,-83.25,164.85,79.8,45.43,33.91,21.33,0.201,0.6512,0.1741,0.5077,0.3876,0.4518,0.1584,inswing
RIGHT,BACK,91.47,53.76,35.95,0.3977,0.1664,0.2314,0.1496,0.6111,89.99,-83.58,165.93,91.47,53.76,35.95,25.25,0.205,0.6876,0.1695,0.5159,0.4013,0.4589,0.1905,inswing
RIGHT,BACK,104.27,59.78,39.08,0.4073,0.1227,0.3291,0.1349,0.5547,89.31,-84.23,167.57,104.27,59.78,39.08,31.84,0.2143,0.6896,0.1702,0.6081,0.4629,0.4424,0.232,inswing
RIGHT,BACK,114.03,82.38,41.41,0.4134,0.0792,0.3648,0.1984,0.5612,87.69,-85.7,168.87,114.03,82.38,41.41,35.11,0.2009,0.7594,0.1692,0.6176,0.4829,0.4575,0.2816,inswing
RIGHT,BACK,127.18,123.74,43.3,0.4312,0.0417,0.394,0.2829,0.5951,85.47,-87.65,169.79,127.18,123.74,43.3,37.04,0.1733,0.8769,0.1607,0.6411,0.5256,0.5019,0.3384,inswing
RIGHT,BACK,131.04,129.69,41.2,0.4434,0.0386,0.4174,0.329,0.577,84.71,-88.29,170.18,131.04,129.69,41.2,38.33,0.1776,0.904,0.173,0.6419,0.5237,0.4915,0.3732,inswing
RIGHT,BACK,126.84,127.88,39.68,0.4127,0.0444,0.3735,0.3249,0.5862,83.54,-89.36,169.24,126.84,127.88,39.68,32.22,0.1963,0.903,0.1562,0.646,0.5373,0.5166,0.3492,inswing
RIGHT,BACK,168.48,176.23,36.89,0.5817,0.0223,0.5632,0.5828,0.397,76.86,-98.25,163.5,168.48,176.23,36.89,53.06,0.2549,0.7912,0.1904,0.3955,0.4379,0.6322,0.573,inswing
RIGHT,BACK,173.3,179.7,40.86,0.5526,0.0518,0.5659,0.7067,0.3114,75.06,-100.07,172.46,173.3,179.7,40.86,56.09,0.2896,0.8366,0.2254,0.3841,0.4103,0.5977,0.6363,inswing
RIGHT,BACK,172.0,178.97,43.82,0.5941,0.0853,0.515,0.6268,0.3699,74.16,-100.57,169.43,172.0,178.97,43.82,59.45,0.2741,0.6404,0.3311,0.4258,0.4481,0.6385,0.5709,inswing
RIGHT,BACK,173.06,179.01,29.52,0.7801,0.1612,0.636,0.7166,0.3773,72.9,-101.33,165.89,173.06,179.01,29.52,46.63,0.2881,0.895,0.2068,0.3992,0.3904,0.5761,0.6763,inswing
RIGHT,BACK,166.89,179.26,27.18,0.5575,0.0927,0.4847,0.7192,0.401,71.65,-103.02,177.02,166.89,179.26,27.18,42.84,0.3107,0.9287,0.1706,0.4075,0.4002,0.5762,0.602,inswing
RIGHT,BACK,168.34,178.03,28.69,0.5777,0.0744,0.5403,0.8416,0.3378,71.24,-103.3,175.49,168.34,178.03,28.69,46.09,0.3726,1.0035,0.1722,0.3948,0.3695,0.541,0.691,inswing
RIGHT,BACK,15.7,0.24,17.76,0.1225,0.0636,0.1472,0.1978,0.3101,79.72,-95.26,175.42,15.7,0.24,17.76,50.5,0.1584,0.2748,0.1935,0.0873,0.1661,0.3754,0.1725,inswing
RIGHT,BACK,3.35,15.07,32.28,0.1833,0.0383,0.2207,0.3013,0.467,76.16,-99.54,179.49,3.35,15.07,32.28,46.86,0.1809,0.345,0.1561,0.2104,0.3806,0.5799,0.261,inswing
RIGHT,BACK,173.23,93.35,59.57,0.479,0.1241,0.5521,0.375,0.358,77.7,-99.38,179.62,173.23,93.35,59.57,58.92,0.22,0.5533,0.1911,0.2663,0.4407,0.6277,0.4635,inswing
RIGHT,BACK,160.93,110.19,68.1,0.3877,0.1486,0.508,0.4277,0.345,78.24,-99.15,179.34,160.93,110.19,68.1,67.81,0.145,0.5947,0.1916,0.277,0.4632,0.6472,0.4679,inswing
RIGHT,BACK,159.98,119.31,69.74,0.3942,0.1356,0.506,0.4586,0.3605,78.56,-99.0,179.82,159.98,119.31,69.74,71.04,0.1287,0.6361,0.1925,0.2961,0.4861,0.669,0.4823,inswing
RIGHT,BACK,165.09,132.75,103.64,0.4485,0.165,0.5743,0.5243,0.4255,81.26,-96.42,175.59,165.09,132.75,103.64,92.13,0.1554,0.3526,0.2964,0.3316,0.5132,0.6983,0.5493,inswing
RIGHT,BACK,167.99,137.33,98.11,0.4448,0.1606,0.5629,0.5242,0.3627,80.68,-96.9,175.78,167.99,137.33,98.11,93.27,0.1358,0.3854,0.2837,0.3216,0.5012,0.6865,0.5436,inswing
RIGHT,BACK,163.62,129.29,93.44,0.4079,0.1461,0.5141,0.4699,0.3273,80.48,-97.13,174.84,163.62,129.29,93.44,91.72,0.1368,0.3733,0.2826,0.3217,0.4962,0.6803,0.492,inswing
RIGHT,BACK,151.57,114.31,83.36,0.3898,0.1514,0.5332,0.4795,0.3204,81.64,-96.83,176.63,151.57,114.31,83.36,84.92,0.1366,0.4758,0.2161,0.3497,0.5559,0.729,0.5064,inswing
RIGHT,BACK,9.67,21.3,34.6,0.1593,0.1279,0.2355,0.2721,0.4209,80.37,-95.66,176.2,9.67,21.3,34.6,49.9,0.1922,0.3188,0.1757,0.191,0.3791,0.5785,0.2538,inswing
RIGHT,BACK,168.62,71.38,44.02,0.5812,0.2925,0.5933,0.3252,0.2349,86.77,-89.42,162.77,168.62,71.38,44.02,44.72,0.2692,0.4792,0.2211,0.4276,0.3212,0.4183,0.4592,inswing
RIGHT,BACK,146.03,54.66,39.01,0.5351,0.2936,0.5561,0.3203,0.2328,86.22,-89.82,160.38,146.03,54.66,39.01,40.55,0.2448,0.4615,0.2148,0.4449,0.32,0.4034,0.4382,inswing
RIGHT,BACK,160.99,52.54,38.52,0.5491,0.2868,0.5593,0.3052,0.2286,85.97,-89.99,160.76,160.99,52.54,38.52,40.49,0.2592,0.456,0.22,0.449,0.3268,0.413,0.4322,inswing
RIGHT,BACK,175.16,94.68,27.39,0.7735,0.1497,0.6242,0.3811,0.2977,86.61,-88.22,159.31,175.16,94.68,27.39,27.4,0.3363,0.6187,0.2319,0.3217,0.3022,0.4764,0.5026,inswing
RIGHT,BACK,173.61,81.86,27.62,0.8022,0.2808,0.6919,0.3431,0.3002,86.82,-87.83,159.37,173.61,81.86,27.62,27.48,0.3598,0.6147,0.2332,0.524,0.3905,0.4534,0.5175,inswing
RIGHT,BACK,131.05,123.31,128.91,0.3734,0.0748,0.4246,0.5029,0.4721,86.23,-94.81,177.19,131.05,123.31,128.91,117.74,0.1416,0.171,0.2972,0.4074,0.5917,0.7165,0.4637,inswing
RIGHT,BACK,118.8,116.9,118.85,0.346,0.0702,0.407,0.491,0.4208,86.0,-95.42,176.89,118.8,116.9,118.85,102.94,0.1351,0.1854,0.2805,0.4293,0.6217,0.7451,0.449,inswing
RIGHT,BACK,163.16,147.06,7.92,0.7651,0.1805,0.592,0.329,0.3612,83.13,-90.99,160.09,163.16,147.06,7.92,13.78,0.3188,0.6675,0.2178,0.4459,0.3514,0.4476,0.4605,inswing
RIGHT,BACK,165.2,163.59,11.25,0.7772,0.2163,0.6466,0.4553,0.2566,82.15,-91.83,159.71,165.2,163.59,11.25,19.93,0.2527,0.7101,0.2035,0.5127,0.3699,0.3986,0.5509,inswing
RIGHT,BACK,9.38,2.15,14.2,0.2085,0.1659,0.1708,0.0933,0.4303,81.81,-92.57,166.92,9.38,2.15,14.2,165.1,0.1738,0.3381,0.3571,0.3715,0.3527,0.4944,0.132,inswing
RIGHT,BACK,11.1,4.48,17.86,0.2239,0.1622,0.0792,0.1191,0.3151,80.4,-94.1,166.88,11.1,4.48,17.86,2.19,0.1621,0.3227,0.3085,0.2277,0.2318,0.407,0.0992,inswing
RIGHT,BACK,19.76,1.11,18.96,0.2331,0.1917,0.1757,0.1098,0.4623,77.3,-97.25,168.15,19.76,1.11,18.96,31.23,0.1698,0.3526,0.1828,0.4773,0.4334,0.5513,0.1427,inswing
RIGHT,BACK,161.55,176.46,18.95,0.4274,0.0585,0.4283,0.5063,0.2924,83.98,-91.03,170.2,161.55,176.46,18.95,23.21,0.2228,0.7314,0.2183,0.3267,0.2805,0.4338,0.4673,inswing
RIGHT,BACK,172.71,178.62,37.26,0.449,0.0192,0.4547,0.5033,0.2867,84.86,-90.12,176.47,172.71,178.62,37.26,37.83,0.2279,0.6017,0.2867,0.2992,0.3421,0.5258,0.479,inswing
RIGHT,BACK,172.16,178.14,40.05,0.5177,0.0925,0.4343,0.5294,0.3073,84.79,-90.1,172.05,172.16,178.14,40.05,39.8,0.2451,0.5792,0.2973,0.3033,0.3553,0.5422,0.4818,inswing
RIGHT,BACK,171.27,177.64,52.91,0.6271,0.0855,0.5426,0.6145,0.2598,84.35,-90.69,166.27,171.27,177.64,52.91,40.31,0.2625,0.5456,0.3689,0.3056,0.2789,0.4505,0.5785,inswing
RIGHT,BACK,175.17,178.75,31.44,0.6575,0.0387,0.62,0.653,0.2453,85.15,-89.64,167.63,175.17,178.75,31.44,33.56,0.2581,0.7817,0.2749,0.2928,0.293,0.4748,0.6365,inswing
RIGHT,BACK,177.01,179.79,30.78,0.7143,0.0086,0.706,0.7018,0.2632,85.11,-89.69,167.51,177.01,179.79,30.78,33.01,0.2705,0.8585,0.2677,0.2987,0.3035,0.4851,0.7039,inswing
RIGHT,BACK,176.57,177.29,26.6,0.7707,0.0535,0.7281,0.7835,0.306,84.67,-90.05,166.05,176.57,177.29,26.6,30.46,0.2943,0.9734,0.2378,0.3078,0.315,0.4955,0.7558,inswing
RIGHT,BACK,176.72,177.11,25.83,0.8025,0.061,0.7435,0.7949,0.3037,84.6,-90.07,166.06,176.72,177.11,25.83,30.18,0.2919,0.9895,0.2313,0.3145,0.3172,0.4946,0.7692,inswing
RIGHT,BACK,177.15,178.24,23.66,0.8418,0.1098,0.7339,0.7792,0.341,84.62,-90.04,165.0,177.15,178.24,23.66,28.6,0.2845,1.0264,0.2235,0.3511,0.3473,0.5165,0.7565,inswing
RIGHT,BACK,69.52,58.26,63.17,0.1158,0.1875,0.3006,0.2283,0.3146,88.89,-89.5,179.31,69.52,58.26,63.17,66.04,0.1953,0.2714,0.2081,0.2711,0.4788,0.6279,0.2644,inswing
RIGHT,BACK,77.27,64.84,66.67,0.1316,0.1889,0.3171,0.2395,0.2863,88.5,-90.58,176.89,77.27,64.84,66.67,71.91,0.1792,0.2831,0.2095,0.2667,0.4769,0.6201,0.2783,inswing
RIGHT,BACK,57.22,62.42,65.36,0.0425,0.1661,0.2001,0.2124,0.2851,88.57,-90.46,177.2,57.22,62.42,65.36,69.4,0.1428,0.2635,0.2078,0.2666,0.4738,0.6192,0.2062,inswing
RIGHT,BACK,76.69,75.79,73.57,0.1297,0.1668,0.2918,0.2858,0.2821,87.89,-91.3,174.84,76.69,75.79,73.57,76.47,0.1231,0.2842,0.2236,0.2829,0.4836,0.6225,0.2888,inswing
RIGHT,BACK,85.89,79.76,74.08,0.1494,0.174,0.318,0.2879,0.2596,87.49,-91.71,174.87,85.89,79.76,74.08,75.49,0.1257,0.31,0.2187,0.264,0.4635,0.6024,0.3029,inswing
RIGHT,BACK,114.65,94.69,83.23,0.2202,0.165,0.3789,0.3595,0.2817,87.26,-91.87,173.56,114.65,94.69,83.23,81.67,0.1305,0.332,0.2664,0.2837,0.4835,0.6251,0.3692,inswing
RIGHT,BACK,130.58,105.44,83.0,0.2853,0.1446,0.424,0.3948,0.3015,87.04,-91.91,174.19,130.58,105.44,83.0,82.5,0.1276,0.3944,0.2653,0.3096,0.5135,0.6605,0.4094,inswing
RIGHT,BACK,154.89,141.95,143.94,0.603,0.1421,0.535,0.5863,0.4916,88.15,-89.77,177.53,154.89,141.95,143.94,137.47,0.1263,0.1872,0.263,0.4874,0.6482,0.7482,0.5607,inswing
RIGHT,BACK,165.25,123.14,9.8,0.6673,0.2302,0.5953,0.2869,0.2632,72.01,-101.32,163.41,165.25,123.14,9.8,12.77,0.3296,0.5478,0.2104,0.5555,0.3929,0.407,0.4411,inswing
RIGHT,BACK,103.07,45.85,12.78,0.4047,0.2583,0.2014,0.0466,0.4312,74.56,-98.91,168.5,103.07,45.85,12.78,0.15,0.2003,0.4472,0.1839,0.6215,0.4571,0.4685,0.124,inswing
RIGHT,BACK,115.18,60.97,2.41,0.4188,0.1715,0.2891,0.1656,0.316,73.4,-100.18,165.63,115.18,60.97,2.41,12.36,0.1537,0.4774,0.193,0.5355,0.388,0.4276,0.2273,inswing
RIGHT,BACK,80.7,24.54,3.91,0.3075,0.2068,0.1955,0.0526,0.2818,73.07,-100.82,162.03,80.7,24.54,3.91,12.92,0.143,0.3284,0.1917,0.5321,0.3822,0.4172,0.124,inswing
RIGHT,BACK,90.75,22.37,5.96,0.3693,0.2354,0.2386,0.0516,0.2789,72.29,-101.54,159.41,90.75,22.37,5.96,14.9,0.187,0.324,0.1929,0.5319,0.3871,0.4259,0.1451,inswing
RIGHT,BACK,138.06,59.48,8.11,0.5052,0.2243,0.3554,0.1588,0.2526,71.78,-101.93,158.49,138.06,59.48,8.11,15.6,0.2186,0.4103,0.2024,0.531,0.3918,0.4285,0.2571,inswing
RIGHT,BACK,176.11,144.15,45.07,0.5746,0.0567,0.5311,0.4614,0.2811,84.88,-91.8,173.49,176.11,144.15,45.07,47.76,0.1727,0.6506,0.2764,0.3875,0.4628,0.6371,0.4963,inswing
RIGHT,BACK,175.0,137.93,43.26,0.5224,0.076,0.5369,0.4489,0.3168,84.68,-91.88,177.99,175.0,137.93,43.26,47.56,0.1848,0.6285,0.2709,0.3697,0.4678,0.6474,0.4929,inswing
RIGHT,BACK,174.75,140.68,46.25,0.4406,0.0377,0.4705,0.4082,0.3362,84.2,-92.3,179.64,174.75,140.68,46.25,50.12,0.1861,0.5912,0.2766,0.4173,0.5091,0.6838,0.4393,inswing
RIGHT,BACK,175.08,146.09,41.77,0.4941,0.053,0.4588,0.4187,0.3471,83.06,-93.05,175.25,175.08,146.09,41.77,46.77,0.1935,0.6372,0.2687,0.4187,0.4926,0.6664,0.4388,inswing
RIGHT,BACK,177.96,159.94,38.8,0.5424,0.0557,0.5106,0.5099,0.3359,81.65,-94.14,175.33,177.96,159.94,38.8,45.08,0.2127,0.6969,0.2555,0.3951,0.4602,0.6381,0.5103,inswing
RIGHT,BACK,177.19,157.46,39.25,0.5652,0.0547,0.5124,0.5068,0.2909,80.9,-94.85,174.29,177.19,157.46,39.25,43.47,0.2062,0.6896,0.2566,0.3836,0.4238,0.5969,0.5096,inswing
RIGHT,BACK,174.81,148.01,46.03,0.4978,0.0632,0.5021,0.4718,0.2216,81.84,-94.18,175.49,174.81,148.01,46.03,46.01,0.1891,0.6084,0.2887,0.3751,0.4024,0.5696,0.487,inswing
RIGHT,BACK,177.92,147.93,41.67,0.4527,0.2067,0.5751,0.4939,0.2313,83.1,-92.89,175.97,177.92,147.93,41.67,42.82,0.1804,0.6647,0.271,0.354,0.3845,0.5558,0.5345,inswing
RIGHT,BACK,176.81,151.61,39.83,0.5347,0.0633,0.5911,0.5055,0.2514,83.88,-92.04,172.76,176.81,151.61,39.83,44.06,0.1949,0.6915,0.2665,0.3591,0.3947,0.5667,0.5483,inswing
RIGHT,BACK,173.62,149.9,41.78,0.5102,0.1043,0.611,0.5272,0.1728,85.1,-91.28,174.15,173.62,149.9,41.78,48.78,0.1811,0.6841,0.2404,0.3346,0.3327,0.4919,0.5691,inswing
RIGHT,BACK,172.54,151.68,42.78,0.4531,0.1326,0.5363,0.5004,0.2434,86.14,-90.61,178.51,172.54,151.68,42.78,51.93,0.1692,0.6827,0.2437,0.3629,0.4126,0.5806,0.5183,inswing
RIGHT,BACK,171.73,150.57,42.69,0.4452,0.095,0.5126,0.5081,0.2917,87.07,-89.47,175.64,171.73,150.57,42.69,53.37,0.1709,0.702,0.2669,0.365,0.447,0.6307,0.5104,inswing
RIGHT,BACK,170.98,150.79,43.44,0.4438,0.0889,0.483,0.479,0.3078,87.29,-89.22,177.83,170.98,150.79,43.44,55.55,0.1751,0.6918,0.2785,0.4029,0.4808,0.6612,0.481,inswing
RIGHT,BACK,169.47,149.71,43.39,0.4505,0.075,0.4868,0.492,0.29,86.81,-89.72,176.33,169.47,149.71,43.39,53.29,0.1815,0.6851,0.2599,0.3835,0.46,0.6401,0.4894,inswing
RIGHT,BACK,171.58,149.57,42.89,0.4967,0.0245,0.4931,0.4818,0.2828,86.69,-89.8,174.41,171.58,149.57,42.89,53.65,0.1785,0.6719,0.2612,0.3799,0.4482,0.6258,0.4875,inswing
RIGHT,BACK,171.64,152.64,43.31,0.4607,0.086,0.4894,0.498,0.2856,86.75,-89.78,177.44,171.64,152.64,43.31,55.77,0.1866,0.6799,0.2633,0.3857,0.4565,0.6354,0.4937,inswing
RIGHT,BACK,171.36,150.58,42.31,0.4964,0.0389,0.5197,0.512,0.2841,86.4,-90.05,175.9,171.36,150.58,42.31,54.24,0.189,0.6724,0.2527,0.356,0.434,0.6158,0.5159,inswing
RIGHT,BACK,173.13,153.56,44.5,0.5278,0.0534,0.5169,0.4859,0.2828,85.74,-90.83,179.27,173.13,153.56,44.5,54.14,0.186,0.6514,0.2401,0.382,0.45,0.6239,0.5014,inswing
RIGHT,BACK,175.28,157.09,41.24,0.4787,0.1569,0.5391,0.4996,0.2949,84.82,-91.65,179.07,175.28,157.09,41.24,48.7,0.1938,0.7053,0.2317,0.391,0.4534,0.6275,0.5194,inswing
RIGHT,BACK,174.63,156.66,40.85,0.4858,0.1368,0.5473,0.51,0.3043,84.62,-91.78,178.76,174.63,156.66,40.85,46.95,0.2,0.7006,0.2384,0.3762,0.452,0.6314,0.5286,inswing
RIGHT,BACK,176.59,153.19,42.12,0.5017,0.1186,0.5396,0.4877,0.288,84.41,-92.18,177.93,176.59,153.19,42.12,47.84,0.1775,0.672,0.2385,0.3707,0.4414,0.6164,0.5136,inswing
RIGHT,BACK,176.4,148.62,41.02,0.5059,0.0455,0.5062,0.4542,0.3088,84.46,-92.07,175.82,176.4,148.62,41.02,46.84,0.1769,0.65,0.2422,0.3822,0.4542,0.628,0.4802,inswing
RIGHT,BACK,176.98,152.76,40.01,0.5454,0.0824,0.4752,0.4503,0.295,84.06,-92.16,173.31,176.98,152.76,40.01,45.4,0.1675,0.664,0.2462,0.3905,0.435,0.6018,0.4628,inswing
RIGHT,BACK,172.56,151.16,50.04,0.3764,0.2615,0.4762,0.4619,0.2507,86.23,-90.46,174.99,172.56,151.16,50.04,59.02,0.1787,0.6407,0.2289,0.4955,0.5356,0.6886,0.4691,inswing
RIGHT,BACK,179.9,157.41,38.35,0.4284,0.0742,0.4982,0.4756,0.3164,87.62,-87.76,178.47,179.9,157.41,38.35,48.08,0.197,0.7072,0.2934,0.4209,0.4727,0.6481,0.4869,inswing
RIGHT,BACK,179.23,153.91,38.8,0.4422,0.1431,0.563,0.5172,0.2129,87.7,-87.89,175.61,179.23,153.91,38.8,48.01,0.1892,0.6724,0.248,0.3425,0.3564,0.5262,0.5401,inswing
RIGHT,BACK,179.85,160.68,41.07,0.4313,0.1062,0.4908,0.5062,0.2786,87.14,-88.41,177.81,179.85,160.68,41.07,47.86,0.1971,0.6401,0.2347,0.3612,0.4136,0.5887,0.4985,inswing
RIGHT,BACK,179.24,158.5,39.73,0.3928,0.1479,0.4553,0.4667,0.274,86.89,-88.67,176.75,179.24,158.5,39.73,45.3,0.1964,0.649,0.2336,0.3996,0.4314,0.595,0.461,inswing
RIGHT,BACK,178.49,155.1,37.05,0.3902,0.2207,0.3226,0.2843,0.3936,86.66,-88.77,175.58,178.49,155.1,37.05,42.06,0.1988,0.6524,0.2279,0.5722,0.5781,0.713,0.3035,inswing
RIGHT,BACK,179.93,155.93,36.37,0.399,0.1459,0.3147,0.3063,0.4127,86.61,-88.72,174.68,179.93,155.93,36.37,41.84,0.2011,0.6583,0.2309,0.5558,0.5818,0.729,0.3105,inswing
RIGHT,BACK,178.25,159.4,32.85,0.4199,0.1744,0.3313,0.3005,0.4203,86.04,-89.13,175.55,178.25,159.4,32.85,39.56,0.2055,0.6891,0.2308,0.5751,0.5775,0.7109,0.3159,inswing
RIGHT,BACK,175.89,168.36,30.63,0.4732,0.1623,0.3251,0.3217,0.4889,85.39,-89.48,175.53,175.89,168.36,30.63,39.42,0.2229,0.7461,0.2327,0.612,0.6236,0.7636,0.3234,inswing
RIGHT,BACK,178.98,138.53,33.42,0.4015,0.0981,0.3185,0.203,0.4019,80.41,-94.67,177.62,178.98,138.53,33.42,36.84,0.2138,0.6004,0.2428,0.5304,0.4954,0.6169,0.2607,inswing
RIGHT,BACK,177.75,165.97,114.2,0.4455,0.1564,0.2967,0.2915,0.3008,80.0,-95.07,176.36,177.75,165.97,114.2,49.58,0.2414,0.4265,0.3898,0.544,0.501,0.6194,0.2941,inswing
RIGHT,BACK,177.95,169.34,85.4,0.4943,0.1649,0.4325,0.5429,0.4074,79.72,-95.29,173.28,177.95,169.34,85.4,45.72,0.2509,0.4806,0.3783,0.3289,0.3383,0.5119,0.4877,inswing
RIGHT,BACK,175.01,170.13,38.69,0.5087,0.2113,0.305,0.2994,0.3005,79.16,-95.73,173.37,175.01,170.13,38.69,42.64,0.232,0.5577,0.2725,0.5712,0.5182,0.6275,0.3022,inswing
RIGHT,BACK,174.25,167.39,30.22,0.5996,0.2179,0.3826,0.2918,0.3593,78.32,-96.61,172.48,174.25,167.39,30.22,40.06,0.2196,0.6229,0.229,0.548,0.5065,0.6222,0.3372,inswing
RIGHT,BACK,173.8,166.37,28.16,0.6293,0.219,0.4167,0.2898,0.396,77.85,-97.1,173.56,173.8,166.37,28.16,41.51,0.2255,0.6673,0.195,0.5504,0.5136,0.6273,0.3532,inswing
RIGHT,BACK,173.12,164.6,28.34,0.6451,0.2168,0.5473,0.4306,0.3188,77.7,-97.23,173.92,173.12,164.6,28.34,41.05,0.2334,0.677,0.1935,0.4003,0.3937,0.542,0.4889,inswing
RIGHT,BACK,173.74,166.46,30.17,0.6286,0.2175,0.5603,0.4895,0.2919,77.78,-97.21,174.07,173.74,166.46,30.17,43.5,0.2151,0.7052,0.1969,0.3696,0.3686,0.5224,0.5249,inswing
RIGHT,BACK,173.5,168.06,31.88,0.6105,0.1907,0.5075,0.4628,0.3006,77.85,-97.17,173.5,173.5,168.06,31.88,43.99,0.2078,0.7122,0.2035,0.4156,0.4014,0.5423,0.4851,inswing
RIGHT,BACK,175.52,169.34,32.5,0.5753,0.189,0.4986,0.5032,0.2816,77.82,-97.24,173.61,175.52,169.34,32.5,44.92,0.2163,0.7179,0.2023,0.381,0.3739,0.5227,0.5009,inswing
RIGHT,BACK,174.64,169.39,38.55,0.5657,0.1639,0.4097,0.3356,0.3234,77.67,-97.38,173.55,174.64,169.39,38.55,55.98,0.2153,0.6589,0.2065,0.5873,0.5277,0.6186,0.3727,inswing
RIGHT,BACK,175.64,168.2,41.48,0.5415,0.2065,0.4593,0.4954,0.2545,77.71,-97.36,173.52,175.64,168.2,41.48,66.56,0.2242,0.647,0.2176,0.3843,0.3934,0.5505,0.4773,inswing
RIGHT,BACK,176.22,168.59,40.81,0.4807,0.1453,0.3453,0.2955,0.3208,77.16,-97.6,174.15,176.22,168.59,40.81,175.05,0.2255,0.6158,0.397,0.5664,0.513,0.6161,0.3204,inswing
RIGHT,BACK,176.32,166.33,42.16,0.4722,0.137,0.3371,0.3057,0.2767,76.53,-98.12,174.04,176.32,166.33,42.16,178.49,0.2086,0.5764,0.4564,0.5168,0.4693,0.5819,0.3214,inswing
RIGHT,BACK,171.98,178.95,22.75,0.5702,0.1522,0.4304,0.3276,0.4118,76.33,-97.59,174.55,171.98,178.95,22.75,128.5,0.2255,0.7392,0.3112,0.6448,0.5746,0.6548,0.379,inswing
RIGHT,BACK,170.31,173.26,14.81,0.6396,0.1491,0.565,0.4744,0.3802,76.62,-96.81,174.33,170.31,173.26,14.81,19.75,0.2566,0.7977,0.2159,0.4973,0.4521,0.5751,0.5197,inswing
RIGHT,BACK,173.86,175.65,12.76,0.656,0.1853,0.4715,0.4746,0.424,77.46,-95.78,173.66,173.86,175.65,12.76,22.02,0.2678,0.8664,0.2486,0.6589,0.5968,0.6907,0.4731,inswing
RIGHT,BACK,175.16,175.77,12.31,0.6554,0.1752,0.4803,0.5462,0.4402,77.73,-95.48,173.19,175.16,175.77,12.31,21.03,0.2946,0.9597,0.2312,0.64,0.5759,0.6723,0.5132,inswing
RIGHT,BACK,174.56,175.95,14.02,0.6508,0.1701,0.4812,0.5281,0.4572,77.93,-95.46,174.16,174.56,175.95,14.02,22.93,0.2829,0.9718,0.2164,0.6425,0.5733,0.6639,0.5046,inswing
RIGHT,BACK,172.77,174.54,14.04,0.5857,0.1867,0.3991,0.435,0.4754,77.84,-95.66,175.38,172.77,174.54,14.04,21.89,0.2736,0.886,0.2141,0.6319,0.5743,0.6734,0.417,inswing
RIGHT,BACK,170.15,172.88,12.75,0.5427,0.1528,0.5068,0.4348,0.4079,77.65,-95.87,175.82,170.15,172.88,12.75,19.12,0.269,0.8318,0.2076,0.6866,0.5737,0.6088,0.4708,inswing
RIGHT,BACK,174.97,177.69,12.74,0.6261,0.1316,0.5551,0.5029,0.4264,78.85,-94.33,175.72,174.97,177.69,12.74,17.92,0.27,0.9287,0.2349,0.6802,0.5826,0.6383,0.529,inswing
RIGHT,BACK,173.73,174.32,26.26,0.495,0.0866,0.5804,0.4576,0.3451,81.51,-91.95,179.37,173.73,174.32,26.26,34.64,0.28,0.7977,0.258,0.6611,0.5887,0.6513,0.519,inswing
RIGHT,BACK,174.53,168.21,35.78,0.4725,0.0652,0.4641,0.3443,0.4245,81.86,-91.74,177.8,174.53,168.21,35.78,41.01,0.2941,0.7679,0.2904,0.7442,0.7248,0.8161,0.4042,inswing
RIGHT,BACK,170.71,171.09,38.23,0.452,0.1213,0.3769,0.3335,0.4594,80.86,-92.8,177.28,170.71,171.09,38.23,44.62,0.3024,0.777,0.2755,0.7433,0.7599,0.8708,0.3552,inswing
RIGHT,BACK,166.62,175.35,35.78,0.4568,0.1025,0.3756,0.3313,0.4882,80.15,-93.45,176.72,166.62,175.35,35.78,43.34,0.3067,0.8111,0.2613,0.7625,0.775,0.8801,0.3534,inswing
RIGHT,BACK,166.77,176.66,34.77,0.4891,0.0928,0.4167,0.3385,0.49,79.67,-93.81,177.93,166.77,176.66,34.77,42.34,0.3213,0.8246,0.262,0.7522,0.7584,0.8601,0.3776,inswing
RIGHT,BACK,168.14,178.31,34.0,0.5565,0.0812,0.493,0.3662,0.4774,79.39,-93.79,179.0,168.14,178.31,34.0,40.52,0.3425,0.8418,0.276,0.7497,0.7469,0.8457,0.4296,inswing
RIGHT,BACK,169.85,177.76,33.77,0.5839,0.0743,0.5208,0.366,0.4854,79.29,-93.78,179.65,169.85,177.76,33.77,39.82,0.3551,0.8503,0.2791,0.7633,0.7582,0.8552,0.4434,inswing
RIGHT,BACK,167.9,175.9,34.17,0.527,0.0705,0.5873,0.4438,0.4257,79.55,-93.28,178.9,167.9,175.9,34.17,39.73,0.3224,0.8605,0.2968,0.7922,0.7545,0.8219,0.5155,inswing
RIGHT,BACK,171.94,154.57,43.03,0.5493,0.0849,0.482,0.4995,0.3585,87.99,-83.99,175.25,171.94,154.57,43.03,54.5,0.2034,0.7502,0.2972,0.4862,0.5645,0.7526,0.4908,inswing
RIGHT,BACK,173.15,153.13,39.97,0.6151,0.1491,0.472,0.4764,0.3462,89.36,-85.32,171.36,173.15,153.13,39.97,51.27,0.1967,0.7423,0.2761,0.4913,0.5406,0.7142,0.4742,inswing
RIGHT,BACK,175.35,157.11,44.22,0.5927,0.1378,0.4584,0.472,0.3867,89.36,-86.43,175.29,175.35,157.11,44.22,51.33,0.203,0.7293,0.2787,0.5209,0.5933,0.7744,0.4652,inswing
RIGHT,BACK,174.39,157.97,47.89,0.6673,0.1784,0.4987,0.5017,0.3481,88.29,-87.38,172.55,174.39,157.97,47.89,47.69,0.2181,0.7184,0.312,0.5094,0.5698,0.7469,0.5002,inswing
RIGHT,BACK,175.96,163.81,55.97,0.7918,0.2285,0.5793,0.5803,0.2685,87.55,-88.41,169.56,175.96,163.81,55.97,55.16,0.2263,0.739,0.3213,0.5049,0.5466,0.7137,0.5798,inswing
RIGHT,BACK,176.61,164.57,65.6,0.8034,0.2002,0.6224,0.6132,0.2281,87.46,-88.62,170.37,176.61,164.57,65.6,64.56,0.2227,0.7095,0.3254,0.4891,0.5256,0.6917,0.6178,inswing
RIGHT,BACK,176.83,167.29,69.06,0.7394,0.1896,0.5821,0.6337,0.2387,87.13,-88.79,172.42,176.83,167.29,69.06,96.27,0.2238,0.7209,0.227,0.4957,0.5315,0.694,0.6079,inswing
RIGHT,BACK,175.8,165.17,62.67,0.6359,0.1051,0.5625,0.6305,0.2174,86.33,-89.36,173.56,175.8,165.17,62.67,91.44,0.218,0.7133,0.243,0.4566,0.4828,0.6419,0.5965,inswing
RIGHT,BACK,175.05,160.88,57.53,0.4605,0.0303,0.4905,0.5655,0.2137,85.93,-89.7,174.45,175.05,160.88,57.53,90.81,0.2119,0.6771,0.2645,0.4493,0.4791,0.6365,0.528,inswing
RIGHT,BACK,175.74,158.14,57.03,0.4155,0.0612,0.4726,0.5194,0.2293,85.93,-89.75,172.99,175.74,158.14,57.03,156.09,0.1938,0.6469,0.3455,0.4332,0.4733,0.636,0.496,inswing
RIGHT,BACK,176.91,155.86,52.63,0.4229,0.0511,0.474,0.5023,0.246,85.54,-90.08,171.55,176.91,155.86,52.63,121.06,0.1849,0.6487,0.269,0.414,0.4606,0.6293,0.4881,inswing
RIGHT,BACK,178.79,156.63,48.44,0.3944,0.0766,0.4706,0.4955,0.2533,85.25,-90.17,172.36,178.79,156.63,48.44,160.44,0.1818,0.6504,0.359,0.3923,0.439,0.6131,0.483,inswing
RIGHT,BACK,175.19,161.21,44.42,0.4107,0.0971,0.315,0.3168,0.3674,84.4,-90.94,172.11,175.19,161.21,44.42,109.43,0.1988,0.654,0.2833,0.5548,0.5685,0.7097,0.3159,inswing
RIGHT,BACK,172.39,155.14,51.87,0.4488,0.0949,0.3619,0.3026,0.2691,83.44,-92.08,171.8,172.39,155.14,51.87,68.56,0.1955,0.5688,0.2368,0.5338,0.5205,0.6443,0.3322,inswing
RIGHT,BACK,172.82,151.04,44.28,0.4423,0.1244,0.3293,0.2591,0.3404,83.62,-91.89,171.26,172.82,151.04,44.28,56.93,0.1983,0.5935,0.2401,0.5605,0.5489,0.671,0.2942,inswing
RIGHT,BACK,173.14,147.02,43.11,0.4626,0.1504,0.3133,0.2518,0.3632,83.71,-91.79,169.98,173.14,147.02,43.11,56.21,0.2011,0.5992,0.2526,0.5545,0.5559,0.6885,0.2825,inswing
RIGHT,BACK,173.85,148.25,45.19,0.4789,0.1609,0.3246,0.2572,0.3436,83.53,-91.96,170.6,173.85,148.25,45.19,61.76,0.2007,0.592,0.2657,0.5597,0.5557,0.6884,0.2909,inswing
RIGHT,BACK,173.98,153.13,39.96,0.4888,0.1561,0.3332,0.2871,0.357,83.41,-91.95,170.33,173.98,153.13,39.96,56.62,0.2116,0.6238,0.2611,0.5396,0.541,0.68,0.3101,inswing
RIGHT,BACK,173.27,157.03,40.01,0.4824,0.1326,0.3529,0.2828,0.3532,82.92,-92.12,171.26,173.27,157.03,40.01,54.11,0.2124,0.6319,0.2655,0.563,0.5406,0.6636,0.3178,inswing
RIGHT,BACK,172.79,162.27,40.22,0.4846,0.1874,0.299,0.2754,0.4122,82.1,-92.78,173.32,172.79,162.27,40.22,51.73,0.2158,0.6635,0.2565,0.5859,0.5794,0.7094,0.2872,inswing
RIGHT,BACK,173.23,162.58,33.47,0.4686,0.1718,0.2974,0.2678,0.429,81.31,-93.48,174.73,173.23,162.58,33.47,45.21,0.2258,0.6697,0.2514,0.5799,0.5635,0.6905,0.2826,inswing
RIGHT,BACK,175.66,156.18,36.05,0.4337,0.1052,0.3553,0.2574,0.391,80.6,-94.14,176.13,175.66,156.18,36.05,48.18,0.2211,0.6469,0.2575,0.582,0.542,0.6545,0.3064,inswing
RIGHT,BACK,177.99,168.5,30.93,0.6681,0.2783,0.4047,0.3911,0.5058,88.83,-85.34,172.74,177.99,168.5,30.93,38.71,0.2247,0.8305,0.251,0.6156,0.6587,0.8269,0.3979,inswing
RIGHT,BACK,174.57,172.23,33.74,0.651,0.2487,0.4024,0.3901,0.4465,87.12,-87.3,172.01,174.57,172.23,33.74,41.81,0.2404,0.813,0.2403,0.6439,0.6431,0.7789,0.3962,inswing
RIGHT,BACK,171.46,172.19,31.21,0.5916,0.1923,0.4016,0.3771,0.3781,86.3,-87.97,170.02,171.46,172.19,31.21,35.65,0.2481,0.7435,0.2276,0.6294,0.6003,0.7178,0.3894,inswing
RIGHT,BACK,173.0,173.98,41.02,0.5471,0.2129,0.336,0.4752,0.3379,86.76,-89.15,163.67,173.0,173.98,41.02,57.04,0.265,0.7928,0.2144,0.5094,0.5039,0.6333,0.4056,inswing
RIGHT,BACK,172.58,175.2,35.98,0.5775,0.2316,0.3467,0.4732,0.3583,86.83,-88.9,164.74,172.58,175.2,35.98,52.28,0.2675,0.8031,0.2134,0.5038,0.4978,0.6274,0.4099,inswing
RIGHT,BACK,172.35,175.56,40.3,0.5379,0.1434,0.3963,0.5526,0.2663,86.7,-89.09,166.48,172.35,175.56,40.3,55.77,0.2742,0.7706,0.225,0.4205,0.4252,0.5687,0.4745,inswing
RIGHT,BACK,172.38,175.48,38.46,0.533,0.2122,0.322,0.4509,0.3402,86.37,-89.34,165.73,172.38,175.48,38.46,54.62,0.264,0.7571,0.2205,0.4866,0.4844,0.6199,0.3864,inswing
RIGHT,BACK,176.8,170.72,37.15,0.557,0.2349,0.3563,0.3568,0.3637,85.79,-89.59,169.29,176.8,170.72,37.15,52.41,0.2378,0.7094,0.2303,0.5254,0.4998,0.6247,0.3565,inswing
RIGHT,BACK,175.34,161.0,41.55,0.5417,0.2429,0.3005,0.2816,0.404,85.65,-89.79,167.28,175.34,161.0,41.55,56.21,0.2237,0.656,0.2404,0.52,0.5244,0.6647,0.291,inswing
RIGHT,BACK,173.63,161.83,39.16,0.5161,0.1843,0.3577,0.2934,0.366,85.09,-90.16,168.09,173.63,161.83,39.16,52.87,0.23,0.6572,0.2453,0.5197,0.487,0.6088,0.3255,inswing
RIGHT,BACK,165.51,162.03,35.8,0.4927,0.1892,0.3077,0.2658,0.413,84.15,-90.93,167.13,165.51,162.03,35.8,48.04,0.214,0.669,0.238,0.5222,0.4982,0.6271,0.2868,inswing
RIGHT,BACK,163.89,128.65,36.4,0.5184,0.1703,0.3505,0.2216,0.4,83.75,-91.19,166.92,163.89,128.65,36.4,46.63,0.2129,0.6207,0.2397,0.5167,0.4831,0.6069,0.2861,inswing
RIGHT,BACK,161.55,140.19,35.44,0.5397,0.1777,0.3626,0.2329,0.3997,83.21,-91.69,167.77,161.55,140.19,35.44,48.35,0.2133,0.6295,0.231,0.4999,0.474,0.603,0.2977,inswing
RIGHT,BACK,161.8,150.89,34.29,0.5204,0.158,0.3628,0.2519,0.4072,82.99,-91.9,168.61,161.8,150.89,34.29,47.39,0.2016,0.6591,0.232,0.5092,0.4684,0.5876,0.3074,inswing
RIGHT,BACK,159.64,147.45,33.82,0.5404,0.1817,0.3591,0.236,0.4231,82.68,-92.13,169.03,159.64,147.45,33.82,47.49,0.2032,0.6587,0.2316,0.5203,0.4816,0.6025,0.2976,inswing
RIGHT,BACK,158.62,149.58,31.57,0.5605,0.1927,0.3683,0.2254,0.4301,82.36,-92.22,169.52,158.62,149.58,31.57,45.16,0.2131,0.6547,0.2251,0.5252,0.4859,0.6061,0.2968,inswing
RIGHT,BACK,177.59,172.76,19.86,0.5487,0.0613,0.5235,0.4527,0.3235,89.88,-84.7,166.72,177.59,172.76,19.86,27.35,0.2458,0.737,0.2659,0.4375,0.3992,0.5438,0.4881,inswing
RIGHT,BACK,176.96,171.63,23.51,0.5824,0.1773,0.4111,0.3725,0.4454,89.3,-83.77,167.64,176.96,171.63,23.51,32.18,0.2386,0.7507,0.2738,0.5139,0.5251,0.687,0.3918,inswing
RIGHT,BACK,177.78,162.0,28.44,0.6529,0.2258,0.4428,0.3499,0.4338,88.75,-83.42,167.37,177.78,162.0,28.44,34.91,0.245,0.7418,0.283,0.5283,0.5423,0.7065,0.3963,inswing
RIGHT,BACK,177.71,165.14,26.82,0.5542,0.2035,0.3803,0.3401,0.4853,88.25,-82.79,172.27,177.71,165.14,26.82,33.24,0.2421,0.7681,0.283,0.5554,0.5815,0.7501,0.3602,inswing
RIGHT,BACK,176.73,162.98,27.38,0.5359,0.0915,0.5007,0.4637,0.3905,88.44,-83.02,173.42,176.73,162.98,27.38,33.95,0.2372,0.7647,0.2845,0.4359,0.4696,0.652,0.4822,inswing
RIGHT,BACK,176.67,164.39,27.63,0.554,0.1011,0.5018,0.4724,0.3903,88.54,-83.07,172.07,176.67,164.39,27.63,34.15,0.2433,0.7689,0.2819,0.4379,0.472,0.6549,0.4871,inswing
RIGHT,BACK,178.68,166.86,26.89,0.5235,0.16,0.4087,0.3846,0.4405,88.43,-82.95,172.35,178.68,166.86,26.89,34.17,0.2413,0.7542,0.2781,0.5121,0.5366,0.7066,0.3966,inswing
RIGHT,BACK,179.57,167.83,26.55,0.5497,0.1224,0.4358,0.3892,0.4345,88.37,-82.95,170.06,179.57,167.83,26.55,35.87,0.2496,0.7414,0.2735,0.4895,0.5211,0.6954,0.4125,inswing
RIGHT,BACK,177.38,171.02,27.4,0.5836,0.2285,0.3654,0.3371,0.4746,88.68,-83.4,168.43,177.38,171.02,27.4,37.56,0.2442,0.749,0.2694,0.5588,0.5806,0.7412,0.3513,inswing
RIGHT,BACK,178.25,163.39,28.73,0.5854,0.2516,0.3428,0.3021,0.4872,89.13,-83.94,170.13,178.25,163.39,28.73,36.86,0.2291,0.7232,0.2813,0.5727,0.5989,0.7605,0.3224,inswing
RIGHT,BACK,179.61,164.68,28.97,0.5864,0.2612,0.3286,0.3045,0.5118,89.98,-84.74,171.54,179.61,164.68,28.97,37.05,0.243,0.7368,0.2705,0.5848,0.6181,0.7842,0.3165,inswing
RIGHT,BACK,175.27,178.78,44.99,0.6251,0.2027,0.4906,0.5704,0.3361,86.13,-87.97,174.57,175.27,178.78,44.99,172.73,0.2172,0.7994,0.3472,0.5018,0.5265,0.6908,0.5305,inswing
RIGHT,BACK,175.13,179.06,39.34,0.5913,0.1843,0.4745,0.56,0.3176,85.11,-88.8,174.11,175.13,179.06,39.34,178.9,0.2135,0.8205,0.4789,0.5073,0.5077,0.6569,0.5172,inswing
RIGHT,BACK,171.27,174.66,29.29,0.4714,0.1757,0.33,0.3613,0.3681,84.83,-88.94,173.71,171.27,174.66,29.29,179.94,0.2002,0.6981,0.5369,0.5334,0.524,0.6649,0.3456,inswing
RIGHT,BACK,158.07,166.97,29.62,0.4282,0.174,0.2603,0.2983,0.3791,84.52,-89.49,171.25,158.07,166.97,29.62,177.62,0.2038,0.6598,0.47,0.5444,0.5353,0.672,0.2793,inswing
RIGHT,BACK,158.79,162.05,27.18,0.4573,0.1766,0.281,0.2913,0.4171,84.07,-90.24,169.59,158.79,162.05,27.18,80.85,0.1967,0.6968,0.2806,0.5586,0.5452,0.6772,0.2861,inswing
RIGHT,BACK,158.88,160.37,25.97,0.4532,0.168,0.2854,0.2882,0.4523,83.72,-90.87,169.55,158.88,160.37,25.97,31.34,0.1982,0.7299,0.217,0.5642,0.5492,0.6801,0.2868,inswing
RIGHT,BACK,156.74,162.68,27.24,0.4409,0.152,0.289,0.2707,0.4304,83.8,-90.85,169.36,156.74,162.68,27.24,46.98,0.2028,0.6934,0.2598,0.5615,0.543,0.6716,0.2798,inswing
RIGHT,BACK,144.1,157.03,25.75,0.4293,0.1661,0.2633,0.2301,0.4461,83.8,-90.92,168.78,144.1,157.03,25.75,31.8,0.2003,0.6679,0.225,0.5614,0.548,0.6778,0.2467,inswing
RIGHT,BACK,170.66,170.49,29.59,0.4857,0.1742,0.3115,0.3301,0.4259,83.61,-91.11,168.47,170.66,170.49,29.59,35.21,0.2368,0.7471,0.222,0.5646,0.5467,0.6737,0.3208,inswing
RIGHT,BACK,170.67,172.02,32.67,0.495,0.1766,0.3183,0.3536,0.4121,83.46,-91.35,168.82,170.67,172.02,32.67,40.97,0.245,0.7592,0.2191,0.5661,0.5458,0.6712,0.336,inswing
RIGHT,BACK,170.15,173.17,37.33,0.4936,0.1855,0.3088,0.3593,0.375,83.35,-91.57,168.77,170.15,173.17,37.33,83.16,0.2478,0.7258,0.2475,0.5681,0.5495,0.676,0.334,inswing
RIGHT,BACK,171.53,174.97,37.47,0.5123,0.1817,0.3316,0.3776,0.3468,83.07,-91.82,168.6,171.53,174.97,37.47,69.5,0.2436,0.7117,0.2281,0.5596,0.5379,0.6631,0.3546,inswing
RIGHT,BACK,169.72,175.12,37.5,0.5002,0.1804,0.3221,0.3355,0.3557,82.88,-92.0,167.94,169.72,175.12,37.5,66.4,0.2363,0.683,0.2429,0.5703,0.5436,0.664,0.3288,inswing
RIGHT,BACK,167.35,175.54,32.66,0.4906,0.1737,0.3169,0.3248,0.3694,82.66,-92.08,166.97,167.35,175.54,32.66,50.82,0.2383,0.6807,0.2399,0.5603,0.533,0.6552,0.3209,inswing
RIGHT,BACK,159.24,179.67,27.07,0.46,0.1008,0.3992,0.3211,0.3422,82.45,-92.07,166.24,159.24,179.67,27.07,37.34,0.2457,0.6586,0.2224,0.6045,0.5257,0.6051,0.3602,inswing
RIGHT,BACK,156.74,176.27,22.25,0.4479,0.0762,0.4253,0.3352,0.3559,82.23,-92.06,167.06,156.74,176.27,22.25,30.15,0.2541,0.6799,0.2209,0.6131,0.52,0.583,0.3803,inswing
RIGHT,BACK,156.95,177.91,22.52,0.4489,0.172,0.2772,0.2562,0.4267,82.49,-91.83,166.57,156.95,177.91,22.52,30.56,0.2496,0.6654,0.2236,0.5723,0.5386,0.6548,0.2667,inswing
RIGHT,BACK,82.79,50.28,24.75,0.1542,0.1069,0.1114,0.0353,0.4843,80.64,-92.16,164.61,82.79,50.28,24.75,13.47,0.1418,0.4832,0.2197,0.6228,0.507,0.5136,0.0734,inswing
RIGHT,BACK,93.65,62.35,23.38,0.1626,0.061,0.1447,0.0797,0.4844,80.39,-92.34,166.58,93.65,62.35,23.38,12.83,0.1333,0.5523,0.2221,0.6326,0.5181,0.5224,0.1122,inswing
RIGHT,BACK,105.39,83.92,21.8,0.1823,0.0361,0.1978,0.1619,0.4678,80.27,-92.49,168.58,105.39,83.92,21.8,11.45,0.1227,0.623,0.2235,0.6394,0.5254,0.5258,0.1798,inswing
RIGHT,BACK,96.79,62.44,22.76,0.1596,0.0472,0.1716,0.0871,0.4622,80.4,-92.31,166.4,96.79,62.44,22.76,11.7,0.1309,0.5437,0.2161,0.6383,0.5199,0.5132,0.1293,inswing
RIGHT,BACK,139.12,92.06,3.9,0.4226,0.1338,0.4078,0.2039,0.4318,86.69,-86.48,175.18,139.12,92.06,3.9,11.6,0.2602,0.6339,0.2455,0.6324,0.5351,0.5891,0.3058,inswing
RIGHT,BACK,119.78,73.69,1.83,0.3702,0.1217,0.2486,0.1842,0.4805,86.25,-86.94,174.27,119.78,73.69,1.83,8.76,0.2273,0.6127,0.237,0.5434,0.4953,0.6044,0.2164,inswing
RIGHT,BACK,144.94,147.64,1.17,0.4462,0.0987,0.4024,0.3144,0.4214,86.63,-86.53,176.44,144.94,147.64,1.17,7.59,0.2135,0.7342,0.2386,0.5926,0.504,0.5644,0.3584,inswing
RIGHT,BACK,102.78,72.69,1.31,0.3121,0.0868,0.2524,0.16,0.443,86.26,-86.94,173.59,102.78,72.69,1.31,12.61,0.1752,0.5983,0.2281,0.5946,0.5121,0.5882,0.2062,inswing
RIGHT,BACK,171.87,177.94,18.97,0.5827,0.1887,0.3998,0.3436,0.4977,82.89,-90.87,173.94,171.87,177.94,18.97,26.67,0.2333,0.7992,0.236,0.6109,0.5965,0.7236,0.3717,inswing
RIGHT,BACK,167.58,176.58,16.13,0.6024,0.1801,0.4476,0.4004,0.4564,82.41,-91.33,173.53,167.58,176.58,16.13,24.3,0.2285,0.8041,0.2325,0.5502,0.526,0.6559,0.424,inswing
RIGHT,BACK,165.87,174.11,14.55,0.6371,0.1632,0.4879,0.4404,0.4615,82.26,-91.52,173.49,165.87,174.11,14.55,23.64,0.2083,0.8709,0.2214,0.5778,0.5383,0.6542,0.4642,inswing
RIGHT,BACK,166.26,173.83,14.06,0.6738,0.1751,0.5218,0.504,0.4581,82.31,-91.52,173.23,166.26,173.83,14.06,24.4,0.1994,0.921,0.209,0.5564,0.5244,0.6469,0.5129,inswing
RIGHT,BACK,171.57,174.59,17.57,0.6465,0.2064,0.4473,0.3864,0.4664,81.78,-92.03,174.31,171.57,174.59,17.57,24.26,0.2496,0.7991,0.2242,0.5418,0.5177,0.6438,0.4168,inswing
RIGHT,BACK,169.03,165.06,15.36,0.581,0.1351,0.4598,0.2781,0.4385,81.5,-92.11,176.65,169.03,165.06,15.36,19.65,0.2776,0.7142,0.2312,0.587,0.5123,0.5929,0.3689,inswing
RIGHT,BACK,158.73,146.34,10.94,0.5006,0.1458,0.3745,0.2345,0.48,80.12,-93.22,177.84,158.73,146.34,10.94,16.49,0.2629,0.7069,0.2192,0.584,0.5055,0.5926,0.3045,inswing
RIGHT,BACK,164.16,134.31,5.46,0.5884,0.1375,0.4796,0.2443,0.4773,78.22,-94.8,173.97,164.16,134.31,5.46,13.93,0.3122,0.7205,0.2011,0.5971,0.4933,0.5581,0.362,inswing
RIGHT,BACK,174.7,145.69,56.02,0.5674,0.0377,0.5443,0.5102,0.2211,83.55,-92.98,174.68,174.7,145.69,56.02,54.78,0.1609,0.5615,0.2977,0.2923,0.37,0.5473,0.5273,inswing
RIGHT,BACK,176.18,153.22,47.33,0.6221,0.1697,0.4738,0.4802,0.2657,82.7,-93.71,170.14,176.18,153.22,47.33,53.49,0.1646,0.6402,0.2438,0.3562,0.4102,0.5778,0.477,inswing
RIGHT,BACK,175.09,148.34,45.76,0.6376,0.1298,0.5152,0.4968,0.2536,82.15,-94.27,170.4,175.09,148.34,45.76,54.27,0.167,0.6594,0.2161,0.3394,0.3866,0.5562,0.506,inswing
RIGHT,BACK,176.26,146.31,46.73,0.685,0.1202,0.571,0.5156,0.2301,81.85,-94.52,167.85,176.26,146.31,46.73,54.43,0.172,0.6605,0.2189,0.3237,0.3668,0.5388,0.5433,inswing
RIGHT,BACK,175.54,142.54,48.51,0.6992,0.1409,0.5639,0.5136,0.2196,81.87,-94.52,166.27,175.54,142.54,48.51,55.58,0.1586,0.6578,0.2191,0.3174,0.3621,0.5351,0.5388,inswing
RIGHT,BACK,148.51,169.8,125.84,0.5446,0.0553,0.581,0.453,0.1348,67.69,-61.03,178.54,148.51,169.8,125.84,58.42,0.306,0.3792,0.7085,0.5994,0.5721,0.7223,0.517,outswing
RIGHT,BACK,147.12,168.42,108.26,0.5415,0.0234,0.5627,0.4335,0.1131,68.16,-61.52,178.18,147.12,168.42,108.26,53.38,0.3099,0.4853,0.6221,0.6258,0.5946,0.7351,0.4981,outswing
RIGHT,BACK,146.05,168.52,110.02,0.545,0.0527,0.5835,0.4287,0.0705,67.15,-60.75,175.57,146.05,168.52,110.02,52.49,0.3112,0.447,0.6193,0.6245,0.5633,0.6863,0.5061,outswing
RIGHT,BACK,150.82,172.73,127.17,0.5349,0.064,0.582,0.4988,0.2242,64.69,-58.46,175.58,150.82,172.73,127.17,65.98,0.3195,0.3793,0.6323,0.4997,0.5002,0.6907,0.5404,outswing
RIGHT,BACK,153.06,167.62,106.06,0.7164,0.1501,0.7125,0.5509,0.2603,72.26,-62.55,173.4,153.06,167.62,106.06,59.94,0.4086,0.7501,0.6015,0.9138,0.9624,1.1129,0.6317,outswing
RIGHT,BACK,152.21,167.28,122.49,0.6923,0.1069,0.7187,0.5446,0.1825,72.62,-62.7,173.32,152.21,167.28,122.49,63.4,0.412,0.635,0.683,0.9295,0.9669,1.1084,0.6317,outswing
RIGHT,BACK,155.2,167.01,106.87,0.6936,0.0834,0.6419,0.4652,0.2949,71.05,-61.83,176.19,155.2,167.01,106.87,54.97,0.3938,0.697,0.5726,0.8825,0.914,1.054,0.5536,outswing
RIGHT,BACK,158.64,166.78,83.33,0.6418,0.0704,0.6356,0.4505,0.3136,69.78,-61.35,176.22,158.64,166.78,83.33,43.74,0.3685,0.7176,0.5035,0.7828,0.781,0.9056,0.543,outswing
RIGHT,BACK,148.08,171.55,146.65,0.6189,0.0571,0.6357,0.5872,0.286,80.38,-74.13,178.14,148.08,171.55,146.65,82.92,0.3003,0.382,0.7709,0.7967,0.8753,1.0303,0.6114,outswing
RIGHT,BACK,148.31,171.85,145.5,0.5926,0.0933,0.615,0.5135,0.1738,79.96,-73.64,176.73,148.31,171.85,145.5,81.58,0.2924,0.3838,0.7517,0.8862,0.9144,1.0323,0.5643,outswing
RIGHT,BACK,146.26,172.88,141.9,0.5561,0.0307,0.5847,0.5541,0.2602,78.76,-72.43,177.65,146.26,172.88,141.9,81.67,0.2865,0.4104,0.7207,0.7708,0.8586,1.0227,0.5694,outswing
RIGHT,BACK,146.0,173.74,132.4,0.5755,0.0991,0.6078,0.5244,0.1342,78.22,-71.91,177.21,146.0,173.74,132.4,78.05,0.2887,0.4997,0.6628,0.8092,0.8625,1.0032,0.5661,outswing
RIGHT,BACK,145.89,173.07,127.7,0.5999,0.0768,0.6069,0.5154,0.1377,77.67,-71.33,176.87,145.89,173.07,127.7,75.36,0.2919,0.5325,0.6502,0.8119,0.8675,1.0139,0.5611,outswing
RIGHT,BACK,148.01,175.24,134.74,0.5654,0.0767,0.5675,0.4985,0.1841,76.96,-70.72,175.39,148.01,175.24,134.74,72.52,0.2898,0.4338,0.7064,0.7835,0.8505,1.0077,0.533,outswing
RIGHT,BACK,153.49,176.7,137.18,0.5517,0.0929,0.574,0.5149,0.2363,75.49,-69.5,175.49,153.49,176.7,137.18,65.28,0.2797,0.3948,0.7156,0.6626,0.716,0.8791,0.5444,outswing
RIGHT,BACK,154.53,176.01,141.83,0.5341,0.0502,0.5637,0.5259,0.3073,75.1,-69.36,177.28,154.53,176.01,141.83,64.83,0.2789,0.3591,0.7238,0.575,0.6508,0.8335,0.5448,outswing
RIGHT,BACK,154.08,175.4,142.01,0.5318,0.045,0.5622,0.5285,0.3218,75.55,-69.96,177.37,154.08,175.4,142.01,58.6,0.264,0.3482,0.7317,0.5303,0.6036,0.789,0.5454,outswing
RIGHT,BACK,154.37,174.91,138.55,0.5847,0.0457,0.5843,0.5371,0.2899,75.7,-70.16,174.45,154.37,174.91,138.55,58.69,0.2593,0.3672,0.7248,0.5193,0.57,0.7498,0.5607,outswing
RIGHT,BACK,155.93,174.88,137.82,0.5993,0.052,0.5875,0.5278,0.2711,75.5,-69.92,174.25,155.93,174.88,137.82,58.72,0.2691,0.3674,0.7263,0.5234,0.565,0.7402,0.5576,outswing
RIGHT,BACK,156.38,176.15,139.1,0.6019,0.0688,0.5621,0.5048,0.2673,75.2,-69.71,174.46,156.38,176.15,139.1,55.02,0.2698,0.3496,0.7467,0.5276,0.567,0.7397,0.5334,outswing
RIGHT,BACK,156.78,176.94,138.47,0.5914,0.0546,0.5749,0.5112,0.2669,74.83,-69.34,175.05,156.78,176.94,138.47,55.53,0.2698,0.3522,0.733,0.5053,0.5455,0.7218,0.5431,outswing
RIGHT,BACK,154.68,176.19,138.93,0.5349,0.0554,0.5737,0.5033,0.2589,74.44,-68.82,177.98,154.68,176.19,138.93,61.32,0.2679,0.3606,0.6804,0.4845,0.5365,0.7145,0.5385,outswing
RIGHT,BACK,156.53,176.05,127.25,0.5347,0.0508,0.585,0.5163,0.2336,74.01,-68.14,178.33,156.53,176.05,127.25,60.67,0.276,0.4395,0.6132,0.4804,0.5457,0.7295,0.5506,outswing
RIGHT,BACK,156.66,177.09,40.7,0.4925,0.0989,0.5598,0.5191,0.391,73.05,-66.89,178.32,156.66,177.09,40.7,45.24,0.292,0.8067,0.3549,0.4753,0.5517,0.7414,0.5395,outswing
RIGHT,BACK,156.16,177.29,29.28,0.499,0.1575,0.5822,0.5565,0.451,71.81,-65.49,177.91,156.16,177.29,29.28,43.07,0.295,0.9277,0.2963,0.4697,0.5378,0.732,0.5693,outswing
RIGHT,BACK,154.47,177.87,29.83,0.4704,0.1907,0.5539,0.5581,0.5082,70.61,-64.23,179.27,154.47,177.87,29.83,45.36,0.2967,0.9875,0.2826,0.4903,0.5762,0.7795,0.556,outswing
RIGHT,BACK,155.91,179.75,31.58,0.4781,0.1851,0.5364,0.5495,0.5489,70.12,-63.67,178.62,155.91,179.75,31.58,47.93,0.2941,1.0173,0.2839,0.5176,0.6208,0.8306,0.543,outswing
RIGHT,BACK,160.35,177.93,59.2,0.4925,0.1568,0.5807,0.5714,0.405,68.09,-61.57,178.04,160.35,177.93,59.2,66.46,0.3025,0.9064,0.354,0.5795,0.6812,0.8899,0.576,outswing
RIGHT,BACK,161.53,178.27,78.18,0.5228,0.1554,0.6104,0.5973,0.3041,66.65,-60.11,178.49,161.53,178.27,78.18,77.25,0.3101,0.8225,0.4062,0.5894,0.6997,0.9161,0.6038,outswing
RIGHT,BACK,161.62,177.17,89.3,0.5076,0.1495,0.6281,0.6108,0.2408,65.98,-59.57,178.92,161.62,177.17,89.3,83.63,0.3117,0.7706,0.434,0.6043,0.7139,0.931,0.6195,outswing
RIGHT,BACK,160.64,176.71,94.44,0.5289,0.1903,0.639,0.6433,0.256,65.33,-58.97,179.93,160.64,176.71,94.44,81.02,0.3177,0.7442,0.4713,0.6004,0.7463,0.9805,0.6411,outswing
RIGHT,BACK,161.55,175.46,107.17,0.564,0.1693,0.6325,0.6069,0.2176,65.35,-58.85,178.49,161.55,175.46,107.17,86.83,0.3231,0.6636,0.5141,0.6284,0.7755,1.0044,0.6197,outswing
RIGHT,BACK,162.58,173.7,116.21,0.6139,0.1368,0.6406,0.5879,0.2211,64.98,-58.4,178.55,162.58,173.7,116.21,90.86,0.3334,0.6004,0.5633,0.6533,0.8133,1.0532,0.6143,outswing
RIGHT,BACK,163.18,171.89,110.4,0.6138,0.1465,0.6415,0.5981,0.2356,64.69,-58.12,179.01,163.18,171.89,110.4,92.67,0.3415,0.6606,0.519,0.6474,0.8152,1.063,0.6198,outswing
RIGHT,BACK,163.13,170.86,96.07,0.6173,0.1299,0.6255,0.6007,0.3105,64.02,-57.62,178.78,163.13,170.86,96.07,90.36,0.3568,0.7867,0.4489,0.6843,0.8621,1.1153,0.6131,outswing
RIGHT,BACK,162.89,171.47,104.18,0.6321,0.1688,0.6278,0.631,0.3188,64.13,-57.69,178.64,162.89,171.47,104.18,92.43,0.3636,0.7398,0.4804,0.6892,0.8944,1.1612,0.6294,outswing
RIGHT,BACK,162.63,171.27,86.6,0.6922,0.2075,0.6452,0.6577,0.4058,63.91,-57.24,176.35,162.63,171.27,86.6,83.88,0.3739,0.8898,0.4369,0.7321,0.9428,1.2167,0.6515,outswing
RIGHT,BACK,161.75,172.09,78.53,0.6936,0.2021,0.6251,0.6162,0.4462,63.72,-56.9,177.08,161.75,172.09,78.53,79.37,0.3739,0.9528,0.4195,0.7706,0.9589,1.2182,0.6207,outswing
RIGHT,BACK,160.72,172.71,75.9,0.6941,0.2574,0.6388,0.6552,0.4676,63.52,-56.63,178.36,160.72,172.71,75.9,79.64,0.371,0.9913,0.3998,0.7413,0.9436,1.2115,0.647,outswing
RIGHT,BACK,161.43,171.54,107.36,0.698,0.2429,0.676,0.6463,0.2469,62.81,-55.78,179.32,161.43,171.54,107.36,93.0,0.3604,0.7695,0.5133,0.7313,0.9124,1.1749,0.6612,outswing
RIGHT,BACK,150.64,174.99,99.25,0.5842,0.0277,0.5974,0.4734,0.1732,67.66,-61.25,175.52,150.64,174.99,99.25,62.74,0.3275,0.6141,0.5812,0.7254,0.7335,0.8976,0.5354,outswing
RIGHT,BACK,149.62,173.23,90.89,0.5563,0.0541,0.6079,0.4829,0.195,68.09,-61.61,176.71,149.62,173.23,90.89,55.13,0.3199,0.6593,0.5632,0.7307,0.7201,0.867,0.5454,outswing
RIGHT,BACK,150.75,173.4,83.43,0.5706,0.0429,0.6132,0.5047,0.2335,68.2,-61.71,176.2,150.75,173.4,83.43,56.17,0.3322,0.7008,0.5212,0.6942,0.6973,0.8568,0.559,outswing
RIGHT,BACK,149.52,172.13,84.8,0.5574,0.0718,0.6211,0.5098,0.2284,68.72,-62.03,178.41,149.52,172.13,84.8,49.5,0.3213,0.7056,0.5413,0.6973,0.6923,0.8398,0.5655,outswing
RIGHT,BACK,147.37,171.29,76.63,0.5247,0.0999,0.5936,0.517,0.2965,68.58,-61.76,179.72,147.37,171.29,76.63,48.69,0.3179,0.7434,0.5094,0.6695,0.6926,0.8628,0.5553,outswing
RIGHT,BACK,147.66,170.94,69.71,0.5282,0.1077,0.6244,0.5099,0.2936,68.46,-61.53,179.97,147.66,170.94,69.71,47.78,0.3244,0.7788,0.4941,0.7259,0.7188,0.8659,0.5671,outswing
RIGHT,BACK,147.95,172.04,51.18,0.5396,0.0921,0.5943,0.4945,0.4139,68.22,-61.09,179.8,147.95,172.04,51.18,46.32,0.3368,0.8735,0.4264,0.7423,0.7557,0.9187,0.5444,outswing
RIGHT,BACK,147.27,173.14,45.88,0.5431,0.1,0.5891,0.5077,0.4535,68.1,-60.94,179.61,147.27,173.14,45.88,46.8,0.3356,0.91,0.3978,0.7334,0.7597,0.9363,0.5484,outswing
RIGHT,BACK,146.85,173.63,56.29,0.5311,0.1863,0.6116,0.5673,0.4126,68.18,-61.02,179.12,146.85,173.63,56.29,49.37,0.3336,0.8636,0.4303,0.6618,0.7244,0.9327,0.5895,outswing
RIGHT,BACK,146.64,175.67,59.08,0.511,0.154,0.5945,0.5437,0.4112,67.78,-60.68,177.89,146.64,175.67,59.08,52.15,0.3289,0.8611,0.4302,0.6928,0.7556,0.9591,0.5691,outswing
RIGHT,BACK,162.37,174.5,41.08,0.6209,0.1048,0.5369,0.5256,0.5644,64.08,-58.41,169.35,162.37,174.5,41.08,53.23,0.3151,0.923,0.3066,0.5343,0.6555,0.905,0.5312,outswing
RIGHT,BACK,161.65,175.41,40.8,0.6387,0.0938,0.5614,0.5338,0.5368,64.44,-58.74,169.18,161.65,175.41,40.8,53.53,0.3177,0.9209,0.3019,0.5266,0.6344,0.8786,0.5476,outswing
RIGHT,BACK,160.6,176.11,37.24,0.6193,0.1065,0.5277,0.5037,0.578,64.65,-58.91,170.2,160.6,176.11,37.24,50.61,0.319,0.92,0.2975,0.5438,0.657,0.9017,0.5157,outswing
RIGHT,BACK,159.49,177.01,35.46,0.6168,0.0852,0.5342,0.5017,0.5663,64.86,-59.13,170.18,159.49,177.01,35.46,49.72,0.319,0.9174,0.294,0.5343,0.6349,0.8752,0.518,outswing
RIGHT,BACK,158.73,177.89,33.44,0.6342,0.0946,0.5437,0.5016,0.5564,65.05,-59.29,168.49,158.73,177.89,33.44,47.19,0.3208,0.9156,0.2954,0.526,0.6164,0.8532,0.5226,outswing
RIGHT,BACK,157.66,178.15,33.35,0.6339,0.1145,0.5239,0.4792,0.5643,65.1,-59.35,166.81,157.66,178.15,33.35,47.88,0.317,0.9192,0.2893,0.5457,0.6267,0.8581,0.5016,outswing
RIGHT,BACK,156.66,177.8,32.26,0.6307,0.104,0.5383,0.5059,0.5565,65.11,-59.43,166.82,156.66,177.8,32.26,46.41,0.3126,0.9236,0.2894,0.5158,0.6018,0.8404,0.5221,outswing
RIGHT,BACK,158.14,177.03,33.23,0.6318,0.0965,0.5366,0.4968,0.5543,64.98,-59.41,167.06,158.14,177.03,33.23,46.93,0.3136,0.9224,0.2941,0.5226,0.6065,0.8433,0.5167,outswing
RIGHT,BACK,160.47,176.02,35.42,0.6408,0.0939,0.5473,0.4999,0.5495,64.65,-59.13,167.9,160.47,176.02,35.42,49.53,0.3173,0.9163,0.2987,0.5251,0.6148,0.8536,0.5236,outswing
RIGHT,BACK,161.86,174.91,36.77,0.629,0.0751,0.5565,0.5032,0.5464,64.42,-58.92,170.25,161.86,174.91,36.77,49.89,0.3167,0.9214,0.3049,0.5263,0.6176,0.8567,0.5298,outswing
RIGHT,BACK,162.73,174.39,37.25,0.6268,0.0748,0.5525,0.5055,0.5615,64.33,-58.82,169.61,162.73,174.39,37.25,50.3,0.32,0.925,0.303,0.5246,0.6274,0.8715,0.529,outswing
RIGHT,BACK,163.31,173.34,38.59,0.5829,0.0618,0.5706,0.5205,0.5275,64.23,-58.86,171.13,163.31,173.34,38.59,49.46,0.3192,0.9264,0.3085,0.5118,0.6063,0.8477,0.5455,outswing
RIGHT,BACK,163.32,173.61,38.39,0.5994,0.0699,0.5545,0.5085,0.5433,64.36,-58.99,169.3,163.32,173.61,38.39,49.59,0.3193,0.9301,0.3042,0.5242,0.6198,0.8587,0.5315,outswing
RIGHT,BACK,164.36,173.27,39.21,0.5857,0.0644,0.5553,0.5124,0.5486,64.0,-58.63,170.94,164.36,173.27,39.21,51.03,0.3191,0.9352,0.304,0.5235,0.6248,0.8677,0.5339,outswing
RIGHT,BACK,164.8,173.2,40.49,0.5985,0.0535,0.5566,0.5199,0.5408,63.73,-58.34,169.49,164.8,173.2,40.49,52.7,0.3201,0.9315,0.3016,0.5222,0.6253,0.8702,0.5382,outswing
RIGHT,BACK,171.69,162.63,28.99,0.6774,0.1784,0.4992,0.3628,0.472,64.79,-60.12,152.31,171.69,162.63,28.99,39.29,0.309,0.7264,0.2856,0.349,0.4084,0.6344,0.431,outswing
RIGHT,BACK,169.28,163.43,35.42,0.6568,0.1536,0.5037,0.3759,0.4193,64.68,-59.99,154.17,169.28,163.43,35.42,41.05,0.2995,0.6818,0.3179,0.3435,0.3993,0.6249,0.4398,outswing
RIGHT,BACK,169.61,167.87,32.65,0.6062,0.1532,0.481,0.3496,0.442,64.52,-60.0,161.87,169.61,167.87,32.65,42.57,0.3073,0.7064,0.3149,0.391,0.4256,0.6385,0.4153,outswing
RIGHT,BACK,172.6,170.66,28.61,0.6096,0.1049,0.5098,0.428,0.5164,63.77,-59.13,163.74,172.6,170.66,28.61,44.09,0.3209,0.7958,0.2818,0.338,0.4298,0.6726,0.4689,outswing
RIGHT,BACK,173.21,166.89,29.79,0.5189,0.1669,0.5463,0.3843,0.4846,62.58,-57.98,165.65,173.21,166.89,29.79,45.17,0.3482,0.7675,0.3059,0.3495,0.4052,0.6474,0.4653,outswing
RIGHT,BACK,172.35,166.85,32.46,0.7382,0.2117,0.5297,0.383,0.5418,62.06,-57.56,148.5,172.35,166.85,32.46,50.15,0.3552,0.7659,0.2673,0.3216,0.4234,0.6811,0.4563,outswing
RIGHT,BACK,173.0,172.23,16.01,0.7388,0.1861,0.5544,0.368,0.5237,67.08,-62.1,152.25,173.0,172.23,16.01,33.65,0.3676,0.7671,0.2532,0.3359,0.3769,0.5974,0.4612,outswing
RIGHT,BACK,173.48,171.36,20.03,0.7214,0.1564,0.5674,0.4001,0.4982,66.79,-61.82,153.4,173.48,171.36,20.03,35.17,0.3535,0.7785,0.2563,0.3187,0.367,0.5915,0.4838,outswing
RIGHT,BACK,172.16,170.95,20.63,0.7011,0.1858,0.5325,0.411,0.5014,66.7,-61.81,153.23,172.16,170.95,20.63,34.19,0.3305,0.7551,0.2611,0.3034,0.3755,0.6073,0.4718,outswing
RIGHT,BACK,170.92,171.97,24.13,0.6617,0.173,0.491,0.3805,0.4194,67.25,-62.32,154.88,170.92,171.97,24.13,31.45,0.3009,0.6782,0.3036,0.3238,0.3544,0.5663,0.4358,outswing
RIGHT,BACK,167.78,175.98,31.15,0.6506,0.1066,0.5489,0.449,0.3214,67.17,-62.32,155.8,167.78,175.98,31.15,34.8,0.2945,0.6229,0.3326,0.2802,0.2847,0.5025,0.4989,outswing
RIGHT,BACK,137.62,167.5,33.37,0.5353,0.1349,0.4171,0.426,0.3029,65.06,-60.23,155.8,137.62,167.5,33.37,40.59,0.2378,0.5807,0.3235,0.3092,0.293,0.5114,0.4216,outswing
RIGHT,BACK,154.61,173.41,29.69,0.6306,0.1776,0.4532,0.391,0.3743,62.46,-57.53,155.09,154.61,173.41,29.69,35.09,0.282,0.6475,0.3163,0.3776,0.3602,0.5683,0.4221,outswing
RIGHT,BACK,156.72,169.86,10.82,0.6619,0.2036,0.4859,0.3212,0.4534,60.84,-55.59,158.23,156.72,169.86,10.82,25.54,0.3184,0.734,0.2632,0.4741,0.3934,0.5573,0.4035,outswing
RIGHT,BACK,155.09,160.47,3.23,0.6788,0.1862,0.5117,0.319,0.4737,60.88,-55.38,158.87,155.09,160.47,3.23,21.45,0.3237,0.7511,0.2413,0.4655,0.3722,0.53,0.4154,outswing
RIGHT,BACK,158.76,179.33,96.75,0.5308,0.0108,0.5299,0.4423,0.2057,64.23,-58.36,171.96,158.76,179.33,96.75,57.45,0.3019,0.5081,0.5101,0.5106,0.5117,0.6979,0.4861,outswing
RIGHT,BACK,158.08,179.42,104.09,0.5149,0.0329,0.5294,0.4669,0.2072,64.15,-58.24,171.18,158.08,179.42,104.09,59.92,0.306,0.478,0.5493,0.5164,0.5432,0.7423,0.4981,outswing
RIGHT,BACK,158.73,178.65,90.32,0.5152,0.0524,0.5658,0.5066,0.1935,64.28,-58.31,170.18,158.73,178.65,90.32,55.18,0.3129,0.5508,0.5167,0.5053,0.5165,0.7106,0.5362,outswing
RIGHT,BACK,157.83,177.58,50.64,0.5548,0.0211,0.5667,0.52,0.331,63.66,-57.61,167.16,157.83,177.58,50.64,44.89,0.3311,0.7529,0.3959,0.5173,0.5275,0.7273,0.5434,outswing
RIGHT,BACK,158.53,179.3,41.34,0.5856,0.0363,0.5507,0.4899,0.4094,63.36,-57.13,166.43,158.53,179.3,41.34,41.39,0.3312,0.8108,0.3667,0.5418,0.5602,0.7638,0.5203,outswing
RIGHT,BACK,160.5,178.93,54.34,0.5628,0.0442,0.5892,0.5003,0.3111,63.9,-57.58,169.64,160.5,178.93,54.34,45.49,0.3201,0.7456,0.4212,0.5386,0.5418,0.7341,0.5447,outswing
RIGHT,BACK,161.6,177.15,64.35,0.5466,0.04,0.5796,0.4935,0.2955,64.37,-58.04,170.76,161.6,177.15,64.35,50.83,0.3139,0.7034,0.4461,0.539,0.5643,0.764,0.5365,outswing
RIGHT,BACK,161.76,175.46,71.19,0.53,0.0375,0.5674,0.4847,0.3117,64.77,-58.42,171.61,161.76,175.46,71.19,53.75,0.3174,0.6641,0.4627,0.5263,0.5852,0.8015,0.5261,outswing
RIGHT,BACK,158.19,178.0,30.62,0.6378,0.1542,0.5047,0.3389,0.535,63.73,-57.61,167.58,158.19,178.0,30.62,39.07,0.3419,0.8254,0.3218,0.6453,0.6513,0.8324,0.4218,outswing
RIGHT,BACK,179.34,164.32,43.22,0.5535,0.143,0.6015,0.5468,0.5214,60.23,-54.92,177.57,179.34,164.32,43.22,54.02,0.3252,0.9356,0.3183,0.4012,0.5232,0.7835,0.5742,outswing
RIGHT,BACK,178.15,163.69,46.39,0.5484,0.1411,0.6106,0.5623,0.5316,59.72,-54.38,177.64,178.15,163.69,46.39,57.18,0.3294,0.9376,0.3162,0.3869,0.5353,0.8059,0.5865,outswing
RIGHT,BACK,144.35,168.24,11.11,0.6435,0.1071,0.7232,0.4997,0.5739,65.09,-56.43,176.21,144.35,168.24,11.11,34.89,0.3708,1.0703,0.2515,0.7615,0.7029,0.8169,0.6114,outswing
RIGHT,BACK,142.7,163.52,0.3,0.925,0.2836,0.7482,0.5195,0.817,74.67,-63.46,170.67,142.7,163.52,0.3,25.4,0.489,1.276,0.2473,0.9052,0.9433,1.1004,0.6339,outswing
RIGHT,BACK,141.86,165.19,2.15,1.0359,0.332,0.7738,0.5147,0.8175,78.19,-66.58,165.06,141.86,165.19,2.15,28.43,0.5058,1.2864,0.2587,0.9754,1.0287,1.1818,0.6442,outswing
RIGHT,BACK,141.2,165.86,0.93,1.0219,0.3238,0.738,0.5009,0.8011,80.71,-69.45,165.11,141.2,165.86,0.93,25.56,0.4955,1.2497,0.2821,0.9918,1.06,1.2118,0.6194,outswing
RIGHT,BACK,140.55,164.68,8.82,0.9836,0.3419,0.7114,0.5013,0.8032,82.89,-72.31,168.8,140.55,164.68,8.82,19.58,0.4774,1.2453,0.2851,0.9502,1.0311,1.1849,0.6063,outswing
RIGHT,BACK,148.07,170.73,7.82,0.9527,0.4034,0.6683,0.5142,0.8595,80.02,-69.53,175.02,148.07,170.73,7.82,29.4,0.4856,1.2847,0.2807,0.925,1.0523,1.2591,0.5912,outswing
RIGHT,BACK,154.95,178.42,36.61,0.7904,0.4806,0.6959,0.7246,0.8856,67.61,-57.85,170.37,154.95,178.42,36.61,52.74,0.4615,1.3344,0.3379,0.8035,1.0717,1.4021,0.7103,outswing
RIGHT,BACK,168.35,164.21,61.18,0.4692,0.1328,0.6013,0.6236,0.6034,60.55,-53.87,178.45,168.35,164.21,61.18,68.27,0.3608,1.0832,0.375,0.607,0.8458,1.1421,0.6125,outswing
RIGHT,BACK,178.46,163.08,71.21,0.6651,0.1335,0.5682,0.6214,0.6467,58.24,-52.84,169.04,178.46,163.08,71.21,77.53,0.3987,1.0268,0.3841,0.7037,0.9812,1.2801,0.5948,outswing
RIGHT,BACK,60.43,42.85,39.51,0.4003,0.1743,0.229,0.117,0.5222,78.89,-73.18,145.85,60.43,42.85,39.51,16.35,0.2675,0.5543,0.1616,0.3985,0.2671,0.345,0.173,outswing
RIGHT,BACK,50.86,35.3,32.98,0.3598,0.1597,0.218,0.074,0.4886,77.94,-72.34,145.88,50.86,35.3,32.98,8.67,0.255,0.5038,0.1721,0.4141,0.2762,0.3418,0.146,outswing
RIGHT,BACK,33.23,28.01,28.6,0.2659,0.1312,0.18,0.0398,0.4453,75.84,-70.28,143.35,33.23,28.01,28.6,3.29,0.2153,0.4429,0.1865,0.4069,0.2566,0.3244,0.1099,outswing
RIGHT,BACK,39.98,34.33,31.54,0.2453,0.0959,0.1713,0.0659,0.4537,73.65,-67.91,146.33,39.98,34.33,31.54,8.16,0.2216,0.4555,0.1945,0.4008,0.2441,0.3249,0.1186,outswing
RIGHT,BACK,46.61,42.48,42.16,0.2383,0.0801,0.1684,0.0892,0.4758,71.41,-65.4,149.34,46.61,42.48,42.16,29.32,0.2206,0.4978,0.1892,0.4116,0.238,0.3098,0.1288,outswing
RIGHT,BACK,44.72,36.16,34.52,0.237,0.097,0.1476,0.0886,0.4838,70.29,-64.34,149.6,44.72,36.16,34.52,9.65,0.217,0.4799,0.1915,0.396,0.232,0.3362,0.1181,outswing
RIGHT,BACK,48.92,40.92,39.54,0.2378,0.101,0.1391,0.1113,0.4936,69.66,-63.64,149.96,48.92,40.92,39.54,25.66,0.2163,0.4959,0.1923,0.3869,0.2261,0.334,0.1252,outswing
RIGHT,BACK,46.81,39.9,42.98,0.2193,0.1031,0.1164,0.1268,0.4997,69.75,-63.65,151.64,46.81,39.9,42.98,30.54,0.2163,0.4787,0.189,0.3654,0.2086,0.3306,0.1216,outswing
RIGHT,BACK,8.54,28.24,44.86,0.2154,0.1829,0.0338,0.2212,0.4399,67.46,-65.94,166.53,8.54,28.24,44.86,53.83,0.1894,0.2558,0.2213,0.1489,0.4078,0.649,0.1275,outswing
RIGHT,BACK,8.83,29.25,46.82,0.2161,0.1919,0.0271,0.2155,0.4313,67.15,-65.67,166.66,8.83,29.25,46.82,56.0,0.1888,0.2615,0.2282,0.1445,0.4042,0.645,0.1213,outswing
RIGHT,BACK,9.6,30.36,47.04,0.2058,0.1295,0.0777,0.2502,0.4896,67.19,-65.74,166.71,9.6,30.36,47.04,55.05,0.1889,0.267,0.2221,0.2104,0.4584,0.7001,0.1639,outswing
RIGHT,BACK,7.86,28.36,45.62,0.2088,0.2049,0.0304,0.2094,0.4142,67.56,-66.03,164.88,7.86,28.36,45.62,53.85,0.1856,0.2594,0.2165,0.1235,0.387,0.6279,0.1199,outswing
RIGHT,BACK,8.1,27.9,46.01,0.2087,0.182,0.0401,0.2263,0.4315,67.66,-66.11,164.43,8.1,27.9,46.01,52.86,0.1866,0.251,0.2117,0.1494,0.4109,0.6521,0.1332,outswing
RIGHT,BACK,8.52,29.27,48.08,0.191,0.1571,0.0476,0.2362,0.4507,67.76,-66.2,164.11,8.52,29.27,48.08,55.75,0.19,0.2575,0.2098,0.1772,0.4323,0.6745,0.1419,outswing
RIGHT,BACK,6.09,26.82,45.8,0.195,0.1874,0.0534,0.229,0.4199,68.06,-66.51,163.03,6.09,26.82,45.8,54.98,0.1895,0.2525,0.2085,0.136,0.3987,0.6418,0.1412,outswing
RIGHT,BACK,4.29,25.65,44.08,0.1992,0.2096,0.0356,0.1964,0.4004,68.39,-66.86,163.93,4.29,25.65,44.08,54.68,0.1842,0.2652,0.2081,0.1108,0.3601,0.606,0.116,outswing
RIGHT,BACK,4.37,25.46,44.48,0.2031,0.2031,0.0364,0.2096,0.4102,67.81,-66.21,164.18,4.37,25.46,44.48,54.97,0.1871,0.2645,0.2138,0.1171,0.3717,0.6181,0.123,outswing
RIGHT,BACK,5.23,24.93,42.38,0.1935,0.1937,0.0536,0.2133,0.4089,68.56,-67.07,166.11,5.23,24.93,42.38,52.59,0.1799,0.2497,0.1923,0.1032,0.3659,0.6047,0.1334,outswing
RIGHT,BACK,5.02,23.71,39.79,0.1864,0.2014,0.081,0.2209,0.4103,68.9,-67.2,164.93,5.02,23.71,39.79,50.49,0.1835,0.2377,0.1924,0.0953,0.3608,0.5972,0.151,outswing
RIGHT,BACK,8.29,28.56,41.79,0.1444,0.1571,0.0412,0.1992,0.4137,65.73,-64.13,166.47,8.29,28.56,41.79,50.53,0.1861,0.2578,0.2069,0.1092,0.3715,0.6166,0.1202,outswing
RIGHT,BACK,8.39,27.83,39.65,0.1625,0.1677,0.0495,0.218,0.4328,64.98,-63.09,165.02,8.39,27.83,39.65,48.52,0.1907,0.2436,0.2096,0.1162,0.3912,0.6397,0.1337,outswing
RIGHT,BACK,9.68,29.84,42.51,0.1451,0.1668,0.0583,0.2137,0.4156,65.03,-63.21,165.26,9.68,29.84,42.51,52.56,0.1902,0.2404,0.2075,0.1084,0.3883,0.635,0.136,outswing
RIGHT,BACK,12.75,34.14,46.31,0.136,0.1812,0.0756,0.1949,0.3956,64.82,-63.01,166.67,12.75,34.14,46.31,56.81,0.1919,0.2486,0.2164,0.1055,0.3817,0.6288,0.1352,outswing
RIGHT,BACK,12.38,36.22,49.96,0.1096,0.1473,0.0997,0.2156,0.3928,65.39,-63.73,166.1,12.38,36.22,49.96,61.57,0.1905,0.2667,0.2276,0.1094,0.3852,0.6338,0.1577,outswing
RIGHT,BACK,12.33,36.69,50.86,0.1143,0.1351,0.0658,0.2175,0.396,65.32,-63.82,167.17,12.33,36.69,50.86,61.38,0.1891,0.2628,0.2344,0.1253,0.399,0.6472,0.1417,outswing
RIGHT,BACK,11.62,38.31,49.47,0.131,0.1147,0.0466,0.234,0.4164,65.81,-64.49,167.61,11.62,38.31,49.47,58.55,0.1887,0.2755,0.2277,0.1494,0.4211,0.6654,0.1403,outswing
RIGHT,BACK,8.64,31.74,44.78,0.1705,0.0922,0.0808,0.2711,0.4644,66.97,-65.43,166.7,8.64,31.74,44.78,56.15,0.193,0.2805,0.2248,0.189,0.4437,0.6844,0.1759,outswing
RIGHT,BACK,6.49,29.78,41.64,0.1642,0.1359,0.041,0.2339,0.4159,67.37,-65.61,166.24,6.49,29.78,41.64,53.84,0.195,0.2984,0.2234,0.1438,0.3784,0.6203,0.1375,outswing
RIGHT,BACK,9.85,128.11,64.93,0.1274,0.1511,0.0263,0.4214,0.3035,66.77,-64.97,167.45,9.85,128.11,64.93,71.51,0.4054,0.5075,0.2374,0.1128,0.3475,0.5889,0.2238,outswing
RIGHT,BACK,11.52,86.15,55.37,0.1183,0.1396,0.0229,0.3017,0.3414,65.63,-63.98,167.05,11.52,86.15,55.37,62.63,0.2896,0.4116,0.2403,0.1076,0.3648,0.6082,0.1623,outswing
RIGHT,BACK,8.68,41.78,46.88,0.1183,0.1394,0.0443,0.2379,0.3781,65.86,-64.18,167.24,8.68,41.78,46.88,57.9,0.2081,0.3377,0.2309,0.0921,0.357,0.6018,0.1411,outswing
RIGHT,BACK,10.02,55.62,48.1,0.107,0.1256,0.0287,0.2446,0.3782,65.78,-64.17,168.59,10.02,55.62,48.1,58.93,0.2294,0.3897,0.2402,0.1089,0.3618,0.6076,0.1366,outswing
RIGHT,BACK,7.26,35.99,46.16,0.1235,0.1403,0.0219,0.1719,0.4034,65.23,-63.64,166.54,7.26,35.99,46.16,57.79,0.1795,0.318,0.233,0.1319,0.359,0.609,0.0969,outswing
RIGHT,BACK,5.01,27.28,44.29,0.1656,0.0894,0.077,0.2573,0.5054,63.81,-62.22,162.2,5.01,27.28,44.29,55.32,0.1874,0.2765,0.2151,0.1844,0.4399,0.6936,0.1672,outswing
RIGHT,BACK,1.72,23.0,40.81,0.1955,0.1065,0.0928,0.2724,0.5241,63.32,-61.45,162.27,1.72,23.0,40.81,51.81,0.1899,0.2734,0.2132,0.1918,0.4363,0.6907,0.1826,outswing
RIGHT,BACK,1.81,25.32,44.27,0.198,0.1752,0.0764,0.2421,0.4713,62.65,-60.57,165.07,1.81,25.32,44.27,60.88,0.2005,0.289,0.2383,0.1355,0.3935,0.6494,0.1593,outswing
RIGHT,BACK,6.42,12.55,36.22,0.0589,0.0372,0.0229,0.1713,0.3344,72.54,-69.64,147.99,6.42,12.55,36.22,52.04,0.1847,0.2477,0.2149,0.1635,0.3101,0.5544,0.0971,outswing
RIGHT,BACK,6.68,10.72,34.96,0.107,0.0796,0.0295,0.1695,0.3247,72.46,-69.4,143.59,6.68,10.72,34.96,52.99,0.187,0.2317,0.2039,0.1509,0.2968,0.5436,0.0995,outswing
RIGHT,BACK,6.99,10.22,34.88,0.1355,0.1031,0.0381,0.1502,0.3186,72.42,-69.36,141.92,6.99,10.22,34.88,52.53,0.188,0.2277,0.2038,0.1708,0.2928,0.535,0.0942,outswing
RIGHT,BACK,7.31,11.47,34.75,0.1543,0.1398,0.0218,0.1788,0.3479,72.62,-69.55,141.61,7.31,11.47,34.75,52.51,0.1819,0.2437,0.2021,0.1531,0.3135,0.562,0.1003,outswing
RIGHT,BACK,7.06,15.28,35.9,0.1222,0.0645,0.0662,0.1619,0.3245,73.26,-70.16,146.04,7.06,15.28,35.9,53.02,0.1793,0.2777,0.217,0.1676,0.3023,0.5504,0.1141,outswing
RIGHT,BACK,21.28,4.56,28.73,0.2996,0.2172,0.1025,0.1676,0.3657,72.92,-69.18,145.3,21.28,4.56,28.73,51.2,0.202,0.3092,0.2076,0.2266,0.3109,0.5599,0.1351,outswing
RIGHT,BACK,26.4,0.85,23.25,0.2906,0.1948,0.1255,0.1788,0.3729,72.84,-69.06,145.9,26.4,0.85,23.25,45.33,0.2193,0.301,0.2053,0.2298,0.2965,0.5398,0.1522,outswing
RIGHT,BACK,25.85,1.91,21.07,0.3005,0.1986,0.1269,0.1719,0.3751,72.89,-69.03,145.1,25.85,1.91,21.07,44.26,0.224,0.3007,0.2012,0.2256,0.2785,0.5241,0.1494,outswing
RIGHT,BACK,24.82,1.9,20.19,0.3084,0.2243,0.1045,0.1818,0.4055,72.92,-68.96,145.35,24.82,1.9,20.19,43.51,0.2258,0.3147,0.2019,0.232,0.2991,0.5461,0.1431,outswing
RIGHT,BACK,28.53,3.93,18.16,0.297,0.2154,0.1153,0.1863,0.4054,72.87,-68.84,147.14,28.53,3.93,18.16,42.85,0.2319,0.2996,0.198,0.232,0.2916,0.5373,0.1508,outswing
RIGHT,BACK,35.05,9.73,11.12,0.2746,0.1978,0.1111,0.1993,0.4307,72.97,-68.73,148.78,35.05,9.73,11.12,35.97,0.231,0.3258,0.2038,0.2491,0.2823,0.5222,0.1552,outswing
RIGHT,BACK,38.54,10.34,8.79,0.2887,0.1894,0.1347,0.1977,0.4473,72.86,-68.45,147.17,38.54,10.34,8.79,34.56,0.236,0.3552,0.2056,0.2528,0.2748,0.5164,0.1662,outswing
RIGHT,BACK,41.89,12.16,8.2,0.2866,0.1933,0.1542,0.2129,0.4225,72.84,-68.3,151.15,41.89,12.16,8.2,32.83,0.2223,0.3695,0.1966,0.2467,0.2616,0.5026,0.1835,outswing
RIGHT,BACK,32.06,11.12,8.12,0.2469,0.2023,0.0775,0.2012,0.4239,72.78,-68.22,151.4,32.06,11.12,8.12,31.66,0.2128,0.3341,0.1941,0.2454,0.2612,0.5015,0.1394,outswing
RIGHT,BACK,31.9,8.09,15.1,0.2687,0.1285,0.1649,0.188,0.3548,70.38,-65.65,149.46,31.9,8.09,15.1,39.3,0.2183,0.3659,0.2082,0.266,0.2365,0.4796,0.1765,outswing
RIGHT,BACK,38.39,8.04,19.81,0.3182,0.1341,0.2122,0.2027,0.3612,68.0,-63.17,148.32,38.39,8.04,19.81,43.17,0.2428,0.3712,0.2203,0.2624,0.2496,0.5069,0.2075,outswing
RIGHT,BACK,33.79,6.29,15.04,0.3327,0.1782,0.2034,0.2072,0.4407,66.64,-61.6,147.62,33.79,6.29,15.04,37.63,0.2691,0.3877,0.23,0.2397,0.2605,0.5353,0.2053,outswing
RIGHT,BACK,39.15,8.32,17.72,0.3652,0.1851,0.2246,0.2276,0.4538,65.88,-60.77,149.3,39.15,8.32,17.72,41.91,0.2991,0.4023,0.2348,0.2536,0.2876,0.5604,0.2261,outswing
RIGHT,BACK,75.34,15.44,11.63,0.4731,0.1971,0.3183,0.2723,0.492,65.29,-60.04,148.76,75.34,15.44,11.63,33.96,0.3528,0.4717,0.241,0.2582,0.2955,0.5666,0.2953,outswing
RIGHT,BACK,128.92,20.1,3.91,0.5893,0.1639,0.4575,0.3004,0.4707,64.91,-59.54,147.2,128.92,20.1,3.91,26.26,0.4,0.5436,0.2371,0.2569,0.2322,0.4982,0.379,outswing
RIGHT,BACK,137.94,57.28,7.31,0.6372,0.2013,0.457,0.3494,0.5568,64.12,-58.7,144.54,137.94,57.28,7.31,14.83,0.393,0.6542,0.2356,0.277,0.2598,0.5244,0.4032,outswing
RIGHT,BACK,112.24,38.0,5.32,0.558,0.2197,0.3528,0.3054,0.5785,63.73,-58.37,147.6,112.24,38.0,5.32,16.13,0.3648,0.6174,0.2392,0.3044,0.2971,0.5576,0.3291,outswing
RIGHT,BACK,59.07,33.76,1.58,0.4281,0.1988,0.2386,0.2733,0.5503,63.59,-58.15,151.07,59.07,33.76,1.58,24.2,0.3308,0.5465,0.2298,0.3141,0.2976,0.5522,0.2559,outswing
RIGHT,BACK,52.74,34.58,7.61,0.3934,0.1892,0.2116,0.2573,0.5613,62.77,-57.26,152.36,52.74,34.58,7.61,20.39,0.3306,0.53,0.2212,0.3251,0.2885,0.5359,0.2345,outswing
RIGHT,BACK,131.37,121.12,34.52,0.556,0.1767,0.4,0.2282,0.6039,67.21,-61.34,165.15,131.37,121.12,34.52,17.93,0.2938,0.7919,0.1935,0.5339,0.4298,0.5182,0.3141,outswing
RIGHT,BACK,125.76,114.42,38.4,0.5331,0.1697,0.3637,0.267,0.6107,67.52,-61.69,165.03,125.76,114.42,38.4,21.42,0.2892,0.7776,0.1884,0.4611,0.3685,0.4838,0.3154,outswing
RIGHT,BACK,134.49,110.62,31.72,0.5701,0.1944,0.3765,0.255,0.5823,70.42,-64.49,160.64,134.49,110.62,31.72,16.34,0.2682,0.7603,0.193,0.4071,0.3202,0.4548,0.3157,outswing
RIGHT,BACK,74.73,18.9,6.31,0.4129,0.2057,0.2811,0.2149,0.4802,72.2,-66.74,156.3,74.73,18.9,6.31,17.66,0.2498,0.51,0.1873,0.2287,0.2222,0.4484,0.248,outswing
RIGHT,BACK,15.68,33.84,43.92,0.163,0.2261,0.0984,0.1799,0.3683,65.61,-63.75,170.43,15.68,33.84,43.92,51.65,0.1886,0.242,0.1988,0.1186,0.3706,0.5991,0.1391,outswing
RIGHT,BACK,14.67,33.53,45.04,0.1829,0.2229,0.0644,0.1756,0.37,64.46,-63.11,170.42,14.67,33.53,45.04,51.7,0.1762,0.2415,0.185,0.1193,0.3781,0.6029,0.12,outswing
RIGHT,BACK,12.24,32.85,45.19,0.1907,0.2262,0.0356,0.14,0.3829,64.36,-63.03,168.76,12.24,32.85,45.19,51.2,0.1725,0.2729,0.2024,0.1355,0.3664,0.6004,0.0878,outswing
RIGHT,BACK,19.35,40.73,53.7,0.1589,0.2417,0.1047,0.1549,0.3902,62.13,-60.69,170.42,19.35,40.73,53.7,60.83,0.1939,0.3093,0.2325,0.1303,0.3935,0.6392,0.1298,outswing
RIGHT,BACK,20.42,42.4,55.08,0.1551,0.23,0.0868,0.1569,0.3831,61.56,-60.13,167.18,20.42,42.4,55.08,60.98,0.1897,0.2885,0.2292,0.1459,0.4156,0.6617,0.1219,outswing
RIGHT,BACK,23.74,44.19,57.19,0.1483,0.2138,0.0785,0.1784,0.4134,61.17,-59.73,165.8,23.74,44.19,57.19,63.85,0.2016,0.2973,0.2284,0.1651,0.4417,0.6878,0.1284,outswing
RIGHT,BACK,18.58,40.95,54.05,0.1792,0.2294,0.0606,0.1761,0.4004,61.06,-59.59,162.83,18.58,40.95,54.05,60.01,0.189,0.274,0.2275,0.1501,0.4294,0.6766,0.1184,outswing
RIGHT,BACK,18.97,41.55,53.94,0.1728,0.2367,0.0892,0.1909,0.3843,61.05,-59.75,163.94,18.97,41.55,53.94,59.89,0.1859,0.2561,0.2234,0.1483,0.435,0.6778,0.14,outswing
RIGHT,BACK,18.06,40.57,52.03,0.1754,0.2321,0.0887,0.1965,0.3872,61.11,-59.94,163.98,18.06,40.57,52.03,57.78,0.1822,0.2461,0.2144,0.1542,0.4405,0.6791,0.1426,outswing
RIGHT,BACK,16.82,42.66,53.86,0.1546,0.2417,0.0882,0.1093,0.3384,60.62,-59.55,163.11,16.82,42.66,53.86,59.52,0.1791,0.2753,0.2112,0.1456,0.3769,0.6178,0.0988,outswing
RIGHT,BACK,23.24,51.82,60.15,0.138,0.2341,0.1486,0.1783,0.3778,59.35,-58.12,168.04,23.24,51.82,60.15,68.6,0.196,0.342,0.2231,0.1151,0.392,0.6451,0.1634,outswing
RIGHT,BACK,12.19,8.88,27.14,0.1046,0.1108,0.1759,0.2361,0.4246,61.52,-57.72,156.83,12.19,8.88,27.14,45.86,0.2496,0.3946,0.2269,0.1482,0.266,0.5379,0.206,outswing
RIGHT,BACK,14.57,5.86,23.35,0.1104,0.1299,0.1854,0.2353,0.4284,61.77,-57.88,158.33,14.57,5.86,23.35,43.23,0.2565,0.4003,0.2261,0.1614,0.2544,0.5234,0.2103,outswing
RIGHT,BACK,11.26,17.17,36.83,0.1767,0.0949,0.2695,0.2407,0.3931,61.61,-57.88,155.06,11.26,17.17,36.83,56.63,0.2592,0.3993,0.2262,0.1272,0.2713,0.5499,0.2551,outswing
RIGHT,BACK,50.5,25.5,36.99,0.2908,0.0957,0.3744,0.2444,0.385,61.91,-58.06,159.0,50.5,25.5,36.99,57.71,0.3024,0.4413,0.2324,0.1612,0.2756,0.5494,0.3094,outswing
RIGHT,BACK,27.27,20.37,33.58,0.2586,0.0926,0.3437,0.2303,0.4083,62.06,-58.11,156.46,27.27,20.37,33.58,55.22,0.3001,0.4419,0.2263,0.1689,0.2797,0.555,0.287,outswing
RIGHT,BACK,29.05,19.0,34.99,0.2186,0.1356,0.3396,0.2268,0.3972,62.13,-58.08,159.02,29.05,19.0,34.99,54.88,0.2978,0.4274,0.2263,0.1709,0.2792,0.5552,0.2832,outswing
RIGHT,BACK,14.39,17.69,39.51,0.1787,0.0997,0.2781,0.2178,0.3627,61.96,-57.98,153.71,14.39,17.69,39.51,58.67,0.2579,0.3755,0.2249,0.1541,0.2751,0.5533,0.2479,outswing
RIGHT,BACK,13.92,17.54,41.2,0.1657,0.0987,0.2637,0.2051,0.3514,61.7,-57.75,153.75,13.92,17.54,41.2,60.93,0.2527,0.3626,0.2255,0.1612,0.2778,0.5569,0.2344,outswing
RIGHT,BACK,7.01,10.17,36.37,0.2582,0.2655,0.1672,0.3079,0.4573,65.12,-60.73,149.76,7.01,10.17,36.37,60.03,0.2471,0.3285,0.2117,0.1078,0.3737,0.6681,0.2375,outswing
RIGHT,BACK,8.26,7.98,30.56,0.3252,0.2256,0.1547,0.1987,0.3845,67.25,-63.02,150.48,8.26,7.98,30.56,53.13,0.2476,0.3147,0.1921,0.1574,0.2968,0.5755,0.1767,outswing
RIGHT,BACK,10.41,6.15,26.17,0.3243,0.2011,0.1625,0.1732,0.3708,68.17,-63.93,151.82,10.41,6.15,26.17,46.85,0.2453,0.3229,0.1876,0.1904,0.2788,0.5464,0.1678,outswing
RIGHT,BACK,11.65,3.9,23.02,0.3115,0.1962,0.1483,0.163,0.3791,68.48,-64.14,151.51,11.65,3.9,23.02,42.78,0.2466,0.3099,0.1925,0.204,0.2812,0.5446,0.1556,outswing
RIGHT,BACK,11.28,4.62,24.65,0.3089,0.2093,0.1387,0.1714,0.3822,68.41,-64.17,153.69,11.28,4.62,24.65,44.77,0.244,0.3052,0.1995,0.1966,0.2895,0.5563,0.155,outswing
RIGHT,BACK,11.99,4.75,25.93,0.3087,0.223,0.1232,0.1844,0.3934,68.39,-64.17,152.97,11.99,4.75,25.93,46.68,0.2425,0.303,0.198,0.1972,0.3081,0.5763,0.1538,outswing
RIGHT,BACK,9.66,4.81,21.79,0.3161,0.1792,0.165,0.1747,0.4028,68.79,-64.53,150.94,9.66,4.81,21.79,41.05,0.2684,0.3237,0.2024,0.2118,0.3045,0.5659,0.1698,outswing
RIGHT,BACK,12.22,2.15,17.54,0.3331,0.162,0.2105,0.1725,0.403,68.57,-64.0,150.76,12.22,2.15,17.54,36.54,0.2857,0.343,0.2019,0.2109,0.2782,0.5402,0.1915,outswing
RIGHT,BACK,18.5,3.41,22.11,0.3713,0.1854,0.2539,0.1912,0.3824,68.28,-63.42,152.38,18.5,3.41,22.11,41.8,0.2794,0.3742,0.2134,0.2118,0.2723,0.5394,0.2226,outswing
RIGHT,BACK,15.63,29.8,42.71,0.273,0.0857,0.2953,0.2604,0.3437,64.33,-59.69,155.08,15.63,29.8,42.71,54.67,0.2748,0.4327,0.2757,0.2804,0.3972,0.6842,0.2779,outswing
RIGHT,BACK,25.03,48.96,46.9,0.2897,0.113,0.3293,0.3131,0.3687,63.84,-59.3,154.09,25.03,48.96,46.9,58.87,0.2704,0.4685,0.2733,0.2731,0.4403,0.7375,0.3212,outswing
RIGHT,BACK,46.64,55.65,48.27,0.3736,0.1224,0.3374,0.3132,0.3589,64.1,-59.68,151.6,46.64,55.65,48.27,60.73,0.2684,0.4741,0.2694,0.2813,0.4332,0.7237,0.3253,outswing
RIGHT,BACK,20.79,32.1,45.97,0.3607,0.1507,0.2914,0.2787,0.3431,64.29,-59.97,152.12,20.79,32.1,45.97,59.92,0.261,0.4175,0.2624,0.2663,0.4088,0.6984,0.2851,outswing
RIGHT,BACK,13.34,25.35,45.47,0.3237,0.1383,0.2442,0.2567,0.3411,64.51,-60.41,153.13,13.34,25.35,45.47,59.83,0.2616,0.3795,0.2552,0.2591,0.3993,0.685,0.2505,outswing
RIGHT,BACK,10.17,18.79,42.19,0.2639,0.1139,0.2,0.2332,0.368,64.83,-60.77,154.29,10.17,18.79,42.19,56.44,0.2646,0.3624,0.2525,0.2556,0.4038,0.6906,0.2166,outswing
RIGHT,BACK,9.55,13.0,38.47,0.2348,0.1098,0.1717,0.2102,0.3757,64.99,-60.85,153.52,9.55,13.0,38.47,52.62,0.2658,0.3309,0.2514,0.2521,0.3951,0.6825,0.1909,outswing
RIGHT,BACK,10.2,10.85,38.6,0.2234,0.116,0.1567,0.2122,0.3859,64.95,-60.71,152.78,10.2,10.85,38.6,53.58,0.2652,0.3321,0.2484,0.2418,0.3897,0.6805,0.1845,outswing
RIGHT,BACK,142.36,2.36,28.84,0.5295,0.1153,0.4279,0.3218,0.4386,64.16,-58.75,152.87,142.36,2.36,28.84,44.42,0.3459,0.5855,0.2602,0.3494,0.3972,0.6663,0.3749,outswing
RIGHT,BACK,161.32,177.63,27.44,0.6708,0.1993,0.4809,0.3922,0.5282,64.54,-58.65,153.24,161.32,177.63,27.44,45.17,0.3824,0.7293,0.2643,0.4085,0.4675,0.73,0.4365,outswing
RIGHT,BACK,166.0,176.64,18.62,0.6099,0.1452,0.4664,0.3925,0.5739,64.57,-58.61,155.77,166.0,176.64,18.62,32.38,0.3897,0.762,0.2821,0.4056,0.4556,0.7134,0.4294,outswing
RIGHT,BACK,166.36,178.64,13.92,0.5841,0.1277,0.4638,0.4029,0.5714,64.67,-58.7,155.37,166.36,178.64,13.92,25.74,0.3828,0.7569,0.2889,0.3696,0.4168,0.6769,0.4334,outswing
RIGHT,BACK,167.16,178.94,9.9,0.6263,0.1717,0.4552,0.3527,0.5818,64.92,-58.94,152.79,167.16,178.94,9.9,21.39,0.393,0.7717,0.2863,0.4156,0.4272,0.6624,0.4039,outswing
RIGHT,BACK,24.13,2.25,23.71,0.1712,0.0082,0.167,0.3219,0.5539,59.74,-55.16,160.13,24.13,2.25,23.71,57.71,0.2783,0.3957,0.2386,0.2246,0.3798,0.6681,0.2445,outswing
RIGHT,BACK,30.74,8.95,26.05,0.2256,0.1524,0.2785,0.2738,0.4627,59.84,-55.24,165.3,30.74,8.95,26.05,56.95,0.3052,0.4078,0.2404,0.1983,0.3065,0.5945,0.2762,outswing
RIGHT,BACK,13.99,3.48,27.44,0.0982,0.0558,0.1055,0.2372,0.4136,64.18,-60.11,152.57,13.99,3.48,27.44,52.94,0.2476,0.341,0.2502,0.1724,0.2757,0.5663,0.1714,outswing
RIGHT,BACK,17.33,1.0,21.95,0.0162,0.1057,0.1113,0.2357,0.4042,64.39,-60.32,157.48,17.33,1.0,21.95,49.1,0.2466,0.309,0.2504,0.1798,0.2601,0.5448,0.1735,outswing
RIGHT,BACK,15.58,0.26,22.07,0.0643,0.1608,0.1098,0.2383,0.3967,64.31,-60.35,159.13,15.58,0.26,22.07,48.86,0.2472,0.2912,0.2533,0.166,0.2571,0.5417,0.1741,outswing
RIGHT,BACK,16.07,0.82,23.0,0.0414,0.0946,0.1259,0.2451,0.4237,64.41,-60.49,155.88,16.07,0.82,23.0,47.97,0.261,0.3191,0.2597,0.1827,0.2881,0.5685,0.1855,outswing
RIGHT,BACK,16.9,3.78,26.73,0.0846,0.0928,0.1659,0.2603,0.4189,64.49,-60.57,156.92,16.9,3.78,26.73,50.49,0.2645,0.3336,0.2557,0.1852,0.3044,0.5854,0.2131,outswing
RIGHT,BACK,21.36,7.37,9.13,0.3344,0.1746,0.201,0.2069,0.4721,66.04,-61.59,146.63,21.36,7.37,9.13,36.5,0.2761,0.4488,0.2121,0.204,0.2348,0.5018,0.204,outswing
RIGHT,BACK,20.33,6.02,11.94,0.3089,0.1702,0.1754,0.193,0.4602,65.8,-61.49,146.61,20.33,6.02,11.94,40.57,0.2623,0.4208,0.2134,0.2013,0.2349,0.5029,0.1842,outswing
RIGHT,BACK,18.81,4.47,12.69,0.2893,0.1582,0.1719,0.1856,0.4277,65.41,-61.07,145.22,18.81,4.47,12.69,40.89,0.2462,0.4061,0.2074,0.1961,0.2061,0.4738,0.1787,outswing
RIGHT,BACK,29.04,7.13,16.85,0.3456,0.1683,0.2364,0.2225,0.4188,64.55,-60.1,145.19,29.04,7.13,16.85,46.56,0.2702,0.418,0.2259,0.1969,0.2171,0.4895,0.2295,outswing
RIGHT,BACK,30.17,6.82,16.56,0.3373,0.1729,0.2427,0.2394,0.4121,64.0,-59.62,147.37,30.17,6.82,16.56,51.51,0.2579,0.4197,0.2216,0.1773,0.2066,0.4834,0.241,outswing
RIGHT,BACK,22.32,3.09,19.4,0.2904,0.1514,0.1734,0.1954,0.3947,63.73,-59.45,146.6,22.32,3.09,19.4,53.59,0.2415,0.3742,0.2234,0.1944,0.2145,0.4855,0.1844,outswing
RIGHT,BACK,31.48,4.9,23.5,0.3069,0.0742,0.2534,0.2286,0.4013,65.63,-61.55,149.0,31.48,4.9,23.5,45.29,0.2578,0.4296,0.2487,0.2341,0.2859,0.5514,0.241,outswing
RIGHT,BACK,66.13,18.5,33.78,0.4057,0.0958,0.3405,0.2511,0.3603,65.23,-61.4,149.36,66.13,18.5,33.78,57.09,0.2756,0.4209,0.2663,0.22,0.2965,0.5659,0.2958,outswing
RIGHT,BACK,15.34,0.66,12.11,0.1557,0.243,0.098,0.1743,0.4117,78.26,-73.67,161.35,15.34,0.66,12.11,24.15,0.2191,0.2978,0.2647,0.2843,0.3702,0.6034,0.1361,outswing
RIGHT,BACK,13.05,0.0,12.35,0.1355,0.2123,0.0875,0.2017,0.4352,77.35,-72.93,159.85,13.05,0.0,12.35,24.73,0.2224,0.292,0.2543,0.2421,0.3598,0.6064,0.1446,outswing
RIGHT,BACK,12.1,0.05,11.6,0.172,0.2315,0.0616,0.1809,0.422,77.32,-72.78,159.47,12.1,0.05,11.6,23.4,0.2165,0.2772,0.2537,0.2587,0.3606,0.6015,0.1213,outswing
RIGHT,BACK,12.27,0.08,12.3,0.1532,0.2109,0.0589,0.1845,0.4208,77.53,-73.03,158.51,12.27,0.08,12.3,25.68,0.2148,0.2796,0.2521,0.2468,0.3494,0.5955,0.1217,outswing
RIGHT,BACK,10.26,3.47,17.32,0.1509,0.2272,0.0818,0.1345,0.361,76.47,-72.14,157.9,10.26,3.47,17.32,29.75,0.2053,0.2633,0.265,0.2601,0.3325,0.573,0.1082,outswing
RIGHT,BACK,5.72,10.35,25.51,0.1974,0.2697,0.0902,0.106,0.3249,74.58,-70.78,158.71,5.72,10.35,25.51,35.99,0.1936,0.244,0.2569,0.2683,0.3527,0.5936,0.0981,outswing
RIGHT,BACK,1.63,23.84,39.53,0.2181,0.32,0.1027,0.1825,0.3537,71.81,-68.44,160.49,1.63,23.84,39.53,44.14,0.2004,0.3035,0.2835,0.2498,0.4299,0.697,0.1426,outswing
RIGHT,BACK,2.53,50.07,42.74,0.1341,0.3172,0.1852,0.248,0.3513,68.83,-65.21,159.32,2.53,50.07,42.74,46.26,0.2324,0.4354,0.3145,0.263,0.4145,0.6922,0.2166,outswing
RIGHT,BACK,14.41,52.72,48.75,0.1112,0.3636,0.3088,0.2385,0.3036,65.87,-62.4,159.88,14.41,52.72,48.75,55.79,0.249,0.4212,0.29,0.2622,0.3795,0.6553,0.2736,outswing
RIGHT,BACK,30.93,53.76,53.81,0.1144,0.3293,0.3364,0.2809,0.347,65.08,-61.61,158.93,30.93,53.76,53.81,61.32,0.2655,0.385,0.2894,0.2124,0.4212,0.7147,0.3086,outswing
RIGHT,BACK,0.13,14.54,32.63,0.1534,0.2989,0.1482,0.2584,0.4745,69.56,-65.23,159.68,0.13,14.54,32.63,41.94,0.2719,0.3056,0.2851,0.2258,0.4867,0.8013,0.2033,outswing
RIGHT,BACK,7.28,7.5,25.41,0.1115,0.2189,0.1094,0.2471,0.4595,73.19,-69.13,159.12,7.28,7.5,25.41,38.46,0.2518,0.3096,0.2721,0.2255,0.4313,0.7278,0.1783,outswing
RIGHT,BACK,9.85,1.01,17.49,0.1322,0.1865,0.0568,0.23,0.4559,74.51,-70.3,160.09,9.85,1.01,17.49,32.86,0.2547,0.3034,0.2712,0.2371,0.3926,0.6775,0.1434,outswing
RIGHT,BACK,10.34,1.37,16.19,0.1095,0.1733,0.0651,0.2669,0.4677,74.76,-70.34,157.19,10.34,1.37,16.19,31.97,0.259,0.3358,0.2592,0.2125,0.3793,0.6683,0.166,outswing
RIGHT,BACK,12.29,0.69,19.44,0.0708,0.1129,0.0522,0.2498,0.4447,75.4,-71.04,155.66,12.29,0.69,19.44,34.51,0.2417,0.3389,0.2649,0.2328,0.3768,0.6553,0.151,outswing
RIGHT,BACK,12.64,5.71,17.4,0.1332,0.1566,0.024,0.2483,0.434,76.07,-71.96,163.96,12.64,5.71,17.4,32.07,0.2641,0.3283,0.2578,0.2603,0.3749,0.6385,0.1361,outswing
RIGHT,BACK,10.57,0.68,16.46,0.1167,0.1441,0.0367,0.2477,0.4634,76.57,-72.58,163.84,10.57,0.68,16.46,30.8,0.245,0.3128,0.2629,0.2353,0.3785,0.6481,0.1422,outswing
RIGHT,BACK,9.12,0.03,15.48,0.0939,0.1313,0.0378,0.2284,0.4814,76.83,-72.77,161.83,9.12,0.03,15.48,29.49,0.2504,0.3062,0.2452,0.2393,0.3703,0.6346,0.1331,outswing
RIGHT,BACK,8.08,0.26,16.18,0.0858,0.136,0.0508,0.2359,0.5122,76.98,-72.95,160.77,8.08,0.26,16.18,29.18,0.2651,0.3521,0.2439,0.2521,0.3883,0.653,0.1434,outswing
RIGHT,BACK,8.56,2.74,12.93,0.0918,0.1305,0.0458,0.2274,0.5268,77.23,-73.07,159.64,8.56,2.74,12.93,26.63,0.2703,0.3896,0.2345,0.2546,0.3664,0.6262,0.1366,outswing
RIGHT,BACK,6.87,1.25,13.17,0.105,0.1523,0.0495,0.235,0.5422,77.25,-73.26,161.35,6.87,1.25,13.17,29.25,0.2773,0.4059,0.2377,0.2496,0.3708,0.6313,0.1422,outswing
RIGHT,BACK,10.08,3.63,11.43,0.0985,0.1305,0.041,0.2273,0.5234,78.02,-73.97,159.28,10.08,3.63,11.43,28.67,0.2668,0.3854,0.2466,0.2557,0.3587,0.616,0.1341,outswing
RIGHT,BACK,12.5,5.2,15.07,0.1912,0.1972,0.007,0.2695,0.519,78.16,-74.41,161.54,12.5,5.2,15.07,29.83,0.2701,0.4211,0.2561,0.2635,0.387,0.643,0.1383,outswing
RIGHT,BACK,21.84,2.17,19.03,0.0945,0.1815,0.1626,0.3007,0.5196,78.57,-74.52,164.35,21.84,2.17,19.03,29.61,0.2758,0.4589,0.2772,0.2735,0.4188,0.6904,0.2317,outswing
RIGHT,BACK,31.28,0.6,16.67,0.1052,0.2162,0.1808,0.2311,0.5348,79.19,-74.83,166.0,31.28,0.6,16.67,26.39,0.2875,0.4558,0.2813,0.3694,0.4736,0.7308,0.206,outswing
RIGHT,BACK,167.59,101.27,67.27,0.1471,0.2132,0.2945,0.2807,0.449,67.9,-63.65,157.56,167.59,101.27,67.27,67.42,0.2721,0.4696,0.3954,0.5517,0.7538,1.0386,0.2876,outswing
RIGHT,BACK,166.1,126.93,77.69,0.2375,0.283,0.4582,0.3857,0.4365,64.47,-60.41,164.76,166.1,126.93,77.69,85.38,0.3257,0.5866,0.4028,0.5724,0.8249,1.1334,0.422,outswing
RIGHT,BACK,75.03,91.69,91.84,0.193,0.1597,0.2694,0.3266,0.4837,52.35,-53.38,174.28,75.03,91.69,91.84,94.32,0.19,0.2791,0.2436,0.5238,0.8274,1.028,0.298,outswing
RIGHT,BACK,59.64,76.37,80.53,0.1758,0.1861,0.1357,0.2324,0.429,53.71,-54.94,170.01,59.64,76.37,80.53,80.76,0.2025,0.2727,0.2685,0.4072,0.7151,0.9285,0.184,outswing
RIGHT,BACK,64.68,81.83,84.39,0.1755,0.1877,0.162,0.2288,0.4216,53.33,-54.46,171.03,64.68,81.83,84.39,84.58,0.1991,0.2876,0.2794,0.4135,0.7214,0.9366,0.1954,outswing
RIGHT,BACK,131.76,97.46,70.27,0.2523,0.2945,0.5462,0.5861,0.7432,51.73,-48.51,165.76,131.76,97.46,70.27,84.75,0.3306,0.6111,0.3264,0.4554,0.8267,1.1532,0.5662,outswing
RIGHT,BACK,10.72,29.2,46.5,0.219,0.1974,0.2231,0.346,0.5549,61.91,-60.09,165.85,10.72,29.2,46.5,62.78,0.2152,0.3656,0.2363,0.1731,0.4559,0.6977,0.2846,outswing
RIGHT,BACK,9.44,29.69,48.77,0.2005,0.1843,0.2401,0.3761,0.5845,61.99,-60.22,171.18,9.44,29.69,48.77,66.41,0.2067,0.3648,0.2293,0.2114,0.49,0.7274,0.3081,outswing
RIGHT,BACK,12.12,33.92,51.41,0.1994,0.168,0.2188,0.3696,0.5861,62.19,-60.51,173.22,12.12,33.92,51.41,68.25,0.1974,0.3606,0.2322,0.2301,0.5085,0.7464,0.2942,outswing
RIGHT,BACK,169.09,169.91,38.12,0.4196,0.0463,0.4629,0.3834,0.2539,72.52,-67.5,163.79,169.09,169.91,38.12,84.59,0.255,0.4555,0.2127,0.3011,0.2996,0.5171,0.4232,outswing
RIGHT,BACK,162.82,141.72,31.73,0.4235,0.0843,0.4691,0.364,0.276,72.23,-67.2,163.93,162.82,141.72,31.73,84.0,0.2591,0.3961,0.2236,0.2821,0.2923,0.5178,0.4166,outswing
RIGHT,BACK,159.75,72.74,29.7,0.4009,0.0993,0.4633,0.335,0.2774,72.19,-67.17,165.13,159.75,72.74,29.7,82.12,0.2613,0.3763,0.2263,0.2828,0.2975,0.5251,0.3991,outswing
RIGHT,BACK,124.81,5.92,25.46,0.3141,0.2582,0.3928,0.3547,0.418,72.51,-67.47,165.69,124.81,5.92,25.46,63.49,0.237,0.4125,0.2164,0.2108,0.3628,0.6304,0.3737,outswing
RIGHT,BACK,166.5,159.66,28.28,0.4212,0.1903,0.4569,0.3723,0.3436,73.44,-68.48,165.23,166.5,159.66,28.28,62.4,0.25,0.5477,0.2353,0.2302,0.2954,0.5447,0.4146,outswing
RIGHT,BACK,29.42,7.43,25.45,0.2669,0.1316,0.2982,0.2374,0.3235,73.4,-68.8,162.35,29.42,7.43,25.45,57.92,0.217,0.4126,0.2332,0.2727,0.3134,0.5486,0.2678,outswing
RIGHT,BACK,20.83,10.45,26.09,0.2665,0.1385,0.2779,0.2121,0.3089,73.39,-69.07,160.19,20.83,10.45,26.09,58.77,0.2019,0.3784,0.2185,0.2498,0.2949,0.5294,0.245,outswing
RIGHT,BACK,92.69,14.91,27.97,0.3172,0.1297,0.3267,0.2583,0.3405,73.64,-69.29,161.48,92.69,14.91,27.97,60.88,0.2148,0.4313,0.2401,0.254,0.3224,0.5596,0.2925,outswing
RIGHT,BACK,145.15,22.79,31.92,0.3417,0.1557,0.4149,0.2986,0.2917,74.02,-69.43,163.74,145.15,22.79,31.92,68.75,0.2201,0.4107,0.2361,0.2422,0.2969,0.5357,0.3567,outswing
RIGHT,BACK,166.86,23.77,38.03,0.3878,0.2539,0.4622,0.3525,0.3306,75.68,-70.76,168.61,166.86,23.77,38.03,75.27,0.2492,0.3855,0.2625,0.2032,0.3165,0.5711,0.4073,outswing
RIGHT,BACK,138.12,102.94,9.56,0.3717,0.1557,0.4038,0.3588,0.3612,77.52,-72.74,163.88,138.12,102.94,9.56,46.99,0.2138,0.4495,0.2386,0.2447,0.2861,0.5113,0.3813,outswing
RIGHT,BACK,143.7,73.69,4.87,0.379,0.0899,0.3608,0.2796,0.3308,79.48,-74.87,161.2,143.7,73.69,4.87,51.83,0.2412,0.365,0.2168,0.332,0.3448,0.5343,0.3202,outswing
RIGHT,BACK,147.49,109.41,6.12,0.3905,0.1292,0.3924,0.3023,0.3563,80.44,-75.75,163.53,147.49,109.41,6.12,39.57,0.2506,0.4489,0.2375,0.3583,0.3683,0.5587,0.3474,outswing
RIGHT,BACK,151.81,156.25,43.44,0.4297,0.132,0.3975,0.3253,0.3021,81.98,-77.05,167.17,151.81,156.25,43.44,70.2,0.2348,0.4113,0.2974,0.4249,0.4375,0.6171,0.3614,outswing
RIGHT,BACK,161.5,176.24,80.57,0.4515,0.0544,0.4624,0.3673,0.2456,81.14,-75.59,168.07,161.5,176.24,80.57,115.79,0.26,0.4387,0.2118,0.5097,0.5272,0.7071,0.4148,outswing
RIGHT,BACK,165.4,178.3,58.19,0.4647,0.0868,0.4816,0.3902,0.2809,80.29,-74.61,171.09,165.4,178.3,58.19,84.51,0.2582,0.5382,0.2797,0.507,0.5449,0.7381,0.4359,outswing
RIGHT,BACK,163.98,176.51,56.53,0.5052,0.0345,0.5361,0.391,0.2123,79.26,-74.07,170.57,163.98,176.51,56.53,77.91,0.2615,0.5703,0.3081,0.5254,0.4978,0.6575,0.4635,outswing
RIGHT,BACK,172.76,161.53,76.04,0.4115,0.1236,0.534,0.4503,0.2664,74.74,-69.74,175.65,172.76,161.53,76.04,92.64,0.2338,0.5958,0.3454,0.4299,0.5247,0.7553,0.4921,outswing
RIGHT,BACK,173.26,175.23,20.23,0.5057,0.1776,0.5188,0.4371,0.5912,78.96,-72.82,177.88,173.26,175.23,20.23,34.22,0.2806,0.9597,0.3255,0.4616,0.5346,0.727,0.4779,outswing
RIGHT,BACK,16.58,1.67,21.68,0.0718,0.0688,0.0976,0.1758,0.3247,81.91,-77.47,155.97,16.58,1.67,21.68,47.68,0.1732,0.2402,0.1933,0.2794,0.3527,0.5598,0.1367,outswing
RIGHT,BACK,18.82,27.87,19.41,0.1211,0.1184,0.2374,0.2713,0.3677,75.26,-70.46,155.43,18.82,27.87,19.41,33.05,0.1682,0.5005,0.2578,0.2455,0.2882,0.5389,0.2543,outswing
RIGHT,BACK,18.27,42.31,28.53,0.1711,0.1278,0.2548,0.2226,0.2857,75.1,-70.73,159.52,18.27,42.31,28.53,41.13,0.1694,0.4419,0.2439,0.2911,0.2911,0.5034,0.2387,outswing
RIGHT,BACK,173.41,117.92,43.52,0.2933,0.1512,0.4029,0.3161,0.2849,73.87,-69.59,161.05,173.41,117.92,43.52,54.58,0.1906,0.5125,0.2518,0.2648,0.323,0.5568,0.3595,outswing
RIGHT,BACK,179.39,78.66,34.64,0.508,0.1497,0.3803,0.2677,0.2553,72.53,-68.63,152.04,179.39,78.66,34.64,62.2,0.2091,0.4414,0.2553,0.2958,0.3019,0.4932,0.324,outswing
RIGHT,BACK,172.07,166.99,30.81,0.656,0.18,0.5046,0.3789,0.289,72.36,-68.07,157.03,172.07,166.99,30.81,62.05,0.2189,0.5889,0.2366,0.3227,0.322,0.5019,0.4418,outswing
RIGHT,BACK,165.54,168.47,14.56,0.6543,0.1863,0.4792,0.3385,0.3402,70.24,-65.63,160.09,165.54,168.47,14.56,51.01,0.2559,0.5973,0.2589,0.3746,0.3337,0.4916,0.4089,outswing
RIGHT,BACK,163.47,160.23,14.61,0.6663,0.1848,0.4859,0.3324,0.3616,68.55,-63.95,158.8,163.47,160.23,14.61,53.81,0.283,0.601,0.2638,0.365,0.3241,0.4931,0.4091,outswing
RIGHT,BACK,164.54,171.75,19.41,0.7102,0.1736,0.5391,0.371,0.3258,67.14,-62.49,158.43,164.54,171.75,19.41,59.03,0.2887,0.6109,0.2925,0.3566,0.3063,0.4804,0.455,outswing
RIGHT,BACK,170.69,176.76,28.11,0.7284,0.1795,0.5526,0.3817,0.3256,66.06,-61.36,162.1,170.69,176.76,28.11,68.11,0.2977,0.6173,0.3208,0.3499,0.3206,0.5084,0.4672,outswing
RIGHT,BACK,173.72,172.39,35.52,0.7217,0.1801,0.5434,0.379,0.31,65.35,-60.6,163.87,173.72,172.39,35.52,72.43,0.3048,0.5872,0.344,0.3514,0.3335,0.5286,0.4612,outswing
RIGHT,BACK,170.93,171.39,35.86,0.732,0.2397,0.4952,0.316,0.3322,64.44,-59.79,158.82,170.93,171.39,35.86,73.58,0.2997,0.5923,0.3227,0.4012,0.3682,0.5446,0.4056,outswing
RIGHT,BACK,169.28,171.86,33.83,0.7122,0.2144,0.4995,0.3395,0.3488,63.33,-58.7,159.48,169.28,171.86,33.83,74.71,0.2944,0.6298,0.3003,0.3855,0.3517,0.537,0.4195,outswing
RIGHT,BACK,169.06,171.99,37.22,0.7006,0.2077,0.4978,0.3408,0.338,62.57,-57.97,162.01,169.06,171.99,37.22,78.82,0.2947,0.6299,0.3185,0.4003,0.3571,0.5408,0.4193,outswing
RIGHT,BACK,168.03,170.83,43.93,0.6885,0.1953,0.4933,0.3611,0.3019,62.27,-57.74,162.85,168.03,170.83,43.93,85.13,0.2918,0.5849,0.3419,0.3715,0.3417,0.5438,0.4272,outswing
RIGHT,BACK,169.89,165.01,47.23,0.6836,0.1794,0.506,0.3934,0.2802,62.5,-58.07,163.34,169.89,165.01,47.23,84.5,0.2796,0.5529,0.3606,0.3364,0.3297,0.5447,0.4497,outswing
RIGHT,BACK,174.24,164.55,39.5,0.6709,0.175,0.5214,0.4012,0.3316,63.46,-58.73,165.46,174.24,164.55,39.5,78.53,0.3042,0.5576,0.3152,0.2957,0.3276,0.5604,0.4613,outswing
RIGHT,BACK,171.65,156.72,39.06,0.6004,0.1281,0.4874,0.3521,0.3065,64.17,-59.37,166.75,171.65,156.72,39.06,76.42,0.296,0.51,0.2933,0.3124,0.3241,0.5499,0.4198,outswing
RIGHT,BACK,173.74,166.62,119.23,0.641,0.1228,0.5772,0.4633,0.2325,66.88,-61.75,168.35,173.74,166.62,119.23,130.34,0.2267,0.4036,0.3155,0.3612,0.4017,0.627,0.5203,outswing
RIGHT,BACK,175.93,168.72,95.94,0.701,0.1663,0.6323,0.5669,0.2631,69.12,-64.04,163.43,175.93,168.72,95.94,112.43,0.2373,0.5589,0.3079,0.2983,0.368,0.614,0.5996,outswing
RIGHT,BACK,174.95,168.72,46.94,0.6964,0.1443,0.6137,0.5322,0.3412,70.69,-65.57,161.5,174.95,168.72,46.94,72.05,0.2512,0.7316,0.2593,0.3264,0.3818,0.6147,0.5729,outswing
RIGHT,BACK,168.68,172.98,41.27,0.5916,0.1038,0.5611,0.4744,0.318,74.35,-69.52,159.06,168.68,172.98,41.27,75.89,0.2331,0.5619,0.2258,0.3168,0.3564,0.5744,0.5177,outswing
RIGHT,BACK,169.14,175.53,38.02,0.6221,0.0932,0.6003,0.4735,0.319,75.1,-70.09,158.24,169.14,175.53,38.02,74.78,0.2587,0.5467,0.2262,0.3394,0.3624,0.5698,0.5369,outswing
RIGHT,BACK,152.88,155.73,0.12,0.5332,0.1779,0.4242,0.2711,0.3979,75.84,-70.78,161.46,152.88,155.73,0.12,26.41,0.2291,0.6622,0.2448,0.5908,0.4978,0.5704,0.3476,outswing
RIGHT,BACK,152.83,159.69,4.31,0.5444,0.1294,0.461,0.4168,0.3863,75.16,-70.05,162.7,152.83,159.69,4.31,36.05,0.2243,0.6619,0.2532,0.4138,0.3804,0.5362,0.4389,outswing
RIGHT,BACK,151.75,157.12,0.12,0.5456,0.1337,0.4693,0.4046,0.4113,75.21,-70.11,161.93,151.75,157.12,0.12,30.81,0.2372,0.6659,0.2338,0.3937,0.364,0.5272,0.4369,outswing
RIGHT,BACK,152.87,163.51,3.18,0.5266,0.1376,0.4661,0.4117,0.3923,74.9,-69.9,161.14,152.87,163.51,3.18,34.27,0.2173,0.6445,0.2362,0.3746,0.3521,0.5239,0.4389,outswing
RIGHT,BACK,93.08,16.0,25.78,0.2441,0.299,0.3844,0.2876,0.5788,70.69,-66.28,133.58,93.08,16.0,25.78,40.06,0.6389,0.3037,0.2828,0.2302,0.4348,0.7073,0.336,off_spin_grip
RIGHT,BACK,83.92,14.18,24.38,0.2405,0.2712,0.3426,0.322,0.6182,71.39,-66.78,132.01,83.92,14.18,24.38,40.88,0.6349,0.3069,0.2832,0.2611,0.4644,0.7405,0.3323,off_spin_grip
RIGHT,BACK,75.65,13.32,23.15,0.2425,0.284,0.327,0.3182,0.614,71.91,-67.3,132.28,75.65,13.32,23.15,40.9,0.6203,0.3044,0.2783,0.2666,0.4586,0.732,0.3226,off_spin_grip
RIGHT,BACK,89.39,15.98,23.94,0.2657,0.3019,0.3573,0.3106,0.614,70.97,-66.49,132.78,89.39,15.98,23.94,33.92,0.6439,0.3083,0.2842,0.2642,0.4667,0.7401,0.334,off_spin_grip
RIGHT,BACK,83.62,52.45,57.22,0.1547,0.1923,0.2668,0.2614,0.5156,65.7,-62.91,141.79,83.62,52.45,57.22,62.19,0.4811,0.257,0.2094,0.3077,0.5637,0.7865,0.2641,off_spin_grip
RIGHT,BACK,74.85,48.46,54.03,0.1077,0.1764,0.2641,0.29,0.5453,66.7,-63.84,136.12,74.85,48.46,54.03,58.87,0.4672,0.2626,0.2183,0.3044,0.5666,0.7926,0.2771,off_spin_grip
RIGHT,BACK,62.9,46.39,53.81,0.0761,0.1997,0.2371,0.3016,0.5636,66.61,-63.7,135.19,62.9,46.39,53.81,59.35,0.4449,0.2723,0.223,0.2951,0.564,0.7942,0.2694,off_spin_grip
RIGHT,BACK,52.51,43.46,53.01,0.0832,0.2397,0.1891,0.2335,0.5137,66.91,-63.94,133.74,52.51,43.46,53.01,60.1,0.4218,0.2802,0.2245,0.2014,0.4612,0.705,0.2113,off_spin_grip
RIGHT,BACK,54.03,46.16,55.76,0.1435,0.2872,0.2014,0.223,0.5082,66.91,-64.14,139.94,54.03,46.16,55.76,62.95,0.4242,0.2854,0.2215,0.2006,0.4599,0.7019,0.2122,off_spin_grip
RIGHT,BACK,70.52,45.33,55.64,0.1712,0.2799,0.2658,0.2242,0.5052,66.88,-64.32,141.28,70.52,45.33,55.64,63.12,0.4789,0.2822,0.2172,0.2181,0.4826,0.7225,0.245,off_spin_grip
RIGHT,BACK,59.19,39.48,51.37,0.1441,0.2313,0.2187,0.254,0.5254,68.44,-65.58,137.67,59.19,39.48,51.37,63.03,0.4507,0.2747,0.224,0.2149,0.4826,0.7311,0.2364,off_spin_grip
RIGHT,BACK,90.74,58.31,63.19,0.2567,0.3392,0.3031,0.224,0.4548,66.97,-65.3,166.53,90.74,58.31,63.19,70.88,0.5081,0.2313,0.1886,0.3242,0.5654,0.7644,0.2635,off_spin_grip
RIGHT,BACK,94.02,61.57,65.39,0.2569,0.3529,0.3087,0.2183,0.4426,66.47,-65.02,168.22,94.02,61.57,65.39,71.14,0.5136,0.2245,0.1826,0.3392,0.5706,0.7588,0.2635,off_spin_grip
RIGHT,BACK,108.68,98.0,96.44,0.2763,0.3254,0.3096,0.1102,0.3426,72.54,-72.81,177.23,108.68,98.0,96.44,97.52,0.4197,0.2363,0.1507,0.3821,0.5744,0.7128,0.2099,off_spin_grip
RIGHT,BACK,106.77,90.79,90.08,0.2735,0.3257,0.2945,0.2127,0.4234,72.9,-72.89,177.73,106.77,90.79,90.08,89.63,0.5071,0.2177,0.1399,0.374,0.5761,0.7254,0.2536,off_spin_grip
RIGHT,BACK,107.27,88.85,88.45,0.2704,0.3335,0.2989,0.2318,0.438,72.8,-72.66,177.67,107.27,88.85,88.45,87.75,0.5306,0.2147,0.1378,0.3645,0.5687,0.7216,0.2653,off_spin_grip
RIGHT,BACK,107.28,88.7,88.51,0.2779,0.351,0.3147,0.2095,0.4197,72.68,-72.46,176.97,107.28,88.7,88.51,88.45,0.5236,0.2199,0.1394,0.3468,0.5516,0.7058,0.2621,off_spin_grip
RIGHT,BACK,104.11,87.46,87.24,0.2696,0.3211,0.2925,0.2246,0.4344,73.1,-72.81,174.83,104.11,87.46,87.24,86.26,0.517,0.2161,0.1388,0.3649,0.5717,0.7278,0.2585,off_spin_grip
RIGHT,BACK,101.23,87.24,86.86,0.2644,0.3242,0.302,0.2336,0.4378,73.45,-73.03,173.55,101.23,87.24,86.86,84.46,0.5356,0.2124,0.1448,0.3385,0.5455,0.7026,0.2678,off_spin_grip
RIGHT,BACK,94.74,96.06,90.65,0.2367,0.3792,0.2702,0.1193,0.3618,73.73,-73.13,176.44,94.74,96.06,90.65,89.47,0.3495,0.2757,0.1634,0.2721,0.4762,0.6449,0.1947,off_spin_grip
RIGHT,BACK,94.88,99.75,95.87,0.2262,0.3438,0.2608,0.0628,0.3391,73.32,-72.93,178.11,94.88,99.75,95.87,95.2,0.3168,0.2845,0.1649,0.3218,0.524,0.6834,0.1618,off_spin_grip
RIGHT,BACK,102.56,95.17,96.11,0.263,0.2829,0.2694,0.1071,0.338,75.45,-75.62,178.36,102.56,95.17,96.11,98.91,0.3631,0.2328,0.1506,0.446,0.6301,0.7581,0.1883,off_spin_grip
RIGHT,BACK,99.56,89.99,90.21,0.2616,0.3124,0.2812,0.1065,0.3332,75.85,-76.15,179.89,99.56,89.99,90.21,92.28,0.3847,0.2267,0.1448,0.402,0.586,0.7134,0.1939,off_spin_grip
RIGHT,BACK,98.75,89.53,91.39,0.2656,0.2583,0.2615,0.1884,0.3901,76.31,-76.52,178.53,98.75,89.53,91.39,91.52,0.4346,0.2018,0.1455,0.4355,0.6221,0.7508,0.2249,off_spin_grip
RIGHT,BACK,96.79,87.71,89.16,0.244,0.2744,0.258,0.2011,0.3915,77.04,-77.1,177.19,96.79,87.71,89.16,87.75,0.4554,0.1918,0.1406,0.3993,0.5861,0.7161,0.2295,off_spin_grip
RIGHT,BACK,96.11,86.93,88.61,0.2383,0.2748,0.2568,0.207,0.3954,77.8,-77.85,175.92,96.11,86.93,88.61,86.54,0.4616,0.1904,0.1427,0.3893,0.5755,0.7047,0.2319,off_spin_grip
RIGHT,BACK,94.03,86.21,87.85,0.2408,0.2773,0.2524,0.2117,0.4016,78.06,-78.03,174.77,94.03,86.21,87.85,84.32,0.461,0.1917,0.1461,0.3841,0.5706,0.701,0.2321,off_spin_grip
RIGHT,BACK,93.6,86.02,86.86,0.2559,0.2817,0.2444,0.233,0.4265,78.58,-78.44,172.91,93.6,86.02,86.86,83.38,0.4727,0.1954,0.1527,0.3859,0.5735,0.7074,0.2387,off_spin_grip
RIGHT,BACK,90.83,85.13,86.08,0.2617,0.2946,0.2496,0.2289,0.4244,79.16,-78.96,171.6,90.83,85.13,86.08,82.96,0.4735,0.1974,0.1506,0.3761,0.5633,0.6971,0.2392,off_spin_grip
RIGHT,BACK,89.8,84.68,85.46,0.2569,0.3009,0.2501,0.2301,0.4254,79.31,-79.14,171.38,89.8,84.68,85.46,82.76,0.4775,0.1984,0.1493,0.3686,0.5556,0.6885,0.2401,off_spin_grip
RIGHT,BACK,90.69,91.43,90.76,0.2653,0.2741,0.2112,0.2647,0.4504,80.44,-80.18,174.0,90.69,91.43,90.76,87.29,0.4655,0.1881,0.1483,0.3977,0.5844,0.716,0.2379,off_spin_grip
RIGHT,BACK,87.82,90.29,88.32,0.2763,0.2897,0.2018,0.2783,0.4631,80.84,-80.43,174.78,87.82,90.29,88.32,83.9,0.4717,0.1876,0.15,0.3743,0.5633,0.6997,0.24,off_spin_grip
RIGHT,BACK,84.29,90.89,88.23,0.2732,0.2915,0.1869,0.2889,0.476,81.14,-80.73,175.7,84.29,90.89,88.23,82.58,0.4671,0.1897,0.1463,0.3673,0.5581,0.696,0.2379,off_spin_grip
RIGHT,BACK,82.31,91.45,88.98,0.2663,0.3103,0.1913,0.2747,0.4622,81.2,-80.78,175.5,82.31,91.45,88.98,83.6,0.4628,0.1913,0.1425,0.3429,0.5342,0.6719,0.233,off_spin_grip
RIGHT,BACK,71.62,74.74,78.79,0.2695,0.2322,0.2382,0.2801,0.4957,81.32,-79.69,162.27,71.62,74.74,78.79,71.9,0.4675,0.216,0.1638,0.3273,0.5373,0.6981,0.2592,off_spin_grip
RIGHT,BACK,67.46,68.85,75.45,0.2757,0.2493,0.2293,0.273,0.4911,81.18,-79.32,159.3,67.46,68.85,75.45,70.06,0.4727,0.2181,0.1638,0.2762,0.4954,0.6705,0.2512,off_spin_grip
RIGHT,BACK,113.52,111.41,112.04,0.2649,0.3267,0.3562,0.1375,0.0847,79.24,-80.6,174.12,113.52,111.41,112.04,114.36,0.2231,0.2176,0.1425,0.4103,0.5529,0.6264,0.2469,off_spin_grip
RIGHT,BACK,114.52,113.32,112.88,0.2665,0.3158,0.3485,0.1399,0.1028,79.0,-80.37,174.17,114.52,113.32,112.88,115.91,0.2133,0.2388,0.1462,0.4252,0.5686,0.6431,0.2442,off_spin_grip
RIGHT,BACK,114.96,113.48,111.79,0.2717,0.3236,0.3524,0.1396,0.1191,78.71,-80.05,174.6,114.96,113.48,111.79,114.95,0.2186,0.2539,0.1475,0.4225,0.5676,0.6446,0.246,off_spin_grip
RIGHT,BACK,115.69,117.64,119.4,0.2,0.2861,0.346,0.2158,0.0208,71.86,-73.27,177.55,115.69,117.64,119.4,128.09,0.1306,0.1954,0.1799,0.4355,0.5697,0.6469,0.2809,off_spin_grip
RIGHT,BACK,114.46,117.56,119.43,0.207,0.2731,0.3338,0.1994,0.0336,71.41,-72.75,178.54,114.46,117.56,119.43,127.12,0.1348,0.1986,0.1865,0.4591,0.6006,0.6833,0.2666,off_spin_grip
RIGHT,BACK,114.53,118.24,120.21,0.2083,0.2876,0.3417,0.21,0.0308,71.45,-72.69,178.54,114.53,118.24,120.21,127.5,0.1321,0.2008,0.196,0.445,0.5884,0.6745,0.2758,off_spin_grip
RIGHT,BACK,114.09,117.89,119.55,0.2196,0.2943,0.3278,0.1941,0.0236,71.33,-72.49,178.52,114.09,117.89,119.55,126.57,0.134,0.209,0.1953,0.4387,0.5919,0.6892,0.261,off_spin_grip
RIGHT,BACK,112.16,102.76,105.08,0.3104,0.4074,0.3746,0.1287,0.0475,70.02,-71.89,175.55,112.16,102.76,105.08,118.31,0.259,0.1565,0.0921,0.3529,0.5135,0.6052,0.2516,off_spin_grip
RIGHT,BACK,82.67,75.44,75.75,0.2475,0.2636,0.2666,0.1513,0.3633,71.98,-71.22,167.56,82.67,75.44,75.75,79.53,0.4073,0.2123,0.1557,0.3351,0.5583,0.7282,0.209,off_spin_grip
RIGHT,BACK,80.99,74.89,75.53,0.2393,0.2557,0.2672,0.152,0.3637,72.32,-71.49,164.87,80.99,74.89,75.53,78.24,0.4108,0.2125,0.1564,0.3173,0.5416,0.7142,0.2096,off_spin_grip
RIGHT,BACK,79.62,73.75,74.1,0.2359,0.2602,0.2712,0.1527,0.3757,72.44,-71.39,163.9,79.62,73.75,74.1,76.21,0.4147,0.2234,0.1589,0.3033,0.5304,0.7071,0.2119,off_spin_grip
RIGHT,BACK,150.22,149.91,45.69,0.4507,0.1403,0.3862,0.5448,0.9214,79.4,-94.39,168.56,150.22,149.91,45.69,28.42,0.8318,0.7426,0.2108,0.6531,0.7417,0.883,0.4655,off_spin_grip
RIGHT,BACK,148.49,149.18,46.66,0.434,0.1254,0.3646,0.5592,0.9289,78.86,-95.01,169.93,148.49,149.18,46.66,30.23,0.8158,0.7267,0.2124,0.6372,0.7338,0.882,0.4619,off_spin_grip
RIGHT,BACK,141.06,147.41,50.68,0.3859,0.1917,0.465,0.4368,0.7731,77.8,-96.28,173.23,141.06,147.41,50.68,34.31,0.7707,0.7021,0.2176,0.6273,0.6821,0.7849,0.4509,off_spin_grip
RIGHT,BACK,142.4,149.84,49.47,0.393,0.1788,0.4716,0.4309,0.7686,77.37,-96.75,171.76,142.4,149.84,49.47,33.37,0.7754,0.7056,0.2212,0.6454,0.6967,0.7961,0.4512,off_spin_grip
RIGHT,BACK,146.02,153.74,45.73,0.44,0.1531,0.4675,0.4829,0.8101,77.25,-96.61,171.39,146.02,153.74,45.73,30.52,0.8041,0.7336,0.2307,0.6475,0.7102,0.8261,0.4752,off_spin_grip
RIGHT,BACK,164.33,51.31,40.97,0.3929,0.3619,0.5838,0.4516,0.7907,84.04,-76.7,152.23,164.33,51.31,40.97,41.47,0.9687,0.446,0.3787,0.8502,1.0333,1.3168,0.5177,off_spin_grip
RIGHT,BACK,153.45,39.26,45.46,0.2897,0.4916,0.5108,0.2296,0.6116,80.9,-74.15,151.43,153.45,39.26,45.46,47.43,0.7398,0.3824,0.3702,0.8481,0.9606,1.2052,0.3702,off_spin_grip
RIGHT,BACK,133.91,45.19,62.41,0.2962,0.4152,0.4839,0.3082,0.5978,74.92,-70.06,149.08,133.91,45.19,62.41,71.1,0.7667,0.3115,0.3257,0.6608,0.8847,1.1734,0.3961,off_spin_grip
RIGHT,BACK,6.32,10.5,28.3,0.1746,0.2212,0.0524,0.5464,0.8327,76.29,-70.84,143.03,6.32,10.5,28.3,40.99,0.5966,0.288,0.2649,0.6347,0.8474,1.1311,0.2994,off_spin_grip
RIGHT,BACK,7.55,0.76,16.92,0.2015,0.2589,0.0575,0.4968,0.7785,77.58,-71.71,142.99,7.55,0.76,16.92,30.43,0.5474,0.2826,0.2641,0.533,0.6986,0.9733,0.2771,off_spin_grip
RIGHT,BACK,7.06,0.3,16.05,0.1916,0.2421,0.0631,0.5181,0.798,78.17,-72.16,145.55,7.06,0.3,16.05,30.53,0.5811,0.2819,0.2642,0.5366,0.7094,0.9862,0.2906,off_spin_grip
RIGHT,BACK,4.51,0.93,15.21,0.2082,0.2361,0.0323,0.5371,0.8179,78.95,-72.77,145.48,4.51,0.93,15.21,28.59,0.5548,0.2831,0.2841,0.5481,0.7252,1.004,0.2847,off_spin_grip
RIGHT,BACK,4.78,0.7,14.79,0.1986,0.3656,0.1842,0.423,0.7039,78.74,-72.68,144.1,4.78,0.7,14.79,26.97,0.5233,0.2823,0.2833,0.5682,0.6576,0.8988,0.3036,off_spin_grip
RIGHT,BACK,78.33,11.19,24.43,0.2286,0.3638,0.3422,0.315,0.6003,74.12,-68.78,144.35,78.33,11.19,24.43,39.0,0.657,0.2855,0.252,0.4577,0.5665,0.8112,0.3286,off_spin_grip
RIGHT,BACK,106.46,20.97,33.32,0.2812,0.4048,0.4405,0.2371,0.5241,71.99,-67.24,148.26,106.46,20.97,33.32,48.94,0.674,0.2874,0.2321,0.3821,0.5011,0.7503,0.3388,off_spin_grip
RIGHT,BACK,110.1,21.04,33.19,0.3066,0.3313,0.3652,0.3493,0.6302,71.05,-66.73,151.07,110.1,21.04,33.19,49.06,0.703,0.2815,0.2185,0.408,0.5836,0.8389,0.3572,off_spin_grip
RIGHT,BACK,109.67,19.11,32.15,0.3069,0.3465,0.4109,0.3258,0.5962,71.11,-66.99,151.45,109.67,19.11,32.15,48.38,0.7135,0.2735,0.2237,0.3418,0.5263,0.7845,0.3683,off_spin_grip
RIGHT,BACK,110.51,19.41,32.08,0.3021,0.3407,0.4121,0.3155,0.583,71.52,-67.56,151.48,110.51,19.41,32.08,49.12,0.7073,0.2699,0.2203,0.337,0.5166,0.7708,0.3638,off_spin_grip
RIGHT,BACK,113.62,20.75,33.76,0.3023,0.3434,0.4377,0.298,0.567,71.46,-67.69,152.11,113.62,20.75,33.76,51.38,0.7079,0.2748,0.2372,0.3141,0.4989,0.7552,0.3678,off_spin_grip
RIGHT,BACK,114.64,20.55,33.63,0.3043,0.306,0.3647,0.3505,0.6255,71.64,-67.88,152.78,114.64,20.55,33.63,50.73,0.7011,0.2776,0.2431,0.3844,0.562,0.8126,0.3576,off_spin_grip
RIGHT,BACK,115.61,21.44,35.0,0.3052,0.3192,0.3979,0.3256,0.6017,71.87,-68.14,153.16,115.61,21.44,35.0,52.34,0.7049,0.281,0.2449,0.3632,0.5403,0.7928,0.3618,off_spin_grip
RIGHT,BACK,115.33,18.57,32.43,0.3069,0.3494,0.4939,0.3028,0.5515,72.47,-68.57,153.07,115.33,18.57,32.43,50.83,0.7086,0.2771,0.2424,0.2469,0.4584,0.7244,0.3984,off_spin_grip
RIGHT,BACK,115.21,21.23,34.25,0.3025,0.3378,0.4592,0.2788,0.5408,73.6,-69.42,153.11,115.21,21.23,34.25,53.41,0.6847,0.2808,0.2446,0.2797,0.4633,0.7222,0.369,off_spin_grip
RIGHT,BACK,116.71,23.5,35.89,0.3225,0.3248,0.4477,0.2722,0.5409,74.22,-69.93,151.22,116.71,23.5,35.89,53.13,0.6702,0.2903,0.2502,0.3011,0.4758,0.7317,0.3599,off_spin_grip
RIGHT,BACK,116.71,15.16,29.34,0.3118,0.3149,0.4586,0.3093,0.5614,74.49,-69.98,148.96,116.71,15.16,29.34,47.51,0.7083,0.2741,0.2476,0.2773,0.4594,0.7218,0.384,off_spin_grip
RIGHT,BACK,121.74,92.16,93.45,0.3603,0.4362,0.4281,0.0462,0.1665,60.07,-61.6,168.58,121.74,92.16,93.45,104.89,0.3928,0.1751,0.1112,0.454,0.6541,0.7701,0.2372,off_spin_grip
RIGHT,BACK,122.2,95.25,95.04,0.3568,0.404,0.3866,0.0272,0.1948,59.76,-61.5,168.69,122.2,95.25,95.04,105.86,0.384,0.1818,0.108,0.5089,0.7032,0.8132,0.2069,off_spin_grip
RIGHT,BACK,121.29,101.96,100.51,0.3551,0.413,0.4043,0.09,0.1559,59.86,-61.47,168.86,121.29,101.96,100.51,106.66,0.3199,0.2013,0.1353,0.5012,0.6939,0.8035,0.2472,off_spin_grip
RIGHT,BACK,124.32,106.07,107.2,0.3637,0.4082,0.316,0.0541,0.2687,61.38,-62.52,170.86,124.32,106.07,107.2,113.57,0.3696,0.2201,0.1337,0.517,0.7119,0.8396,0.1851,off_spin_grip
RIGHT,BACK,126.19,114.51,117.93,0.3422,0.459,0.4217,0.1202,0.0777,61.95,-63.96,170.91,126.19,114.51,117.93,123.76,0.3021,0.1858,0.1298,0.4577,0.6445,0.7486,0.2709,off_spin_grip
RIGHT,BACK,126.78,120.74,127.42,0.3426,0.4165,0.4115,0.1894,0.1061,61.92,-64.44,171.1,126.78,120.74,127.42,132.89,0.2239,0.1465,0.133,0.488,0.6671,0.756,0.3005,off_spin_grip
RIGHT,BACK,126.97,120.57,127.28,0.3327,0.4029,0.404,0.1722,0.0895,62.27,-64.7,171.6,126.97,120.57,127.28,132.22,0.2329,0.1541,0.1399,0.4948,0.6708,0.7577,0.2881,off_spin_grip
RIGHT,BACK,127.0,120.2,125.21,0.325,0.4702,0.4389,0.2109,0.0458,62.47,-64.85,172.41,127.0,120.2,125.21,129.6,0.2327,0.171,0.1487,0.4174,0.588,0.6719,0.3249,off_spin_grip
RIGHT,BACK,126.63,118.37,121.76,0.2311,0.4106,0.3565,0.1968,0.0969,61.79,-64.34,174.02,126.63,118.37,121.76,130.2,0.1839,0.1414,0.1405,0.4468,0.5822,0.6434,0.2767,off_spin_grip
RIGHT,BACK,129.67,121.51,124.53,0.2383,0.3779,0.3812,0.1969,0.0618,60.52,-63.38,174.42,129.67,121.51,124.53,132.64,0.1936,0.1555,0.1525,0.5535,0.679,0.7277,0.289,off_spin_grip
RIGHT,BACK,130.88,122.16,125.65,0.2313,0.3599,0.3965,0.2109,0.0614,60.04,-63.03,174.77,130.88,122.16,125.65,135.32,0.192,0.1606,0.1662,0.5898,0.7083,0.7513,0.3037,off_spin_grip
RIGHT,BACK,129.83,120.14,122.16,0.2393,0.3144,0.388,0.1905,0.0339,61.83,-64.71,178.62,129.83,120.14,122.16,133.26,0.1981,0.1662,0.1512,0.6622,0.7548,0.7799,0.2892,off_spin_grip
RIGHT,BACK,126.73,118.3,119.68,0.2293,0.3314,0.3535,0.199,0.0676,62.8,-65.57,179.06,126.73,118.3,119.68,131.36,0.1655,0.1377,0.1379,0.6082,0.693,0.7138,0.2763,off_spin_grip
RIGHT,BACK,128.88,122.51,125.08,0.2355,0.3812,0.3569,0.1984,0.0803,63.14,-65.63,179.92,128.88,122.51,125.08,132.93,0.1815,0.1826,0.1684,0.5352,0.6485,0.6999,0.2776,off_spin_grip
RIGHT,BACK,131.93,123.78,126.76,0.2199,0.3688,0.358,0.1679,0.0468,62.76,-65.3,179.03,131.93,123.78,126.76,133.57,0.2002,0.1878,0.1677,0.5473,0.6715,0.7306,0.2629,off_spin_grip
RIGHT,BACK,133.68,125.04,128.65,0.1623,0.3701,0.402,0.2433,0.0693,62.87,-65.5,179.79,133.68,125.04,128.65,141.05,0.1592,0.174,0.1472,0.5277,0.6044,0.6319,0.3226,off_spin_grip
RIGHT,BACK,134.83,125.75,128.38,0.1701,0.353,0.3815,0.2306,0.0556,62.91,-65.51,179.93,134.83,125.75,128.38,141.22,0.1509,0.1759,0.1409,0.5426,0.6165,0.6434,0.3061,off_spin_grip
RIGHT,BACK,103.37,97.53,99.79,0.3038,0.302,0.2985,0.0901,0.2477,78.63,-79.5,177.51,103.37,97.53,99.79,99.67,0.3361,0.1798,0.1215,0.4136,0.5712,0.6664,0.1943,off_spin_grip
RIGHT,BACK,98.28,94.95,95.77,0.2906,0.3,0.2865,0.0761,0.248,78.87,-79.6,175.88,98.28,94.95,95.77,95.75,0.3213,0.1905,0.1179,0.384,0.5453,0.6445,0.1813,off_spin_grip
RIGHT,BACK,98.6,93.01,95.19,0.3124,0.2589,0.2682,0.1428,0.3171,78.73,-79.3,176.96,98.6,93.01,95.19,93.9,0.3241,0.2018,0.131,0.434,0.6014,0.7075,0.2055,off_spin_grip
RIGHT,BACK,88.37,85.18,88.95,0.3634,0.2415,0.2782,0.3277,0.4991,83.87,-83.02,174.28,88.37,85.18,88.95,81.32,0.5282,0.1723,0.1326,0.411,0.6004,0.7355,0.303,off_spin_grip
RIGHT,BACK,81.23,83.39,87.68,0.3607,0.3122,0.2958,0.2715,0.4417,85.42,-84.05,170.78,81.23,83.39,87.68,78.99,0.5325,0.1702,0.1285,0.311,0.499,0.6356,0.2836,off_spin_grip
RIGHT,BACK,78.18,82.86,87.18,0.3455,0.3308,0.2739,0.2601,0.4299,84.97,-83.66,170.08,78.18,82.86,87.18,79.03,0.5132,0.17,0.1306,0.2779,0.4676,0.6062,0.267,off_spin_grip
RIGHT,BACK,87.61,85.25,88.33,0.3514,0.2986,0.2908,0.2504,0.4143,83.62,-82.77,170.1,87.61,85.25,88.33,81.81,0.5074,0.1639,0.1294,0.3184,0.5066,0.6403,0.2706,off_spin_grip
RIGHT,BACK,77.76,87.23,93.24,0.3605,0.2575,0.2698,0.3479,0.5284,88.64,-86.93,173.57,77.76,87.23,93.24,86.63,0.5545,0.1805,0.1458,0.3674,0.5691,0.7142,0.3088,off_spin_grip
RIGHT,BACK,71.85,88.76,96.4,0.3705,0.3052,0.2779,0.3304,0.5084,89.99,-87.84,171.86,71.85,88.76,96.4,89.89,0.5742,0.1788,0.1465,0.2931,0.4968,0.6467,0.3041,off_spin_grip
RIGHT,BACK,71.29,87.56,95.96,0.3666,0.3159,0.2742,0.3127,0.4947,89.79,-87.65,171.52,71.29,87.56,95.96,89.42,0.5608,0.1827,0.1429,0.2768,0.479,0.6286,0.2934,off_spin_grip
RIGHT,BACK,89.26,96.81,96.37,0.2233,0.2978,0.1861,0.079,0.2781,76.8,-77.48,174.69,89.26,96.81,96.37,95.57,0.2617,0.1991,0.1521,0.3726,0.5369,0.6476,0.1325,off_spin_grip
RIGHT,BACK,78.62,92.33,91.48,0.2506,0.2919,0.1514,0.1708,0.3647,76.6,-76.8,174.95,78.62,92.33,91.48,85.35,0.3154,0.1944,0.1475,0.3599,0.5389,0.6668,0.1611,off_spin_grip
RIGHT,BACK,69.14,86.55,87.2,0.2503,0.2671,0.1143,0.1952,0.3884,76.72,-76.71,172.17,69.14,86.55,87.2,79.65,0.2931,0.1932,0.1456,0.3547,0.5387,0.6727,0.1547,off_spin_grip
RIGHT,BACK,71.19,78.75,78.51,0.2609,0.3024,0.19,0.1586,0.3872,74.13,-73.53,172.01,71.19,78.75,78.51,76.57,0.3099,0.2337,0.1662,0.3287,0.5371,0.6942,0.1743,off_spin_grip
RIGHT,BACK,64.99,73.02,72.21,0.2136,0.2435,0.1782,0.1586,0.3641,73.94,-73.62,164.82,64.99,73.02,72.21,73.53,0.2419,0.2343,0.1598,0.3497,0.5649,0.7209,0.1684,off_spin_grip
RIGHT,BACK,71.62,77.03,79.35,0.2943,0.254,0.1886,0.2546,0.4437,76.93,-76.74,175.55,71.62,77.03,79.35,75.34,0.3546,0.1937,0.1547,0.3891,0.5912,0.735,0.2216,off_spin_grip
RIGHT,BACK,71.9,82.92,85.61,0.3106,0.2883,0.1594,0.2779,0.4659,78.3,-78.03,176.88,71.9,82.92,85.61,79.0,0.3878,0.1883,0.1515,0.3622,0.5614,0.7066,0.2187,off_spin_grip
RIGHT,BACK,65.1,80.12,84.68,0.3541,0.2819,0.172,0.2995,0.4726,79.21,-78.87,177.14,65.1,80.12,84.68,77.42,0.3709,0.1752,0.1511,0.3697,0.565,0.7053,0.2357,off_spin_grip
RIGHT,BACK,65.06,83.25,85.93,0.345,0.2997,0.1674,0.2953,0.4678,79.75,-79.2,175.38,65.06,83.25,85.93,77.96,0.395,0.1728,0.1509,0.3381,0.5317,0.6728,0.2313,off_spin_grip
RIGHT,BACK,72.9,88.04,90.87,0.3298,0.2628,0.2301,0.3424,0.5167,82.49,-81.33,173.77,72.9,88.04,90.87,83.14,0.5062,0.1744,0.1501,0.3475,0.5466,0.6964,0.2863,off_spin_grip
RIGHT,BACK,72.05,92.13,95.03,0.3454,0.2828,0.2689,0.3368,0.5098,83.21,-81.83,172.96,72.05,92.13,95.03,85.8,0.5603,0.1735,0.1455,0.3067,0.508,0.6602,0.3028,off_spin_grip
RIGHT,BACK,70.15,91.1,93.79,0.3522,0.2903,0.2727,0.3295,0.5023,83.3,-81.82,172.25,70.15,91.1,93.79,84.49,0.5594,0.1736,0.1429,0.2928,0.4953,0.649,0.3011,off_spin_grip
RIGHT,BACK,74.24,88.7,92.19,0.3349,0.2533,0.2751,0.3075,0.4827,84.54,-83.23,172.89,74.24,88.7,92.19,83.22,0.5331,0.1754,0.1389,0.3372,0.534,0.6797,0.2913,off_spin_grip
RIGHT,BACK,72.78,84.78,88.45,0.3208,0.2685,0.2661,0.2681,0.4468,85.31,-84.07,170.75,72.78,84.78,88.45,78.71,0.5031,0.1787,0.1368,0.3116,0.5055,0.6498,0.2671,off_spin_grip
RIGHT,BACK,73.17,82.48,87.8,0.3334,0.299,0.2894,0.2499,0.4261,85.76,-84.32,170.76,73.17,82.48,87.8,77.58,0.514,0.1764,0.1325,0.2833,0.4751,0.6184,0.2696,off_spin_grip
RIGHT,BACK,72.67,89.41,93.43,0.3259,0.2775,0.2568,0.2598,0.426,86.91,-85.6,174.36,72.67,89.41,93.43,84.97,0.4889,0.167,0.1306,0.3138,0.5058,0.6448,0.2583,off_spin_grip
RIGHT,BACK,71.82,91.42,95.41,0.3274,0.2872,0.2441,0.2618,0.4229,87.63,-86.27,174.4,71.82,91.42,95.41,88.49,0.4868,0.1632,0.1282,0.2946,0.4855,0.6237,0.253,off_spin_grip
RIGHT,BACK,72.68,94.2,97.24,0.3304,0.2937,0.2499,0.2703,0.4296,87.75,-86.3,173.62,72.68,94.2,97.24,88.7,0.504,0.1619,0.1297,0.2845,0.4746,0.6131,0.2601,off_spin_grip
RIGHT,BACK,72.58,93.99,96.27,0.3308,0.2899,0.2514,0.2632,0.4265,87.67,-86.27,173.15,72.58,93.99,96.27,87.81,0.4971,0.1655,0.135,0.2876,0.4791,0.6186,0.2573,off_spin_grip
RIGHT,BACK,71.73,92.44,94.58,0.3287,0.2949,0.251,0.2607,0.4222,87.69,-86.32,172.3,71.73,92.44,94.58,86.57,0.4966,0.1647,0.135,0.281,0.473,0.6127,0.2558,off_spin_grip
RIGHT,BACK,70.6,90.27,93.17,0.3315,0.2873,0.2443,0.2627,0.428,87.95,-86.5,172.59,70.6,90.27,93.17,85.3,0.4869,0.1676,0.1291,0.2922,0.485,0.6251,0.2535,off_spin_grip
RIGHT,BACK,68.95,94.76,97.28,0.3537,0.2695,0.2301,0.307,0.4774,89.93,-88.53,173.9,68.95,94.76,97.28,90.64,0.4855,0.1723,0.1402,0.3441,0.5456,0.6859,0.2686,off_spin_grip
RIGHT,BACK,66.84,96.07,98.4,0.3568,0.2944,0.2273,0.2912,0.4597,89.61,-88.91,173.23,66.84,96.07,98.4,91.91,0.4834,0.1725,0.141,0.3118,0.5147,0.6558,0.2592,off_spin_grip
RIGHT,BACK,67.39,95.39,97.93,0.3581,0.3061,0.2299,0.2813,0.4542,89.55,-88.9,173.6,67.39,95.39,97.93,92.43,0.4825,0.1768,0.1423,0.2966,0.5012,0.6441,0.2556,off_spin_grip
RIGHT,BACK,66.41,94.6,98.2,0.3544,0.306,0.2254,0.2738,0.4493,89.54,-88.95,173.42,66.41,94.6,98.2,93.69,0.4716,0.1788,0.1416,0.2921,0.4965,0.6393,0.2496,off_spin_grip
RIGHT,BACK,66.37,95.17,98.03,0.3571,0.3087,0.2302,0.2716,0.4447,89.3,-89.22,173.86,66.37,95.17,98.03,93.39,0.474,0.1767,0.141,0.2886,0.493,0.6352,0.2509,off_spin_grip
RIGHT,BACK,67.65,96.77,99.54,0.3573,0.3003,0.2365,0.2787,0.4494,89.47,-89.16,173.69,67.65,96.77,99.54,93.82,0.483,0.174,0.1375,0.2944,0.4997,0.6403,0.2576,off_spin_grip
RIGHT,BACK,67.16,96.45,99.19,0.3568,0.3031,0.2328,0.2835,0.4525,89.36,-89.22,173.42,67.16,96.45,99.19,93.27,0.4873,0.1734,0.1371,0.2906,0.4967,0.6389,0.2581,off_spin_grip
RIGHT,BACK,67.31,96.88,99.08,0.3552,0.3017,0.2308,0.2916,0.4591,89.38,-89.12,172.77,67.31,96.88,99.08,93.3,0.4918,0.1716,0.1397,0.2938,0.4991,0.6417,0.2612,off_spin_grip
RIGHT,BACK,66.64,97.45,99.09,0.3527,0.2944,0.2171,0.3057,0.4692,89.29,-89.2,172.21,66.64,97.45,99.09,93.01,0.4925,0.1689,0.1401,0.2988,0.5043,0.6483,0.2614,off_spin_grip
RIGHT,BACK,64.84,98.41,99.37,0.3582,0.2896,0.2159,0.3139,0.4778,89.14,-89.28,171.48,64.84,98.41,99.37,93.31,0.4923,0.1692,0.1399,0.3027,0.5092,0.6538,0.2649,off_spin_grip
RIGHT,BACK,59.62,98.03,99.65,0.3598,0.3083,0.2046,0.3027,0.4676,89.11,-89.36,172.16,59.62,98.03,99.65,93.85,0.4763,0.171,0.1405,0.2846,0.4925,0.6372,0.2537,off_spin_grip
RIGHT,BACK,111.59,117.5,123.64,0.2509,0.3052,0.2909,0.1859,0.0882,89.14,-92.88,179.08,111.59,117.5,123.64,125.96,0.1059,0.1256,0.1117,0.3877,0.5012,0.5413,0.2384,off_spin_grip
RIGHT,BACK,111.55,117.25,122.98,0.2532,0.3049,0.289,0.1831,0.085,89.05,-92.98,179.29,111.55,117.25,122.98,125.34,0.1066,0.1257,0.1113,0.3876,0.5014,0.5418,0.236,off_spin_grip
RIGHT,BACK,110.87,116.45,121.34,0.2684,0.3089,0.3009,0.1968,0.0963,88.94,-93.05,179.51,110.87,116.45,121.34,123.24,0.1076,0.1362,0.1148,0.3837,0.4991,0.5414,0.2488,off_spin_grip
RIGHT,BACK,110.33,115.18,121.01,0.2743,0.2752,0.2878,0.1802,0.1013,88.45,-93.55,179.61,110.33,115.18,121.01,123.87,0.1139,0.131,0.106,0.412,0.528,0.5706,0.234,off_spin_grip
RIGHT,BACK,113.93,101.79,103.16,0.2654,0.2778,0.4077,0.3321,0.2618,89.91,-92.42,175.97,113.93,101.79,103.16,123.03,0.087,0.0712,0.0803,0.4026,0.4001,0.3486,0.3699,off_spin_grip
RIGHT,BACK,95.89,104.26,109.72,0.1804,0.2835,0.1034,0.0651,0.2147,84.58,-85.67,174.5,95.89,104.26,109.72,113.93,0.1255,0.1678,0.1295,0.3697,0.4962,0.5756,0.0843,off_spin_grip
RIGHT,BACK,95.22,105.15,108.88,0.1787,0.2797,0.1044,0.0541,0.234,83.86,-84.74,171.86,95.22,105.15,108.88,111.4,0.1407,0.1869,0.1401,0.3634,0.4971,0.588,0.0792,off_spin_grip
RIGHT,BACK,94.35,106.15,109.83,0.1837,0.2789,0.0983,0.0494,0.2375,83.55,-84.35,171.06,94.35,106.15,109.83,111.42,0.1365,0.1914,0.1469,0.3604,0.4997,0.5969,0.0738,off_spin_grip
RIGHT,BACK,92.59,105.35,108.5,0.1897,0.2812,0.0928,0.0525,0.2449,83.34,-84.09,170.23,92.59,105.35,108.5,108.66,0.1347,0.1946,0.15,0.3543,0.4965,0.5961,0.0727,off_spin_grip
RIGHT,BACK,93.15,105.21,108.57,0.1858,0.2875,0.1021,0.0493,0.2355,83.37,-84.14,171.5,93.15,105.21,108.57,109.13,0.1337,0.1914,0.1477,0.3515,0.4904,0.5862,0.0757,off_spin_grip
RIGHT,BACK,91.34,104.57,109.03,0.1926,0.2834,0.0908,0.0595,0.2398,83.35,-84.15,171.84,91.34,104.57,109.03,108.4,0.1302,0.1855,0.1459,0.3572,0.4947,0.5867,0.0752,off_spin_grip
RIGHT,BACK,93.31,105.05,109.35,0.187,0.28,0.0952,0.046,0.2381,83.37,-84.16,172.28,93.31,105.05,109.35,109.39,0.1353,0.1931,0.1507,0.3623,0.5022,0.5955,0.0706,off_spin_grip
RIGHT,BACK,54.58,68.92,68.99,0.3188,0.3551,0.1111,0.1443,0.3686,71.77,-70.75,170.88,54.58,68.92,68.99,69.86,0.2251,0.2322,0.1416,0.292,0.5163,0.6895,0.1277,off_spin_grip
RIGHT,BACK,54.58,67.97,67.78,0.3199,0.3378,0.1235,0.1674,0.3772,71.46,-70.6,171.21,54.58,67.97,67.78,70.77,0.22,0.2288,0.1365,0.3218,0.5461,0.7152,0.1454,off_spin_grip
RIGHT,BACK,51.89,64.81,64.85,0.322,0.3601,0.1113,0.1451,0.337,71.1,-70.61,170.53,51.89,64.81,64.85,68.96,0.1961,0.215,0.1335,0.3054,0.533,0.6995,0.1282,off_spin_grip
RIGHT,BACK,51.55,64.81,64.44,0.2913,0.3488,0.1172,0.1277,0.3223,70.86,-70.42,167.09,51.55,64.81,64.44,68.3,0.1897,0.2212,0.1376,0.2917,0.52,0.6866,0.1225,off_spin_grip
RIGHT,BACK,54.04,67.75,67.1,0.3135,0.3549,0.125,0.1295,0.3471,70.19,-69.69,169.16,54.04,67.75,67.1,70.0,0.2069,0.2361,0.1373,0.2985,0.5321,0.7051,0.1273,off_spin_grip
RIGHT,BACK,55.09,68.73,68.13,0.3138,0.3579,0.1448,0.1409,0.3638,70.26,-69.64,168.8,55.09,68.73,68.13,69.47,0.229,0.2408,0.138,0.3056,0.5358,0.7072,0.1428,off_spin_grip
RIGHT,BACK,55.79,69.12,68.55,0.3147,0.3714,0.1396,0.1262,0.3495,69.91,-69.39,169.49,55.79,69.12,68.55,70.99,0.2219,0.2413,0.1365,0.2991,0.5302,0.7024,0.1329,off_spin_grip
RIGHT,BACK,65.33,73.94,72.46,0.3066,0.3879,0.2551,0.0912,0.3013,69.53,-68.96,168.94,65.33,73.94,72.46,75.91,0.2519,0.2682,0.1483,0.2871,0.5137,0.6819,0.1732,off_spin_grip
RIGHT,BACK,57.06,65.63,65.71,0.3295,0.3403,0.1424,0.1611,0.3621,69.42,-68.88,172.16,57.06,65.63,65.71,71.2,0.2019,0.2508,0.1854,0.3401,0.5806,0.7609,0.1517,off_spin_grip
RIGHT,BACK,60.58,65.32,64.59,0.2157,0.2694,0.2202,0.16,0.3695,70.57,-70.0,160.96,60.58,65.32,64.59,67.74,0.2466,0.269,0.1753,0.3239,0.5607,0.7354,0.1901,off_spin_grip
RIGHT,BACK,61.16,63.91,63.73,0.2156,0.2761,0.2328,0.1409,0.3311,70.96,-70.39,159.53,61.16,63.91,63.73,68.49,0.2445,0.2545,0.1765,0.2952,0.5333,0.7096,0.1869,off_spin_grip
RIGHT,BACK,59.89,62.26,62.18,0.2468,0.2834,0.2298,0.1396,0.3612,71.12,-70.4,162.63,59.89,62.26,62.18,65.2,0.2696,0.2629,0.1743,0.293,0.5303,0.7076,0.1847,off_spin_grip
RIGHT,BACK,50.05,57.47,59.11,0.2498,0.2513,0.1399,0.2005,0.4216,71.12,-70.4,162.64,50.05,57.47,59.11,61.42,0.2495,0.2432,0.1732,0.3191,0.5591,0.7389,0.1702,off_spin_grip
RIGHT,BACK,50.77,56.86,58.91,0.2979,0.3104,0.1814,0.1979,0.3906,71.44,-70.75,168.1,50.77,56.86,58.91,62.57,0.2524,0.2258,0.1742,0.309,0.5449,0.7185,0.1897,off_spin_grip
RIGHT,BACK,52.73,57.54,58.88,0.3095,0.3175,0.2241,0.2111,0.4107,71.63,-70.71,169.63,52.73,57.54,58.88,61.09,0.2938,0.2263,0.1711,0.3234,0.5562,0.7285,0.2176,off_spin_grip
RIGHT,BACK,48.62,58.64,60.84,0.2709,0.3144,0.1815,0.1879,0.4207,71.8,-70.73,164.99,48.62,58.64,60.84,59.51,0.3148,0.2394,0.1641,0.2665,0.501,0.6808,0.1847,off_spin_grip
RIGHT,BACK,40.34,52.84,56.51,0.2761,0.2599,0.1283,0.2376,0.4552,72.06,-70.89,161.92,40.34,52.84,56.51,56.08,0.2609,0.2302,0.174,0.2948,0.5298,0.7124,0.1829,off_spin_grip
RIGHT,BACK,36.49,53.11,58.46,0.2373,0.3304,0.1387,0.1413,0.3718,72.59,-71.32,156.12,36.49,53.11,58.46,56.14,0.2621,0.2337,0.17,0.1777,0.4112,0.5957,0.14,off_spin_grip
RIGHT,BACK,35.39,53.33,58.75,0.1975,0.2804,0.0889,0.1658,0.4012,74.16,-72.46,152.61,35.39,53.33,58.75,55.0,0.2522,0.2356,0.1767,0.1657,0.3968,0.5861,0.1274,off_spin_grip
RIGHT,BACK,30.52,49.21,55.91,0.2464,0.3176,0.0812,0.1675,0.3966,74.52,-72.57,154.06,30.52,49.21,55.91,53.79,0.2428,0.2305,0.1772,0.1509,0.3757,0.5636,0.1244,off_spin_grip
RIGHT,BACK,29.61,49.08,57.41,0.2569,0.3145,0.0771,0.189,0.4154,74.8,-72.92,156.13,29.61,49.08,57.41,54.83,0.2519,0.2292,0.174,0.156,0.3813,0.5684,0.133,off_spin_grip
RIGHT,BACK,111.69,108.02,105.67,0.3055,0.2792,0.2423,0.1218,0.3359,72.86,-73.52,178.67,111.69,108.02,105.67,109.28,0.3083,0.2258,0.1416,0.4834,0.6727,0.8034,0.1821,off_spin_grip
RIGHT,BACK,103.17,102.65,100.17,0.3045,0.3184,0.2544,0.117,0.3423,74.38,-74.54,177.85,103.17,102.65,100.17,100.79,0.3482,0.2268,0.1427,0.4023,0.5969,0.7369,0.1857,off_spin_grip
RIGHT,BACK,96.32,101.29,99.39,0.3031,0.32,0.2618,0.1212,0.3406,75.62,-75.68,175.3,96.32,101.29,99.39,97.32,0.358,0.2209,0.1423,0.379,0.5749,0.7152,0.1915,off_spin_grip
RIGHT,BACK,83.88,88.6,87.71,0.2855,0.2277,0.2568,0.2798,0.4797,76.59,-76.65,174.65,83.88,88.6,87.71,79.84,0.3941,0.2118,0.1518,0.4881,0.6842,0.8168,0.2683,off_spin_grip
RIGHT,BACK,81.28,88.92,89.1,0.3025,0.2855,0.2256,0.2456,0.4538,77.43,-77.31,173.07,81.28,88.92,89.1,81.67,0.4256,0.2085,0.1504,0.3863,0.5885,0.7295,0.2356,off_spin_grip
RIGHT,BACK,64.11,64.64,66.74,0.2556,0.2996,0.2681,0.2016,0.418,75.91,-74.83,157.93,64.11,64.64,66.74,63.15,0.432,0.2173,0.1669,0.2368,0.4677,0.6438,0.2349,off_spin_grip
RIGHT,BACK,99.28,94.39,96.91,0.3101,0.318,0.3764,0.0959,0.1699,76.88,-77.78,174.99,99.28,94.39,96.91,97.94,0.3076,0.1795,0.1316,0.3976,0.5748,0.6742,0.2361,off_spin_grip
RIGHT,BACK,109.84,97.6,98.07,0.3838,0.3544,0.4104,0.1823,0.0531,78.69,-81.73,174.61,109.84,97.6,98.07,102.13,0.2497,0.1303,0.1324,0.4902,0.6019,0.629,0.2964,off_spin_grip
RIGHT,BACK,109.15,87.0,88.39,0.3709,0.332,0.3814,0.0303,0.1787,75.53,-77.92,174.47,109.15,87.0,88.39,92.43,0.3806,0.1643,0.1071,0.5018,0.6629,0.733,0.2059,off_spin_grip
RIGHT,BACK,106.9,83.7,85.44,0.3624,0.3279,0.3704,0.084,0.2518,75.06,-76.68,173.38,106.9,83.7,85.44,88.43,0.4091,0.1794,0.1063,0.4836,0.6616,0.7536,0.2272,off_spin_grip
RIGHT,BACK,100.66,74.13,76.05,0.3482,0.3131,0.3304,0.1652,0.3533,76.09,-76.66,171.53,100.66,74.13,76.05,78.1,0.4568,0.1901,0.1274,0.4365,0.634,0.7588,0.2478,off_spin_grip
RIGHT,BACK,93.25,54.24,58.63,0.3409,0.4316,0.386,0.1345,0.3353,78.01,-77.1,166.21,93.25,54.24,58.63,62.95,0.5205,0.2059,0.1723,0.2017,0.4175,0.5959,0.2603,off_spin_grip
RIGHT,BACK,86.51,40.13,45.74,0.3169,0.3751,0.3511,0.1664,0.3819,79.53,-77.73,158.35,86.51,40.13,45.74,53.19,0.508,0.2162,0.1957,0.1754,0.3908,0.5953,0.2587,off_spin_grip
RIGHT,BACK,22.94,21.01,30.62,0.2157,0.3149,0.1177,0.2143,0.4398,81.0,-78.16,148.89,22.94,21.01,30.62,42.93,0.3292,0.2257,0.2113,0.1357,0.3417,0.5733,0.166,off_spin_grip
RIGHT,BACK,18.59,19.15,29.48,0.2222,0.3241,0.1149,0.2037,0.4286,81.12,-78.19,148.3,18.59,19.15,29.48,42.75,0.3132,0.2263,0.2115,0.1073,0.3209,0.5548,0.1593,off_spin_grip
RIGHT,BACK,7.42,11.86,23.45,0.2378,0.3226,0.085,0.2028,0.4339,81.32,-77.98,146.32,7.42,11.86,23.45,39.7,0.2867,0.2317,0.2055,0.1233,0.2784,0.5183,0.1439,off_spin_grip
RIGHT,BACK,3.26,1.3,10.47,0.2435,0.2853,0.0465,0.2356,0.4475,81.95,-77.9,148.07,3.26,1.3,10.47,35.32,0.275,0.2179,0.1982,0.0838,0.2298,0.4718,0.1411,off_spin_grip
RIGHT,BACK,5.93,4.59,6.03,0.2466,0.2609,0.0492,0.2687,0.4769,82.26,-78.03,147.25,5.93,4.59,6.03,31.52,0.2744,0.2189,0.2058,0.0598,0.243,0.4868,0.1589,off_spin_grip
RIGHT,BACK,4.63,5.17,5.04,0.2182,0.2436,0.0845,0.2665,0.463,83.79,-79.45,146.52,4.63,5.17,5.04,32.99,0.2753,0.2085,0.2015,0.0174,0.2385,0.4684,0.1755,off_spin_grip
RIGHT,BACK,7.54,10.47,0.6,0.2024,0.2821,0.1018,0.1956,0.3769,84.94,-80.56,144.19,7.54,10.47,0.6,27.57,0.2673,0.1908,0.194,0.0819,0.1461,0.3647,0.1487,off_spin_grip
RIGHT,BACK,11.63,17.04,9.03,0.1893,0.2659,0.0906,0.1863,0.3589,85.2,-80.71,141.4,11.63,17.04,9.03,17.72,0.2546,0.1791,0.1866,0.1128,0.1138,0.3246,0.1385,off_spin_grip
RIGHT,BACK,12.19,16.01,7.97,0.192,0.2413,0.0495,0.1874,0.3624,85.1,-80.6,141.03,12.19,16.01,7.97,14.87,0.2363,0.1758,0.1898,0.1161,0.1015,0.321,0.1185,off_spin_grip
RIGHT,BACK,12.87,17.82,11.09,0.178,0.2242,0.0685,0.211,0.3843,85.11,-80.64,139.78,12.87,17.82,11.09,13.77,0.2538,0.1755,0.1862,0.0927,0.1286,0.3408,0.1398,off_spin_grip
RIGHT,BACK,37.46,54.54,58.96,0.0693,0.1485,0.0946,0.233,0.403,83.56,-78.64,139.4,37.46,54.54,58.96,51.28,0.3135,0.1704,0.1546,0.3105,0.1415,0.1685,0.1638,off_spin_grip
RIGHT,BACK,31.29,49.68,53.77,0.0682,0.2017,0.1368,0.3533,0.5169,83.48,-78.51,137.7,31.29,49.68,53.77,44.4,0.3083,0.1709,0.1599,0.3234,0.2136,0.3046,0.245,off_spin_grip
RIGHT,BACK,29.67,48.4,51.09,0.0624,0.211,0.1486,0.3377,0.4994,83.89,-78.89,137.25,29.67,48.4,51.09,39.96,0.3149,0.1715,0.1584,0.3421,0.2223,0.2977,0.2431,off_spin_grip
RIGHT,BACK,29.42,48.4,51.23,0.0727,0.1952,0.126,0.3904,0.5566,83.94,-78.92,137.74,29.42,48.4,51.23,41.11,0.325,0.1699,0.1582,0.3085,0.2298,0.3487,0.2582,off_spin_grip
RIGHT,BACK,16.57,20.87,17.56,0.1566,0.1033,0.0541,0.3665,0.5682,87.79,-82.64,142.59,16.57,20.87,17.56,4.29,0.3133,0.2035,0.1913,0.1951,0.2625,0.4825,0.2103,off_spin_grip
RIGHT,BACK,13.51,12.97,7.28,0.2171,0.1226,0.1304,0.4429,0.6696,89.96,-84.51,143.08,13.51,12.97,7.28,5.1,0.3264,0.2268,0.2194,0.3361,0.422,0.6406,0.2866,off_spin_grip
RIGHT,BACK,25.51,9.92,0.52,0.2787,0.1687,0.1183,0.4889,0.7258,86.98,-87.02,142.31,25.51,9.92,0.52,10.93,0.3722,0.2375,0.2427,0.4687,0.5655,0.7878,0.3036,off_spin_grip
RIGHT,BACK,54.45,1.62,12.61,0.3501,0.2886,0.1544,0.4464,0.725,86.36,-87.37,147.94,54.45,1.62,12.61,21.21,0.527,0.286,0.2864,0.6052,0.7155,0.9469,0.3004,off_spin_grip
RIGHT,BACK,167.62,30.33,39.93,0.406,0.3909,0.3468,0.3185,0.6136,86.67,-87.01,154.66,167.62,30.33,39.93,48.87,0.5813,0.332,0.3454,0.7092,0.8384,1.0861,0.3326,off_spin_grip
RIGHT,BACK,150.42,85.53,86.84,0.481,0.4849,0.4797,0.3149,0.4527,86.26,-87.48,157.37,150.42,85.53,86.84,94.27,0.5024,0.3594,0.4426,0.9277,1.0917,1.3478,0.3973,off_spin_grip
RIGHT,BACK,150.6,109.25,101.97,0.5457,0.5715,0.6274,0.4273,0.3638,86.17,-87.69,156.97,150.6,109.25,101.97,105.51,0.4854,0.3997,0.5333,1.0608,1.2279,1.4725,0.5273,off_spin_grip
RIGHT,BACK,152.7,124.06,103.16,0.5381,0.5216,0.6892,0.5333,0.368,84.17,-89.21,160.81,152.7,124.06,103.16,109.62,0.5317,0.455,0.5189,1.0339,1.2259,1.4692,0.6113,off_spin_grip
RIGHT,BACK,156.44,128.11,104.45,0.5774,0.5772,0.7417,0.5424,0.3649,83.87,-89.18,165.35,156.44,128.11,104.45,108.8,0.5868,0.5114,0.5506,1.1227,1.31,1.5476,0.6421,off_spin_grip
RIGHT,BACK,157.41,130.44,112.98,0.6223,0.6229,0.8013,0.6068,0.4038,84.72,-88.54,168.05,157.41,130.44,112.98,117.38,0.5994,0.4449,0.5688,1.1726,1.3755,1.6143,0.7041,off_spin_grip
RIGHT,BACK,161.19,134.52,116.57,0.6469,0.738,0.8444,0.6689,0.4422,85.03,-88.09,174.99,161.19,134.52,116.57,118.31,0.6544,0.4372,0.6127,1.2578,1.478,1.7159,0.7566,off_spin_grip
RIGHT,BACK,166.74,147.68,115.59,0.6788,0.8023,0.901,0.8241,0.5891,84.68,-87.81,178.0,166.74,147.68,115.59,116.0,0.8505,0.5099,0.565,1.3178,1.5617,1.8067,0.8625,off_spin_grip
RIGHT,BACK,172.33,166.33,125.7,0.8107,0.891,0.9684,1.106,0.8685,83.26,-88.2,176.05,172.33,166.33,125.7,122.2,1.2665,0.5317,0.5304,1.5444,1.8206,2.0822,1.0372,off_spin_grip
RIGHT,BACK,173.38,168.96,125.21,0.8893,0.9387,1.0,1.2496,0.9724,82.65,-88.41,173.41,173.38,168.96,125.21,119.27,1.4678,0.6177,0.5527,1.7265,2.0134,2.2823,1.1248,off_spin_grip
RIGHT,BACK,173.68,169.02,118.44,0.8947,0.9827,1.0263,1.2724,0.9737,82.8,-88.09,173.35,173.68,169.02,118.44,115.15,1.5313,0.7355,0.5237,1.7907,2.0698,2.3356,1.1493,off_spin_grip
RIGHT,BACK,143.21,123.36,100.57,0.8026,0.8549,0.8933,0.5981,0.3332,75.45,-75.41,169.51,143.21,123.36,100.57,107.55,0.5492,0.5019,0.422,1.25,1.4287,1.5922,0.7457,off_spin_grip
RIGHT,BACK,131.47,111.09,92.3,0.7166,0.673,0.7635,0.5262,0.267,69.37,-71.56,164.73,131.47,111.09,92.3,104.61,0.3328,0.4853,0.3391,1.0555,1.2401,1.3863,0.6448,off_spin_grip
RIGHT,BACK,127.04,105.26,87.26,0.7338,0.6847,0.7179,0.4437,0.2123,65.29,-68.52,165.23,127.04,105.26,87.26,99.8,0.3072,0.4527,0.2975,0.9781,1.1604,1.2882,0.5808,off_spin_grip
RIGHT,BACK,126.08,100.62,87.22,0.7606,0.7233,0.6768,0.3375,0.206,63.26,-67.08,165.86,126.08,100.62,87.22,101.17,0.3551,0.3709,0.2646,0.9593,1.1416,1.2547,0.5071,off_spin_grip
RIGHT,BACK,132.0,88.11,83.78,0.6255,0.6627,0.6089,0.1841,0.3259,76.73,-76.04,158.37,132.0,88.11,83.78,97.29,0.496,0.3768,0.275,0.8393,1.0028,1.1867,0.3965,off_spin_grip
RIGHT,BACK,3.45,12.5,21.56,0.3316,0.3654,0.076,0.4074,0.6899,88.78,-83.76,146.66,3.45,12.5,21.56,29.37,0.4821,0.2826,0.2601,0.6791,0.7901,1.0031,0.2417,off_spin_grip
RIGHT,BACK,99.1,32.93,37.14,0.4448,0.3916,0.5126,0.2934,0.5164,81.5,-78.82,159.63,99.1,32.93,37.14,47.23,0.5953,0.2655,0.2057,0.2908,0.5523,0.7898,0.403,off_spin_grip
RIGHT,BACK,113.51,50.49,52.55,0.4934,0.5463,0.4977,0.1223,0.3804,76.69,-75.62,163.34,113.51,50.49,52.55,64.17,0.6186,0.2597,0.1808,0.3457,0.5252,0.7208,0.31,off_spin_grip
RIGHT,BACK,69.99,76.1,75.8,0.2436,0.2921,0.1471,0.2868,0.5766,54.88,-53.47,155.15,69.99,76.1,75.8,74.17,0.4266,0.2914,0.2009,0.3267,0.6123,0.8483,0.217,off_spin_grip
RIGHT,BACK,65.84,75.42,77.91,0.2035,0.1227,0.1265,0.3899,0.673,55.24,-53.87,150.05,65.84,75.42,77.91,77.98,0.3879,0.284,0.1983,0.4767,0.7647,0.9978,0.2582,off_spin_grip
RIGHT,BACK,123.79,120.09,123.25,0.1939,0.2885,0.3778,0.2606,0.1219,68.15,-70.68,176.41,123.79,120.09,123.25,138.59,0.1179,0.1394,0.1066,0.5337,0.5943,0.6093,0.3192,off_spin_grip
RIGHT,BACK,59.96,69.0,73.74,0.1431,0.3002,0.2023,0.1489,0.3843,66.72,-66.06,149.46,59.96,69.0,73.74,73.06,0.3495,0.2403,0.1839,0.2029,0.455,0.6526,0.1756,off_spin_grip
RIGHT,BACK,51.45,61.51,68.64,0.1163,0.2504,0.1755,0.1943,0.4384,67.44,-66.23,145.2,51.45,61.51,68.64,67.95,0.3684,0.245,0.1912,0.1912,0.4581,0.6743,0.1849,off_spin_grip
RIGHT,BACK,44.38,53.0,60.25,0.1269,0.2077,0.1204,0.2512,0.4972,68.34,-66.53,144.66,44.38,53.0,60.25,60.4,0.3496,0.2461,0.2049,0.2286,0.4993,0.7277,0.1858,off_spin_grip
RIGHT,BACK,38.36,43.19,52.21,0.1385,0.2223,0.1367,0.2492,0.4923,70.66,-68.35,145.12,38.36,43.19,52.21,54.84,0.3503,0.2453,0.2209,0.1922,0.4606,0.6948,0.193,off_spin_grip
RIGHT,BACK,30.73,38.22,47.59,0.211,0.2587,0.092,0.2409,0.4763,72.38,-69.95,147.44,30.73,38.22,47.59,52.31,0.305,0.2379,0.2033,0.1691,0.428,0.6581,0.1665,off_spin_grip
RIGHT,BACK,26.2,35.41,44.11,0.2316,0.2611,0.0593,0.2491,0.4796,73.17,-70.52,147.49,26.2,35.41,44.11,49.07,0.2901,0.2311,0.2021,0.1672,0.4228,0.6546,0.1542,off_spin_grip
RIGHT,BACK,17.92,26.41,36.79,0.2914,0.3279,0.0896,0.2334,0.458,74.68,-71.73,153.2,17.92,26.41,36.79,45.25,0.2907,0.2272,0.2013,0.1091,0.3672,0.6032,0.1615,off_spin_grip
RIGHT,BACK,13.46,23.47,34.12,0.2941,0.3021,0.0375,0.2465,0.4729,75.27,-72.33,150.99,13.46,23.47,34.12,43.96,0.2624,0.2283,0.2106,0.1181,0.3678,0.608,0.142,off_spin_grip
RIGHT,BACK,11.61,21.2,32.47,0.2898,0.3297,0.0575,0.213,0.4377,75.67,-72.76,150.94,11.61,21.2,32.47,43.81,0.255,0.2301,0.2172,0.067,0.3233,0.5619,0.1352,off_spin_grip
RIGHT,BACK,12.24,21.1,32.75,0.2886,0.2982,0.0738,0.2523,0.4689,76.59,-73.74,152.23,12.24,21.1,32.75,44.78,0.2572,0.2294,0.2088,0.1037,0.3661,0.5975,0.1631,off_spin_grip
RIGHT,BACK,11.6,15.76,30.37,0.3101,0.3432,0.0753,0.2459,0.4607,78.12,-75.05,154.18,11.6,15.76,30.37,45.9,0.2896,0.2228,0.1976,0.0722,0.3275,0.5621,0.1606,off_spin_grip
RIGHT,BACK,13.25,11.0,26.14,0.3164,0.3828,0.1115,0.2409,0.4635,79.03,-75.73,155.26,13.25,11.0,26.14,45.16,0.3367,0.2275,0.1984,0.0635,0.2937,0.5335,0.1762,off_spin_grip
RIGHT,BACK,9.75,9.0,24.2,0.3364,0.3679,0.0519,0.2733,0.4956,79.55,-76.18,155.95,9.75,9.0,24.2,44.06,0.3195,0.2244,0.1974,0.0954,0.3113,0.5535,0.1626,off_spin_grip
RIGHT,BACK,82.15,78.03,83.88,0.3319,0.3866,0.3084,0.1261,0.3359,72.97,-72.15,169.08,82.15,78.03,83.88,91.74,0.3805,0.2219,0.1373,0.2853,0.5218,0.7034,0.2172,off_spin_grip
RIGHT,BACK,95.19,89.62,92.56,0.3384,0.372,0.3485,0.1232,0.3274,71.37,-71.02,169.55,95.19,89.62,92.56,98.04,0.388,0.2296,0.1312,0.3465,0.5753,0.7426,0.2358,off_spin_grip
RIGHT,BACK,98.86,91.38,94.03,0.3472,0.3838,0.368,0.1016,0.3023,71.5,-71.29,169.38,98.86,91.38,94.03,99.69,0.3946,0.2269,0.1316,0.339,0.5663,0.7308,0.2348,off_spin_grip
RIGHT,BACK,96.84,89.37,92.28,0.3491,0.3971,0.3751,0.0857,0.2817,71.87,-71.74,168.99,96.84,89.37,92.28,98.96,0.3913,0.2227,0.1311,0.3214,0.5473,0.71,0.2304,off_spin_grip
RIGHT,BACK,94.8,89.29,91.78,0.3518,0.4007,0.3754,0.0811,0.2759,72.19,-72.06,169.32,94.8,89.29,91.78,97.69,0.3778,0.2296,0.1339,0.318,0.5432,0.705,0.2282,off_spin_grip
RIGHT,BACK,92.74,87.71,90.65,0.3553,0.4012,0.3721,0.0836,0.286,72.34,-72.2,169.51,92.74,87.71,90.65,96.75,0.3798,0.2357,0.133,0.3167,0.5431,0.7069,0.2279,off_spin_grip
RIGHT,BACK,91.44,85.38,88.71,0.3555,0.3927,0.3589,0.0955,0.3073,72.39,-72.23,169.38,91.44,85.38,88.71,94.72,0.3942,0.2317,0.1305,0.3205,0.549,0.7152,0.2272,off_spin_grip
RIGHT,BACK,90.79,85.66,88.84,0.3514,0.4013,0.3599,0.0865,0.2985,72.46,-72.29,169.64,90.79,85.66,88.84,94.87,0.3896,0.2319,0.1318,0.3125,0.5416,0.7079,0.2232,off_spin_grip
RIGHT,BACK,89.4,84.78,87.32,0.3517,0.4104,0.3587,0.0858,0.3044,72.28,-72.06,170.34,89.4,84.78,87.32,92.24,0.392,0.2366,0.1352,0.3078,0.537,0.7039,0.2223,off_spin_grip
RIGHT,BACK,92.3,85.56,89.07,0.3524,0.4054,0.3664,0.0912,0.2994,72.36,-72.12,170.14,92.3,85.56,89.07,94.92,0.4036,0.2245,0.1311,0.3111,0.5383,0.7029,0.2288,off_spin_grip
RIGHT,BACK,18.99,15.14,29.93,0.3845,0.4456,0.0987,0.2552,0.4944,76.23,-73.25,159.73,18.99,15.14,29.93,44.94,0.3483,0.2426,0.2077,0.1421,0.3386,0.5777,0.1769,off_spin_grip
RIGHT,BACK,10.36,8.65,23.4,0.4093,0.4319,0.0404,0.2958,0.5318,76.76,-73.4,159.71,10.36,8.65,23.4,40.98,0.3309,0.2404,0.2096,0.1597,0.3512,0.5978,0.1681,off_spin_grip
RIGHT,BACK,7.73,8.09,22.38,0.4154,0.4169,0.0036,0.3131,0.5492,76.91,-73.45,159.25,7.73,8.09,22.38,41.17,0.3157,0.2398,0.2113,0.1742,0.3685,0.6176,0.1583,off_spin_grip
RIGHT,BACK,10.5,7.17,20.89,0.4027,0.4179,0.0373,0.3155,0.5552,77.18,-73.64,159.59,10.5,7.17,20.89,40.34,0.3439,0.2446,0.2155,0.1729,0.3665,0.6166,0.1764,off_spin_grip
RIGHT,BACK,0.4,4.2,9.49,0.4037,0.4537,0.0674,0.2918,0.5175,78.09,-73.97,155.62,0.4,4.2,9.49,33.17,0.3509,0.2387,0.2229,0.1513,0.2856,0.5437,0.1796,off_spin_grip
RIGHT,BACK,6.18,8.85,3.18,0.3987,0.4278,0.0434,0.3053,0.523,78.61,-74.02,152.54,6.18,8.85,3.18,25.52,0.3356,0.2303,0.2267,0.148,0.2682,0.5331,0.1744,off_spin_grip
RIGHT,BACK,6.95,9.82,0.92,0.385,0.4135,0.0338,0.3041,0.5267,79.17,-74.35,152.0,6.95,9.82,0.92,22.69,0.3334,0.2301,0.2294,0.1559,0.2594,0.5254,0.1689,off_spin_grip
RIGHT,BACK,8.41,10.71,0.25,0.3906,0.4335,0.0543,0.28,0.4971,79.18,-74.34,151.44,8.41,10.71,0.25,22.2,0.3217,0.2293,0.2285,0.1411,0.2256,0.4909,0.1671,off_spin_grip
RIGHT,BACK,8.53,11.73,1.79,0.3946,0.4212,0.0351,0.2975,0.5148,79.51,-74.64,151.96,8.53,11.73,1.79,19.75,0.324,0.2262,0.2258,0.1433,0.2375,0.5005,0.1663,off_spin_grip
RIGHT,BACK,8.17,12.13,2.2,0.393,0.419,0.0315,0.3052,0.5238,79.63,-74.71,152.61,8.17,12.13,2.2,19.32,0.3321,0.2249,0.2282,0.155,0.2447,0.507,0.1683,off_spin_grip
RIGHT,BACK,17.08,20.72,12.87,0.3927,0.4192,0.0495,0.3126,0.5328,81.77,-76.18,150.28,17.08,20.72,12.87,0.84,0.3443,0.2266,0.2439,0.1957,0.2049,0.4653,0.1811,off_spin_grip
RIGHT,BACK,17.24,21.18,14.42,0.3766,0.389,0.0465,0.3449,0.5749,82.42,-76.64,150.82,17.24,21.18,14.42,1.52,0.3658,0.2348,0.2419,0.2082,0.2366,0.4998,0.1957,off_spin_grip
RIGHT,BACK,16.61,20.66,13.89,0.372,0.4014,0.0546,0.3297,0.5612,82.35,-76.62,150.51,16.61,20.66,13.89,0.39,0.367,0.2363,0.2402,0.2098,0.2259,0.4891,0.1922,off_spin_grip
RIGHT,BACK,15.32,18.98,11.96,0.3693,0.4118,0.0693,0.3175,0.5518,82.11,-76.45,150.33,15.32,18.98,11.96,2.66,0.3665,0.2403,0.2382,0.1974,0.2192,0.4895,0.1934,off_spin_grip
RIGHT,BACK,14.17,17.58,10.56,0.362,0.4026,0.0593,0.3148,0.5525,81.97,-76.38,149.93,14.17,17.58,10.56,4.69,0.3598,0.2439,0.2358,0.1965,0.2288,0.4981,0.187,off_spin_grip
RIGHT,BACK,13.72,18.5,12.51,0.3648,0.4014,0.0543,0.3299,0.5711,82.08,-76.41,150.79,13.72,18.5,12.51,2.59,0.3725,0.246,0.2398,0.1977,0.2357,0.505,0.1921,off_spin_grip
RIGHT,BACK,13.92,20.02,13.55,0.3683,0.4041,0.0536,0.3369,0.5712,82.56,-76.79,151.01,13.92,20.02,13.55,0.67,0.3779,0.2388,0.2435,0.1966,0.2306,0.499,0.1952,off_spin_grip
RIGHT,BACK,14.67,21.84,15.26,0.375,0.4122,0.0454,0.336,0.5653,82.99,-77.09,150.53,14.67,21.84,15.26,4.21,0.3761,0.233,0.2429,0.2065,0.2203,0.483,0.1907,off_spin_grip
RIGHT,BACK,14.68,21.43,14.82,0.3772,0.4072,0.0321,0.3409,0.5698,82.81,-76.92,150.49,14.68,21.43,14.82,2.73,0.3724,0.2309,0.2393,0.2178,0.2323,0.4903,0.1865,off_spin_grip
RIGHT,BACK,16.01,19.82,13.0,0.3858,0.4022,0.0313,0.3377,0.5714,82.11,-76.35,150.98,16.01,19.82,13.0,2.05,0.3593,0.2369,0.2373,0.2098,0.2417,0.5035,0.1845,off_spin_grip
RIGHT,BACK,63.07,35.8,45.72,0.3428,0.3117,0.2368,0.3494,0.5926,73.13,-70.24,163.38,63.07,35.8,45.72,59.89,0.4782,0.248,0.1993,0.2879,0.5456,0.7895,0.2931,off_spin_grip
RIGHT,BACK,92.56,65.06,69.44,0.3491,0.384,0.3285,0.2039,0.4508,69.18,-67.75,165.63,92.56,65.06,69.44,78.15,0.4902,0.2486,0.1774,0.2952,0.5469,0.7624,0.2662,off_spin_grip
RIGHT,BACK,107.54,100.51,102.0,0.3044,0.4021,0.3692,0.0545,0.2351,65.34,-65.8,169.17,107.54,100.51,102.0,106.55,0.3425,0.2355,0.1563,0.3658,0.5916,0.7513,0.2119,off_spin_grip
RIGHT,BACK,108.84,101.55,103.12,0.3027,0.4001,0.3692,0.0524,0.2269,65.23,-65.8,169.37,108.84,101.55,103.12,107.77,0.3393,0.2325,0.1539,0.3703,0.5932,0.7491,0.2108,off_spin_grip
RIGHT,BACK,71.69,87.69,83.98,0.2446,0.3264,0.2101,0.0922,0.344,71.22,-71.32,162.12,71.69,87.69,83.98,82.61,0.2762,0.2581,0.158,0.3176,0.5382,0.6992,0.1512,off_spin_grip
RIGHT,BACK,67.81,90.89,86.17,0.221,0.3161,0.1559,0.0634,0.3219,72.93,-72.87,160.32,67.81,90.89,86.17,84.42,0.216,0.259,0.1672,0.2903,0.5077,0.6723,0.1096,off_spin_grip
RIGHT,BACK,64.12,88.44,83.69,0.2307,0.279,0.1299,0.1046,0.358,73.68,-73.45,159.7,64.12,88.44,83.69,81.47,0.2078,0.2605,0.1699,0.3215,0.5355,0.6974,0.1173,off_spin_grip
RIGHT,BACK,58.64,83.23,79.53,0.2484,0.2988,0.1059,0.1447,0.385,74.96,-74.38,159.17,58.64,83.23,79.53,74.18,0.2418,0.2406,0.1685,0.2897,0.499,0.6605,0.1253,off_spin_grip
RIGHT,BACK,33.41,43.95,46.09,0.1784,0.1581,0.0245,0.3167,0.5249,74.71,-69.68,139.77,33.41,43.95,46.09,37.72,0.2972,0.2089,0.1782,0.1994,0.1092,0.3424,0.1706,off_spin_grip
RIGHT,BACK,31.81,43.75,45.09,0.1708,0.1869,0.0538,0.3067,0.5116,74.99,-69.39,139.73,31.81,43.75,45.09,32.12,0.3142,0.2098,0.179,0.1959,0.0873,0.3302,0.1803,off_spin_grip
RIGHT,BACK,18.81,27.09,21.05,0.3089,0.2108,0.1387,0.5238,0.7471,80.96,-74.93,148.64,18.81,27.09,21.05,11.82,0.391,0.2233,0.2165,0.3272,0.4102,0.6415,0.3313,off_spin_grip
RIGHT,BACK,17.55,25.13,17.72,0.3165,0.2554,0.0926,0.4836,0.7173,81.86,-75.77,147.72,17.55,25.13,17.72,9.18,0.3998,0.2343,0.2271,0.3225,0.399,0.6322,0.2881,off_spin_grip
RIGHT,BACK,17.69,25.18,18.74,0.317,0.2287,0.1368,0.5335,0.772,82.77,-76.68,145.32,17.69,25.18,18.74,12.82,0.409,0.2387,0.2351,0.3609,0.4461,0.6786,0.3351,off_spin_grip
RIGHT,BACK,19.36,26.94,21.03,0.3338,0.2258,0.1507,0.5413,0.7807,83.74,-77.57,146.33,19.36,26.94,21.03,15.5,0.3997,0.2405,0.2351,0.3531,0.4377,0.6708,0.346,off_spin_grip
RIGHT,BACK,21.02,28.8,22.89,0.3509,0.2653,0.1331,0.5182,0.7494,84.45,-78.25,147.34,21.02,28.8,22.89,17.49,0.3983,0.2317,0.227,0.3537,0.41,0.6304,0.3257,off_spin_grip
RIGHT,BACK,21.97,29.49,23.62,0.3561,0.2676,0.1374,0.5273,0.7575,84.6,-78.39,148.2,21.97,29.49,23.62,18.51,0.4009,0.2307,0.2269,0.3634,0.42,0.6373,0.3323,off_spin_grip
RIGHT,BACK,6.07,8.81,0.38,0.3729,0.3772,0.0198,0.3392,0.5816,78.57,-73.58,146.04,6.07,8.81,0.38,18.44,0.345,0.2505,0.2365,0.1802,0.3117,0.5798,0.1795,off_spin_grip
RIGHT,BACK,5.03,6.81,2.97,0.3762,0.4204,0.0717,0.2958,0.5326,78.05,-73.22,145.87,5.03,6.81,2.97,22.18,0.3383,0.2513,0.2362,0.139,0.27,0.5432,0.1837,off_spin_grip
RIGHT,BACK,2.44,2.1,8.86,0.3838,0.3652,0.0189,0.3515,0.6024,77.04,-72.54,146.11,2.44,2.1,8.86,30.44,0.3326,0.255,0.2351,0.2059,0.3666,0.6335,0.1852,off_spin_grip
RIGHT,BACK,0.13,0.84,10.64,0.3695,0.3924,0.0326,0.318,0.5686,76.81,-72.36,145.53,0.13,0.84,10.64,32.28,0.3454,0.2551,0.2359,0.1856,0.3381,0.6063,0.1753,off_spin_grip
RIGHT,BACK,0.52,1.0,10.8,0.3791,0.399,0.027,0.3195,0.5708,76.72,-72.27,145.98,0.52,1.0,10.8,33.18,0.3434,0.2553,0.2337,0.1901,0.3383,0.6052,0.1732,off_spin_grip
RIGHT,BACK,0.48,0.89,10.82,0.3791,0.4335,0.076,0.2789,0.5256,76.69,-72.25,145.72,0.48,0.89,10.82,33.11,0.3404,0.2548,0.2329,0.149,0.2918,0.562,0.1774,off_spin_grip
RIGHT,BACK,7.89,6.95,18.45,0.3767,0.3678,0.0106,0.3551,0.6152,75.18,-71.26,150.09,7.89,6.95,18.45,38.75,0.3493,0.2624,0.2382,0.2355,0.4235,0.6837,0.1828,off_spin_grip
RIGHT,BACK,79.01,81.88,82.3,0.2665,0.3018,0.2462,0.1734,0.4105,61.98,-61.99,164.56,79.01,81.88,82.3,84.25,0.356,0.2444,0.1689,0.4006,0.6488,0.8278,0.2098,off_spin_grip
RIGHT,BACK,71.76,76.25,78.1,0.2564,0.2796,0.2146,0.2002,0.4172,64.39,-63.94,160.34,71.76,76.25,78.1,82.86,0.3556,0.2193,0.1727,0.3626,0.6122,0.8007,0.2074,off_spin_grip
RIGHT,BACK,75.8,74.87,76.21,0.2399,0.249,0.2313,0.2174,0.4324,64.81,-64.23,157.17,75.8,74.87,76.21,81.69,0.3748,0.218,0.1751,0.3687,0.6164,0.8045,0.2244,off_spin_grip
RIGHT,BACK,70.65,67.36,70.19,0.2297,0.236,0.2254,0.2484,0.4707,66.05,-65.25,152.84,70.65,67.36,70.19,74.99,0.3912,0.2266,0.184,0.3448,0.5999,0.7956,0.2369,off_spin_grip
RIGHT,BACK,70.86,65.57,66.9,0.204,0.2295,0.2291,0.238,0.467,66.99,-66.1,147.73,70.86,65.57,66.9,70.17,0.4092,0.2303,0.1908,0.3156,0.5728,0.7726,0.2335,off_spin_grip
RIGHT,BACK,71.72,67.83,68.16,0.2193,0.2456,0.237,0.2239,0.4561,67.53,-66.64,151.24,71.72,67.83,68.16,70.22,0.4072,0.2333,0.1903,0.3163,0.5725,0.7725,0.2305,off_spin_grip
RIGHT,BACK,61.12,62.09,63.98,0.2504,0.2458,0.2249,0.242,0.4646,68.93,-68.02,152.9,61.12,62.09,63.98,65.46,0.3731,0.2258,0.1845,0.3227,0.5765,0.7735,0.2334,off_spin_grip
RIGHT,BACK,58.61,63.57,67.2,0.2598,0.2571,0.2074,0.2463,0.4665,70.28,-69.45,154.7,58.61,63.57,67.2,68.02,0.3848,0.2213,0.1687,0.3082,0.5584,0.7537,0.2268,off_spin_grip
RIGHT,BACK,60.29,65.57,69.04,0.2718,0.2618,0.2094,0.2334,0.4532,70.66,-69.86,155.83,60.29,65.57,69.04,71.27,0.3803,0.2208,0.1585,0.3021,0.5501,0.7444,0.2214,off_spin_grip
RIGHT,BACK,61.12,65.61,69.28,0.2714,0.3369,0.2138,0.1757,0.3935,70.71,-69.85,155.5,61.12,65.61,69.28,71.35,0.3843,0.2195,0.161,0.2247,0.4685,0.6673,0.1947,off_spin_grip
RIGHT,BACK,10.64,14.34,4.18,0.3166,0.2744,0.0945,0.5259,0.7853,74.18,-68.79,139.58,10.64,14.34,4.18,6.61,0.4456,0.2599,0.2603,0.3682,0.4984,0.7703,0.3102,off_spin_grip
RIGHT,BACK,14.54,17.36,5.57,0.3373,0.2558,0.1056,0.5543,0.8111,75.13,-69.2,140.58,14.54,17.36,5.57,5.41,0.4528,0.2568,0.2564,0.3685,0.5174,0.8002,0.33,off_spin_grip
RIGHT,BACK,16.83,19.0,7.18,0.3457,0.2234,0.1289,0.582,0.8343,75.69,-69.61,140.31,16.83,19.0,7.18,2.9,0.4531,0.2531,0.25,0.3634,0.5301,0.814,0.3555,off_spin_grip
RIGHT,BACK,16.5,19.59,11.13,0.3279,0.1133,0.2151,0.6261,0.8711,76.71,-70.75,139.2,16.5,19.59,11.13,1.16,0.4127,0.2468,0.2292,0.3368,0.5361,0.8169,0.4206,off_spin_grip
RIGHT,BACK,13.98,16.13,7.35,0.2949,0.1647,0.1534,0.5155,0.7596,77.99,-72.25,137.2,13.98,16.13,7.35,8.25,0.3666,0.2442,0.2306,0.3112,0.4585,0.7237,0.3344,off_spin_grip
RIGHT,BACK,12.08,16.92,28.51,0.2154,0.3867,0.1796,0.1301,0.3586,72.14,-68.82,132.06,12.08,16.92,28.51,39.33,0.3086,0.2297,0.2003,0.1337,0.2372,0.4834,0.1549,off_spin_grip
RIGHT,BACK,8.13,16.5,29.85,0.2535,0.4199,0.199,0.1329,0.3428,71.08,-67.73,133.56,8.13,16.5,29.85,40.43,0.2825,0.2302,0.211,0.0614,0.2225,0.4666,0.1659,off_spin_grip
RIGHT,BACK,92.05,55.24,0.15,0.4566,0.2627,0.2718,0.2035,0.5714,88.98,-85.66,162.64,92.05,55.24,0.15,6.3,0.31,0.6757,0.2788,0.6343,0.5695,0.6969,0.2376,knuckle_ball
RIGHT,BACK,84.81,46.5,0.35,0.4183,0.256,0.2642,0.197,0.5514,89.33,-85.39,160.9,84.81,46.5,0.35,6.43,0.2997,0.6606,0.2809,0.6286,0.5465,0.6696,0.2306,knuckle_ball
RIGHT,BACK,78.04,39.21,0.48,0.4019,0.2118,0.2013,0.2904,0.5938,89.39,-85.46,160.34,78.04,39.21,0.48,5.8,0.3004,0.6374,0.2781,0.5369,0.5054,0.6777,0.2458,knuckle_ball
RIGHT,BACK,78.33,38.39,0.33,0.4062,0.228,0.1858,0.2977,0.6069,89.4,-85.55,157.45,78.33,38.39,0.33,6.14,0.3005,0.6401,0.2811,0.5376,0.5156,0.6919,0.2418,knuckle_ball
RIGHT,BACK,71.86,33.96,0.28,0.3926,0.217,0.1884,0.2906,0.5837,89.94,-85.06,153.2,71.86,33.96,0.28,6.66,0.3017,0.6306,0.2774,0.5194,0.4878,0.6632,0.2395,knuckle_ball
RIGHT,BACK,64.56,27.4,0.46,0.3641,0.2036,0.1676,0.2902,0.5936,89.28,-84.6,151.92,64.56,27.4,0.46,7.2,0.296,0.6163,0.2666,0.4942,0.4744,0.6583,0.2289,knuckle_ball
RIGHT,BACK,68.29,32.31,4.44,0.3912,0.2653,0.2307,0.1736,0.5516,89.37,-84.62,153.06,68.29,32.31,4.44,4.3,0.2942,0.6287,0.2633,0.5637,0.4688,0.5979,0.2022,knuckle_ball
RIGHT,BACK,91.4,62.31,9.56,0.4278,0.1801,0.3058,0.2233,0.5332,89.19,-85.57,161.26,91.4,62.31,9.56,1.03,0.2883,0.6942,0.2624,0.5696,0.4573,0.5604,0.2646,knuckle_ball
RIGHT,BACK,93.03,61.87,13.9,0.4173,0.1493,0.3245,0.1988,0.5311,88.69,-85.73,168.17,93.03,61.87,13.9,5.38,0.2789,0.6923,0.2603,0.5937,0.4665,0.5451,0.2617,knuckle_ball
RIGHT,BACK,92.72,68.62,21.64,0.4561,0.1956,0.3173,0.1928,0.5753,88.1,-85.98,170.59,92.72,68.62,21.64,11.62,0.2846,0.7243,0.2483,0.6097,0.4868,0.5552,0.255,knuckle_ball
RIGHT,BACK,93.85,77.66,24.64,0.4496,0.1652,0.3187,0.2034,0.6113,87.7,-86.1,173.63,93.85,77.66,24.64,13.72,0.2963,0.76,0.2413,0.6178,0.5131,0.5865,0.2611,knuckle_ball
RIGHT,BACK,96.7,87.69,28.2,0.4367,0.175,0.364,0.1578,0.6308,87.71,-85.96,176.82,96.7,87.69,28.2,17.67,0.2912,0.7857,0.2344,0.7039,0.598,0.6355,0.2609,knuckle_ball
RIGHT,BACK,99.04,98.42,31.69,0.4507,0.1406,0.3305,0.2101,0.6362,88.09,-85.55,177.94,99.04,98.42,31.69,21.47,0.2854,0.8093,0.2336,0.6229,0.5406,0.6043,0.2703,knuckle_ball
RIGHT,BACK,104.16,107.32,32.5,0.4616,0.1136,0.3543,0.24,0.6301,87.83,-85.66,177.97,104.16,107.32,32.5,22.95,0.2845,0.8294,0.2345,0.6057,0.5332,0.5979,0.2972,knuckle_ball
RIGHT,BACK,105.63,112.77,32.81,0.4754,0.1089,0.3764,0.2523,0.6339,87.63,-85.68,177.07,105.63,112.77,32.81,24.11,0.2849,0.8558,0.2369,0.6186,0.5495,0.609,0.3143,knuckle_ball
RIGHT,BACK,103.69,109.89,33.31,0.4611,0.0847,0.3778,0.2544,0.6354,87.68,-85.5,178.22,103.69,109.89,33.31,24.67,0.2865,0.8547,0.2348,0.6071,0.541,0.6018,0.3161,knuckle_ball
RIGHT,BACK,103.95,107.13,34.08,0.4627,0.0789,0.3839,0.2568,0.6397,87.71,-85.4,179.15,103.95,107.13,34.08,25.25,0.291,0.856,0.2328,0.5964,0.5309,0.5934,0.3203,knuckle_ball
RIGHT,BACK,74.17,61.55,11.75,0.352,0.1344,0.2472,0.3962,0.6317,89.24,-83.66,163.2,74.17,61.55,11.75,2.51,0.2965,0.696,0.2555,0.3884,0.4093,0.615,0.3217,knuckle_ball
RIGHT,BACK,101.59,112.45,26.34,0.4423,0.3177,0.3853,0.4607,0.4958,84.17,-80.23,159.63,101.59,112.45,26.34,32.42,0.3824,0.7195,0.2892,0.392,0.4587,0.6914,0.423,knuckle_ball
RIGHT,BACK,90.44,34.83,22.25,0.4065,0.2581,0.377,0.4507,0.511,83.99,-79.63,157.55,90.44,34.83,22.25,28.78,0.3726,0.7117,0.2954,0.3955,0.4591,0.6947,0.4139,knuckle_ball
RIGHT,BACK,106.16,90.2,4.85,0.4302,0.1709,0.3214,0.2702,0.6085,86.81,-81.2,165.38,106.16,90.2,4.85,5.0,0.3339,0.7517,0.2737,0.5986,0.5556,0.6987,0.2958,knuckle_ball
RIGHT,BACK,106.91,92.27,14.12,0.4433,0.1575,0.3202,0.2269,0.6171,87.89,-81.71,176.54,106.91,92.27,14.12,2.28,0.3237,0.7517,0.2566,0.6116,0.5488,0.6619,0.2735,knuckle_ball
RIGHT,BACK,112.33,102.04,27.58,0.468,0.1182,0.3985,0.1752,0.6672,89.18,-82.67,178.4,112.33,102.04,27.58,14.52,0.3301,0.8251,0.2315,0.6724,0.6094,0.6784,0.2868,knuckle_ball
RIGHT,BACK,99.76,91.1,37.72,0.4285,0.0426,0.3866,0.1342,0.6558,89.62,-83.79,165.7,99.76,91.1,37.72,20.13,0.3164,0.7791,0.2233,0.6308,0.5841,0.6504,0.2604,knuckle_ball
RIGHT,BACK,100.28,98.69,43.63,0.4249,0.094,0.4023,0.1744,0.6213,88.69,-84.93,165.44,100.28,98.69,43.63,23.92,0.2921,0.7855,0.205,0.588,0.5634,0.627,0.2883,knuckle_ball
RIGHT,BACK,104.41,107.35,50.67,0.4239,0.1216,0.4406,0.2459,0.5704,87.88,-86.29,166.95,104.41,107.35,50.67,34.73,0.2369,0.8157,0.1957,0.5567,0.5459,0.5885,0.3433,knuckle_ball
RIGHT,BACK,103.93,108.93,55.47,0.4244,0.1132,0.4502,0.266,0.5442,87.21,-87.29,167.13,103.93,108.93,55.47,41.93,0.2119,0.8098,0.194,0.542,0.5485,0.5861,0.3581,knuckle_ball
RIGHT,BACK,101.69,104.31,60.76,0.4239,0.1317,0.4661,0.2614,0.5221,85.05,-89.91,168.29,101.69,104.31,60.76,46.74,0.2284,0.7836,0.1824,0.4971,0.5242,0.5685,0.3637,knuckle_ball
RIGHT,BACK,99.77,100.95,64.51,0.4415,0.1391,0.4679,0.2589,0.5318,83.54,-91.99,172.15,99.77,100.95,64.51,50.73,0.2248,0.7903,0.175,0.4669,0.5131,0.5685,0.3634,knuckle_ball
RIGHT,BACK,99.52,101.65,67.54,0.4563,0.1348,0.4699,0.2855,0.5351,82.5,-93.41,173.96,99.52,101.65,67.54,54.15,0.1957,0.8192,0.1717,0.4479,0.507,0.5682,0.3777,knuckle_ball
RIGHT,BACK,98.84,99.8,70.96,0.4467,0.1087,0.4761,0.2743,0.5391,81.59,-94.55,176.32,98.84,99.8,70.96,57.95,0.2082,0.8094,0.1585,0.4608,0.5266,0.5836,0.3752,knuckle_ball
RIGHT,BACK,99.46,101.86,72.2,0.4582,0.1126,0.4726,0.3048,0.5337,81.97,-94.31,179.36,99.46,101.86,72.2,60.52,0.1714,0.8332,0.1563,0.449,0.5172,0.5747,0.3887,knuckle_ball
RIGHT,BACK,99.64,101.19,74.16,0.4632,0.0846,0.4692,0.3133,0.5272,82.73,-93.79,172.91,99.64,101.19,74.16,63.07,0.1565,0.8255,0.1554,0.4559,0.5292,0.5869,0.3912,knuckle_ball
RIGHT,BACK,90.51,65.51,48.45,0.4061,0.0582,0.3888,0.1076,0.5887,88.95,-85.53,173.45,90.51,65.51,48.45,33.9,0.2881,0.692,0.1959,0.6054,0.5219,0.5419,0.2482,knuckle_ball
RIGHT,BACK,94.11,68.45,45.11,0.427,0.077,0.3954,0.1071,0.6084,89.28,-84.87,172.18,94.11,68.45,45.11,29.84,0.2991,0.7134,0.2059,0.6288,0.5377,0.5643,0.2512,knuckle_ball
RIGHT,BACK,96.4,92.65,47.44,0.3939,0.0667,0.4418,0.2781,0.5509,87.33,-86.57,177.52,96.4,92.65,47.44,34.35,0.209,0.8289,0.1795,0.579,0.5086,0.5155,0.3599,knuckle_ball
RIGHT,BACK,99.16,99.86,48.99,0.3951,0.0607,0.4284,0.279,0.5701,86.57,-87.34,177.66,99.16,99.86,48.99,35.86,0.1952,0.849,0.1768,0.5929,0.5457,0.5602,0.3537,knuckle_ball
RIGHT,BACK,99.98,99.58,49.87,0.4064,0.0801,0.4422,0.2948,0.5575,86.38,-87.65,177.12,99.98,99.58,49.87,37.75,0.1939,0.8523,0.1702,0.5717,0.53,0.5436,0.3685,knuckle_ball
RIGHT,BACK,100.55,100.76,49.08,0.4098,0.08,0.4332,0.2875,0.5726,85.86,-88.1,177.5,100.55,100.76,49.08,36.58,0.187,0.86,0.1675,0.5827,0.5481,0.5652,0.3604,knuckle_ball
RIGHT,BACK,100.31,102.36,48.41,0.4043,0.1102,0.4589,0.3201,0.5389,84.93,-88.98,176.93,100.31,102.36,48.41,35.87,0.1791,0.8581,0.1699,0.5863,0.5517,0.5586,0.3895,knuckle_ball
RIGHT,BACK,98.89,101.7,47.81,0.3963,0.1207,0.4624,0.326,0.5301,84.73,-89.26,175.51,98.89,101.7,47.81,36.35,0.1768,0.855,0.1707,0.5798,0.5426,0.5464,0.3942,knuckle_ball
RIGHT,BACK,99.91,102.6,46.83,0.396,0.108,0.4621,0.3244,0.5341,84.74,-89.26,176.39,99.91,102.6,46.83,35.77,0.1715,0.8556,0.1735,0.5883,0.5529,0.5571,0.3933,knuckle_ball
RIGHT,BACK,99.35,100.7,47.07,0.3902,0.1146,0.4643,0.321,0.5284,84.62,-89.43,175.65,99.35,100.7,47.07,36.12,0.1748,0.846,0.1759,0.5872,0.5516,0.5543,0.3927,knuckle_ball
RIGHT,BACK,99.0,99.49,46.46,0.3901,0.0984,0.4433,0.2983,0.5454,84.71,-89.3,175.49,99.0,99.49,46.46,35.34,0.1753,0.8414,0.1758,0.5869,0.5536,0.5625,0.3708,knuckle_ball
RIGHT,BACK,100.02,100.76,46.37,0.3896,0.1097,0.4588,0.3155,0.5329,84.65,-89.36,175.23,100.02,100.76,46.37,35.7,0.1737,0.8457,0.1776,0.5882,0.5516,0.556,0.3872,knuckle_ball
RIGHT,BACK,100.32,100.25,46.3,0.3854,0.0925,0.4495,0.3087,0.5423,84.85,-89.23,175.42,100.32,100.25,46.3,35.17,0.1653,0.8463,0.1755,0.5937,0.5567,0.5635,0.3791,knuckle_ball
RIGHT,BACK,101.32,102.69,46.07,0.3857,0.1183,0.4765,0.3421,0.5102,84.81,-89.35,176.05,101.32,102.69,46.07,34.73,0.1595,0.8468,0.1752,0.5846,0.5431,0.5429,0.4093,knuckle_ball
RIGHT,BACK,101.93,103.54,46.64,0.3846,0.1115,0.4676,0.334,0.5152,84.9,-89.27,176.02,101.93,103.54,46.64,35.3,0.1579,0.8434,0.1736,0.587,0.5472,0.5481,0.4008,knuckle_ball
RIGHT,BACK,101.0,101.99,46.59,0.3844,0.1087,0.4672,0.3357,0.5162,84.91,-89.17,175.87,101.0,101.99,46.59,35.4,0.1546,0.8461,0.1744,0.5905,0.5495,0.5484,0.4014,knuckle_ball
RIGHT,BACK,100.07,99.37,46.78,0.3929,0.087,0.4515,0.3073,0.542,84.62,-89.39,175.78,100.07,99.37,46.78,35.66,0.1665,0.844,0.1754,0.5979,0.5638,0.5689,0.3794,knuckle_ball
RIGHT,BACK,99.54,98.65,46.58,0.3853,0.0733,0.4251,0.2809,0.5673,84.3,-89.69,175.47,99.54,98.65,46.58,36.02,0.1645,0.8431,0.1757,0.6026,0.5751,0.5868,0.353,knuckle_ball
RIGHT,BACK,102.23,98.98,47.37,0.4089,0.0742,0.4652,0.2785,0.566,84.65,-89.0,179.32,102.23,98.98,47.37,32.62,0.2251,0.8428,0.1728,0.6415,0.5898,0.5937,0.3719,knuckle_ball
RIGHT,BACK,103.45,100.47,45.94,0.4186,0.0739,0.4727,0.2799,0.5684,84.64,-88.85,179.55,103.45,100.47,45.94,29.83,0.2392,0.8477,0.1749,0.6504,0.5932,0.5989,0.3763,knuckle_ball
RIGHT,BACK,103.89,101.72,45.44,0.4227,0.065,0.4653,0.2711,0.5812,84.51,-88.9,179.76,103.89,101.72,45.44,28.36,0.2423,0.852,0.1781,0.6567,0.602,0.6145,0.3682,knuckle_ball
RIGHT,BACK,103.85,102.4,44.16,0.4325,0.0775,0.4756,0.2851,0.5741,84.33,-89.01,179.59,103.85,102.4,44.16,26.41,0.2431,0.8591,0.1815,0.6535,0.5985,0.6132,0.3803,knuckle_ball
RIGHT,BACK,103.64,104.76,43.51,0.4377,0.073,0.4681,0.2853,0.5776,84.27,-89.1,179.26,103.64,104.76,43.51,24.84,0.2352,0.8628,0.182,0.6622,0.6105,0.6297,0.3767,knuckle_ball
RIGHT,BACK,103.6,105.1,43.79,0.4362,0.0743,0.4724,0.2832,0.5766,84.31,-89.03,179.77,103.6,105.1,43.79,24.87,0.2355,0.8589,0.1818,0.6765,0.6263,0.6435,0.3778,knuckle_ball
RIGHT,BACK,104.35,105.05,43.8,0.4292,0.0642,0.4673,0.2683,0.587,84.26,-89.04,179.58,104.35,105.05,43.8,25.43,0.2427,0.8535,0.1786,0.6852,0.6367,0.652,0.3678,knuckle_ball
RIGHT,BACK,101.74,101.67,44.69,0.4327,0.0301,0.4536,0.2532,0.5953,84.84,-88.58,179.7,101.74,101.67,44.69,27.88,0.2419,0.8454,0.1819,0.6948,0.6389,0.6506,0.3534,knuckle_ball
RIGHT,BACK,90.58,63.5,34.21,0.374,0.1934,0.4112,0.1598,0.5468,87.07,-81.25,178.83,90.58,63.5,34.21,22.14,0.2635,0.6898,0.2266,0.6965,0.5526,0.5475,0.2855,knuckle_ball
RIGHT,BACK,88.42,62.95,33.37,0.3549,0.1677,0.3643,0.1418,0.552,85.62,-79.69,178.04,88.42,62.95,33.37,19.39,0.2527,0.6918,0.2258,0.6493,0.5057,0.5201,0.253,knuckle_ball
RIGHT,BACK,88.4,61.33,33.24,0.3563,0.1277,0.336,0.1417,0.5489,85.17,-79.22,176.87,88.4,61.33,33.24,18.63,0.2502,0.6881,0.2258,0.5964,0.4579,0.492,0.2389,knuckle_ball
RIGHT,BACK,89.63,63.41,33.23,0.3626,0.1384,0.3424,0.1458,0.5503,85.17,-79.15,176.54,89.63,63.41,33.23,18.38,0.2529,0.6946,0.2268,0.6015,0.4633,0.495,0.2441,knuckle_ball
RIGHT,BACK,89.52,64.55,32.47,0.3589,0.0992,0.3242,0.1654,0.552,84.92,-78.87,176.33,89.52,64.55,32.47,18.13,0.2541,0.701,0.2294,0.5589,0.4305,0.4834,0.2448,knuckle_ball
RIGHT,BACK,92.88,68.81,32.15,0.3648,0.0671,0.3224,0.1935,0.5537,85.27,-79.18,176.32,92.88,68.81,32.15,17.93,0.2576,0.7101,0.2287,0.5271,0.4094,0.4792,0.258,knuckle_ball
RIGHT,BACK,94.19,75.28,32.09,0.3716,0.0507,0.3393,0.2241,0.5429,86.43,-80.26,176.33,94.19,75.28,32.09,17.6,0.2657,0.7228,0.2284,0.5188,0.4067,0.4782,0.2817,knuckle_ball
RIGHT,BACK,97.03,79.23,30.23,0.38,0.0858,0.303,0.1985,0.6002,87.54,-81.27,176.03,97.03,79.23,30.23,16.04,0.2764,0.7362,0.2308,0.5473,0.4594,0.5495,0.2508,knuckle_ball
RIGHT,BACK,96.08,80.44,29.54,0.3794,0.0444,0.3465,0.2389,0.5557,87.59,-81.27,175.93,96.08,80.44,29.54,15.5,0.2756,0.7423,0.2329,0.5355,0.4311,0.5108,0.2927,knuckle_ball
RIGHT,BACK,94.4,82.12,28.77,0.3687,0.0832,0.2895,0.2175,0.6012,87.32,-81.07,176.01,94.4,82.12,28.77,14.36,0.2668,0.7436,0.2306,0.5402,0.4551,0.5523,0.2535,knuckle_ball
RIGHT,BACK,91.89,80.85,28.61,0.3565,0.086,0.2729,0.2108,0.602,86.93,-80.88,177.34,91.89,80.85,28.61,13.87,0.2618,0.7342,0.2279,0.5354,0.4518,0.5517,0.2418,knuckle_ball
RIGHT,BACK,90.8,84.44,28.19,0.345,0.0748,0.2704,0.2237,0.5932,86.7,-80.77,179.3,90.8,84.44,28.19,14.03,0.2527,0.7394,0.2271,0.5266,0.4423,0.5414,0.247,knuckle_ball
RIGHT,BACK,88.55,83.05,28.08,0.3341,0.0533,0.2813,0.221,0.5722,86.36,-80.52,179.26,88.55,83.05,28.08,15.19,0.2501,0.7306,0.2272,0.5282,0.4345,0.5245,0.2511,knuckle_ball
RIGHT,BACK,88.21,80.74,26.44,0.3399,0.0644,0.2762,0.2337,0.5857,86.1,-80.2,178.74,88.21,80.74,26.44,13.58,0.2568,0.7299,0.2274,0.5121,0.4267,0.5335,0.255,knuckle_ball
RIGHT,BACK,91.53,82.65,23.32,0.3611,0.0511,0.3119,0.2686,0.5687,86.65,-80.74,178.58,91.53,82.65,23.32,10.26,0.277,0.7422,0.2286,0.5003,0.4127,0.5267,0.2903,knuckle_ball
RIGHT,BACK,101.21,99.58,67.62,0.4309,0.1331,0.4709,0.2483,0.5463,83.47,-92.41,165.52,101.21,99.58,67.62,51.95,0.2318,0.7903,0.1614,0.4958,0.543,0.5916,0.3596,knuckle_ball
RIGHT,BACK,103.9,102.49,67.75,0.4418,0.1329,0.4737,0.2397,0.5421,83.65,-92.17,165.31,103.9,102.49,67.75,50.36,0.2462,0.779,0.1638,0.4983,0.5512,0.6044,0.3567,knuckle_ball
RIGHT,BACK,104.2,102.53,66.77,0.4404,0.1303,0.4686,0.2284,0.5478,83.67,-92.11,165.21,104.2,102.53,66.77,49.33,0.2527,0.7744,0.1661,0.4998,0.5544,0.6112,0.3485,knuckle_ball
RIGHT,BACK,105.87,104.69,65.29,0.4522,0.1194,0.4644,0.2182,0.5645,84.3,-91.38,166.06,105.87,104.69,65.29,49.0,0.2588,0.7806,0.1686,0.5182,0.5679,0.6238,0.3413,knuckle_ball
RIGHT,BACK,108.47,108.18,63.45,0.459,0.1302,0.4648,0.2299,0.5611,84.62,-91.04,165.61,108.47,108.18,63.45,47.6,0.2505,0.7901,0.176,0.5086,0.5579,0.6163,0.3474,knuckle_ball
RIGHT,BACK,97.63,81.96,75.68,0.8013,0.2868,0.5298,0.5793,0.4107,88.22,-88.66,147.29,97.63,81.96,75.68,92.57,0.1796,0.3711,0.2283,0.388,0.6177,0.7701,0.5546,knuckle_ball
RIGHT,BACK,101.48,82.43,73.26,0.7815,0.2745,0.5318,0.5735,0.3807,87.83,-88.24,145.97,101.48,82.43,73.26,91.96,0.1912,0.4239,0.2113,0.3501,0.5848,0.7406,0.5526,knuckle_ball
RIGHT,BACK,103.16,84.91,73.5,0.776,0.2679,0.5328,0.5787,0.3748,87.58,-87.9,145.33,103.16,84.91,73.5,91.14,0.1929,0.4459,0.2091,0.3372,0.5723,0.7289,0.5557,knuckle_ball
RIGHT,BACK,94.2,81.24,70.27,0.7772,0.283,0.4996,0.5741,0.4175,88.27,-88.46,143.27,94.2,81.24,70.27,88.4,0.191,0.4761,0.1961,0.3655,0.6022,0.7625,0.5369,knuckle_ball
RIGHT,BACK,81.35,69.99,69.91,0.6947,0.1056,0.5937,0.6725,0.4873,89.99,-90.07,144.58,81.35,69.99,69.91,85.3,0.1863,0.4523,0.2134,0.3791,0.6357,0.796,0.6331,knuckle_ball
RIGHT,BACK,90.61,77.87,77.52,0.6168,0.1536,0.4704,0.5626,0.3945,89.97,-90.15,149.39,90.61,77.87,77.52,91.88,0.1846,0.3978,0.199,0.3356,0.569,0.7282,0.5165,knuckle_ball
RIGHT,BACK,46.17,50.58,59.85,0.5074,0.2704,0.2693,0.2999,0.3874,89.6,-89.37,148.98,46.17,50.58,59.85,75.61,0.1903,0.466,0.1951,0.2715,0.4675,0.6451,0.2846,knuckle_ball
RIGHT,BACK,35.27,40.87,58.03,0.4108,0.195,0.3628,0.3204,0.3452,88.89,-88.35,154.59,35.27,40.87,58.03,74.9,0.202,0.47,0.1958,0.1391,0.3848,0.5691,0.3416,knuckle_ball
RIGHT,BACK,30.76,37.59,57.94,0.3891,0.1929,0.3676,0.3159,0.3558,88.39,-87.67,155.92,30.76,37.59,57.94,76.28,0.205,0.4786,0.1968,0.1185,0.3739,0.5588,0.3418,knuckle_ball
RIGHT,BACK,29.78,36.98,59.6,0.3836,0.1778,0.3442,0.2933,0.3892,87.59,-86.77,156.18,29.78,36.98,59.6,79.82,0.2118,0.4891,0.1973,0.1276,0.3832,0.5739,0.3187,knuckle_ball
RIGHT,BACK,28.11,36.34,59.6,0.3235,0.1504,0.3348,0.2961,0.3841,87.39,-86.62,157.36,28.11,36.34,59.6,80.49,0.211,0.4596,0.2049,0.1372,0.3932,0.5819,0.3155,knuckle_ball
RIGHT,BACK,22.81,35.18,58.87,0.3109,0.1839,0.3209,0.2853,0.3561,87.24,-86.53,158.15,22.81,35.18,58.87,79.69,0.1981,0.4461,0.2027,0.1063,0.3647,0.5509,0.3031,knuckle_ball
RIGHT,BACK,18.2,33.04,57.41,0.3053,0.1867,0.3111,0.3087,0.3565,87.28,-86.56,158.73,18.2,33.04,57.41,78.15,0.1873,0.4337,0.2014,0.1071,0.3718,0.5538,0.3099,knuckle_ball
RIGHT,BACK,12.05,29.4,56.56,0.2945,0.2069,0.2799,0.2976,0.3411,87.5,-86.76,158.01,12.05,29.4,56.56,77.67,0.1763,0.4241,0.1959,0.0802,0.3437,0.5225,0.2887,knuckle_ball
RIGHT,BACK,9.67,27.7,55.36,0.2922,0.1702,0.294,0.3364,0.3657,87.46,-86.7,156.99,9.67,27.7,55.36,75.98,0.1764,0.4113,0.1963,0.1132,0.3774,0.5528,0.3152,knuckle_ball
RIGHT,BACK,9.51,27.4,54.87,0.2922,0.1591,0.2806,0.3351,0.372,87.44,-86.63,156.29,9.51,27.4,54.87,74.14,0.1763,0.4074,0.1931,0.1153,0.3806,0.5589,0.3079,knuckle_ball
RIGHT,BACK,8.88,26.65,54.9,0.2707,0.1495,0.2699,0.3253,0.3677,87.39,-86.52,156.29,8.88,26.65,54.9,72.82,0.1775,0.4032,0.1933,0.1079,0.3717,0.5521,0.2976,knuckle_ball
RIGHT,BACK,8.91,26.48,53.37,0.2361,0.1761,0.2708,0.3425,0.3443,87.22,-86.35,157.07,8.91,26.48,53.37,70.25,0.1721,0.3905,0.1966,0.1079,0.3664,0.5396,0.3067,knuckle_ball
RIGHT,BACK,12.15,28.47,51.65,0.233,0.1814,0.2628,0.3344,0.3196,86.92,-86.18,157.34,12.15,28.47,51.65,66.67,0.1739,0.3555,0.2044,0.1034,0.3652,0.5399,0.2986,knuckle_ball
RIGHT,BACK,12.3,28.81,51.27,0.2315,0.1703,0.2619,0.3452,0.3199,86.93,-86.24,155.73,12.3,28.81,51.27,67.53,0.1732,0.3528,0.2064,0.1113,0.3758,0.5506,0.3036,knuckle_ball
RIGHT,BACK,11.59,28.77,52.05,0.3168,0.1703,0.2498,0.3382,0.3124,87.22,-86.5,151.38,11.59,28.77,52.05,69.39,0.1729,0.3597,0.201,0.1002,0.3675,0.547,0.294,knuckle_ball
RIGHT,BACK,12.9,30.09,52.42,0.3787,0.1979,0.2412,0.3319,0.3216,87.0,-86.15,151.05,12.9,30.09,52.42,69.38,0.1734,0.3517,0.2024,0.1171,0.3794,0.5644,0.2865,knuckle_ball
RIGHT,BACK,15.48,31.86,52.27,0.3328,0.039,0.3003,0.4305,0.4528,86.76,-85.81,153.51,15.48,31.86,52.27,67.61,0.1774,0.3486,0.2095,0.2497,0.5166,0.703,0.3654,knuckle_ball
RIGHT,BACK,15.35,32.09,52.75,0.2933,0.1807,0.2614,0.3392,0.3008,86.76,-85.77,155.91,15.35,32.09,52.75,68.54,0.177,0.3252,0.2108,0.1123,0.3735,0.5616,0.3003,knuckle_ball
RIGHT,BACK,13.58,31.26,52.05,0.31,0.2105,0.2449,0.3339,0.2815,86.88,-85.92,156.88,13.58,31.26,52.05,68.07,0.1772,0.3045,0.2119,0.1018,0.3572,0.5449,0.2894,knuckle_ball
RIGHT,BACK,14.76,33.31,53.71,0.4074,0.2424,0.2758,0.3533,0.2758,86.86,-85.99,155.9,14.76,33.31,53.71,70.51,0.1731,0.3091,0.2105,0.1037,0.3555,0.5406,0.3145,knuckle_ball
RIGHT,BACK,20.62,38.86,57.06,0.5505,0.3008,0.3347,0.3809,0.2696,86.71,-85.97,154.46,20.62,38.86,57.06,72.8,0.1681,0.3321,0.2094,0.1177,0.3597,0.541,0.3578,knuckle_ball
RIGHT,BACK,28.56,46.31,60.85,0.6473,0.3565,0.3625,0.3941,0.2673,86.23,-85.58,153.17,28.56,46.31,60.85,76.72,0.1646,0.3509,0.2096,0.1438,0.3745,0.5543,0.3783,knuckle_ball
RIGHT,BACK,28.35,45.88,60.86,0.6543,0.307,0.3688,0.4287,0.3514,85.97,-85.32,152.38,28.35,45.88,60.86,76.31,0.1624,0.3571,0.2059,0.2161,0.4587,0.6388,0.3987,knuckle_ball
RIGHT,BACK,26.14,42.27,59.06,0.6606,0.3206,0.3561,0.4152,0.3636,85.7,-84.98,150.59,26.14,42.27,59.06,73.27,0.1648,0.3474,0.2082,0.2199,0.4653,0.6463,0.3857,knuckle_ball
RIGHT,BACK,23.43,39.92,58.07,0.62,0.3585,0.3203,0.3574,0.2896,85.52,-84.82,151.83,23.43,39.92,58.07,72.64,0.1675,0.3354,0.2096,0.1529,0.3889,0.5706,0.3388,knuckle_ball
RIGHT,BACK,7.89,23.59,49.43,0.2714,0.148,0.1631,0.2936,0.3481,86.0,-84.84,158.23,7.89,23.59,49.43,68.76,0.1829,0.3237,0.2004,0.1356,0.3704,0.5575,0.2283,knuckle_ball
RIGHT,BACK,3.09,18.15,46.37,0.2787,0.1653,0.2101,0.3496,0.345,85.85,-84.64,160.14,3.09,18.15,46.37,68.5,0.1894,0.338,0.1964,0.0995,0.351,0.5279,0.2799,knuckle_ball
RIGHT,BACK,1.84,17.79,45.72,0.2235,0.1754,0.2529,0.3846,0.3777,85.25,-84.08,161.48,1.84,17.79,45.72,70.09,0.1823,0.3553,0.1906,0.1268,0.3792,0.5524,0.3188,knuckle_ball
RIGHT,BACK,3.62,21.61,47.24,0.2191,0.1793,0.2719,0.3759,0.3785,84.42,-83.34,160.52,3.62,21.61,47.24,68.81,0.1799,0.4114,0.1961,0.1041,0.3628,0.5427,0.3239,knuckle_ball
RIGHT,BACK,8.45,27.82,47.83,0.2122,0.2549,0.2703,0.2833,0.2962,83.57,-82.59,159.14,8.45,27.82,47.83,67.75,0.174,0.4387,0.2086,0.0385,0.2626,0.4547,0.2768,knuckle_ball
RIGHT,BACK,10.83,30.5,48.83,0.238,0.2255,0.2665,0.28,0.3281,83.14,-82.21,157.24,10.83,30.5,48.83,67.31,0.1715,0.4506,0.209,0.0578,0.2964,0.4919,0.2732,knuckle_ball
RIGHT,BACK,13.14,33.14,49.64,0.3,0.231,0.2853,0.2744,0.3284,82.41,-81.37,155.19,13.14,33.14,49.64,66.82,0.1662,0.4846,0.2093,0.0483,0.2786,0.4746,0.2798,knuckle_ball
RIGHT,BACK,18.07,35.37,51.51,0.3508,0.2187,0.3054,0.3006,0.3623,82.06,-80.85,154.81,18.07,35.37,51.51,68.32,0.1728,0.5051,0.2068,0.0707,0.3203,0.5156,0.303,knuckle_ball
RIGHT,BACK,32.12,43.5,55.19,0.2687,0.1494,0.2402,0.3438,0.4178,85.57,-84.76,161.52,32.12,43.5,55.19,65.07,0.1762,0.3182,0.2225,0.2816,0.5258,0.6928,0.292,knuckle_ball
RIGHT,BACK,31.02,41.7,54.6,0.3413,0.1606,0.2301,0.3549,0.4468,85.63,-85.06,160.02,31.02,41.7,54.6,63.96,0.18,0.3117,0.2143,0.3111,0.5534,0.7164,0.2925,knuckle_ball
RIGHT,BACK,30.47,41.74,54.42,0.3167,0.1186,0.2502,0.3862,0.4761,86.33,-85.61,159.14,30.47,41.74,54.42,63.42,0.1846,0.3413,0.2119,0.3279,0.5732,0.7393,0.3182,knuckle_ball
RIGHT,BACK,24.88,37.21,49.48,0.1977,0.0854,0.216,0.3689,0.484,88.31,-87.38,159.33,24.88,37.21,49.48,56.03,0.1792,0.2874,0.2069,0.3179,0.5642,0.7351,0.2924,knuckle_ball
RIGHT,BACK,20.56,34.35,48.84,0.1506,0.0911,0.1832,0.3457,0.4942,89.2,-88.17,159.89,20.56,34.35,48.84,54.84,0.171,0.2815,0.1939,0.3075,0.5496,0.7219,0.2644,knuckle_ball
RIGHT,BACK,19.21,33.81,49.25,0.1321,0.1283,0.191,0.3469,0.4832,89.45,-88.31,160.29,19.21,33.81,49.25,56.14,0.1666,0.2791,0.1868,0.2966,0.5385,0.7078,0.269,knuckle_ball
RIGHT,BACK,19.55,34.4,50.59,0.1149,0.1268,0.1673,0.3239,0.4614,89.51,-88.35,159.44,19.55,34.4,50.59,58.34,0.1675,0.2834,0.1895,0.2774,0.5218,0.6928,0.2456,knuckle_ball
RIGHT,BACK,23.33,35.08,53.71,0.22,0.1052,0.3198,0.3751,0.4898,89.54,-88.75,158.94,23.33,35.08,53.71,61.15,0.1895,0.3551,0.2011,0.2835,0.5295,0.7084,0.3475,knuckle_ball
RIGHT,BACK,15.33,29.33,51.13,0.3009,0.0492,0.2932,0.3937,0.5174,88.91,-89.1,164.13,15.33,29.33,51.13,59.26,0.177,0.3485,0.1895,0.2878,0.5318,0.7127,0.3435,knuckle_ball
RIGHT,BACK,13.24,28.34,51.74,0.411,0.1382,0.2746,0.3946,0.5045,88.35,-89.74,164.27,13.24,28.34,51.74,60.45,0.1639,0.3399,0.1742,0.283,0.5267,0.7044,0.3346,knuckle_ball
RIGHT,BACK,13.26,28.76,60.86,0.5683,0.3061,0.2663,0.3679,0.4886,87.3,-90.77,153.36,13.26,28.76,60.86,69.92,0.1602,0.3589,0.1611,0.264,0.5058,0.6829,0.3171,knuckle_ball
RIGHT,BACK,10.14,27.3,62.18,0.5258,0.2528,0.2748,0.386,0.4677,86.56,-91.48,144.89,10.14,27.3,62.18,72.14,0.157,0.3822,0.1596,0.2383,0.4815,0.6579,0.3304,knuckle_ball
RIGHT,BACK,8.31,25.22,60.67,0.4404,0.1784,0.2733,0.3772,0.4847,86.37,-91.67,143.84,8.31,25.22,60.67,70.45,0.1529,0.348,0.1609,0.2461,0.491,0.6679,0.3253,knuckle_ball
RIGHT,BACK,6.9,23.07,59.88,0.4117,0.1621,0.2635,0.3686,0.4987,86.33,-91.66,149.6,6.9,23.07,59.88,69.12,0.1631,0.3352,0.1678,0.2385,0.4858,0.6649,0.3161,knuckle_ball
RIGHT,BACK,4.77,19.39,57.55,0.4201,0.183,0.2434,0.3888,0.5097,86.04,-91.77,156.98,4.77,19.39,57.55,68.75,0.1738,0.3636,0.1736,0.2204,0.4715,0.6551,0.3161,knuckle_ball
RIGHT,BACK,12.4,27.29,50.75,0.2685,0.0761,0.2143,0.3449,0.4333,87.07,-91.29,158.5,12.4,27.29,50.75,58.58,0.1608,0.2957,0.1558,0.227,0.474,0.6478,0.2796,knuckle_ball
RIGHT,BACK,16.61,31.85,55.77,0.3438,0.156,0.1987,0.3402,0.435,87.56,-91.36,163.01,16.61,31.85,55.77,62.34,0.1607,0.2914,0.15,0.2627,0.5086,0.675,0.2694,knuckle_ball
RIGHT,BACK,19.63,34.59,55.42,0.4137,0.2006,0.2481,0.372,0.4306,87.28,-91.82,167.15,19.63,34.59,55.42,62.27,0.1587,0.2747,0.1621,0.2839,0.5254,0.6836,0.31,knuckle_ball
RIGHT,BACK,25.0,38.68,56.77,0.4788,0.2294,0.2847,0.3938,0.4437,87.26,-92.04,170.97,25.0,38.68,56.77,63.95,0.1598,0.2913,0.1643,0.3107,0.5496,0.704,0.3393,knuckle_ball
RIGHT,BACK,28.26,41.9,58.86,0.5201,0.2639,0.2864,0.4015,0.4402,87.46,-92.0,173.58,28.26,41.9,58.86,66.77,0.1639,0.3034,0.1654,0.3146,0.5546,0.7079,0.344,knuckle_ball
RIGHT,BACK,48.31,43.32,85.78,0.2156,0.1744,0.1962,0.0241,0.5383,80.8,-75.2,150.41,48.31,43.32,85.78,99.25,0.1724,0.5556,0.1373,0.504,0.3529,0.2395,0.1101,knuckle_ball
RIGHT,BACK,49.56,43.34,86.32,0.2412,0.1518,0.2237,0.0563,0.5081,80.68,-75.18,152.19,49.56,43.34,86.32,97.89,0.1852,0.5644,0.138,0.4888,0.3357,0.2113,0.14,knuckle_ball
RIGHT,BACK,93.48,81.94,78.8,0.349,0.0742,0.3308,0.2185,0.5044,79.54,-73.48,160.55,93.48,81.94,78.8,78.04,0.1556,0.72,0.1459,0.5369,0.4276,0.3406,0.2747,knuckle_ball
RIGHT,BACK,89.28,75.94,76.1,0.3565,0.0664,0.3373,0.2183,0.4911,78.89,-72.77,159.66,89.28,75.94,76.1,73.08,0.1714,0.7028,0.1468,0.5124,0.3967,0.3121,0.2778,knuckle_ball
RIGHT,BACK,80.05,62.97,70.05,0.3407,0.0809,0.3099,0.1651,0.4812,78.03,-71.92,159.41,80.05,62.97,70.05,62.26,0.1832,0.6438,0.1425,0.5047,0.3791,0.3025,0.2375,knuckle_ball
RIGHT,BACK,76.59,60.36,67.34,0.3304,0.0955,0.2876,0.1444,0.4898,77.77,-71.73,160.15,76.59,60.36,67.34,57.35,0.1831,0.6322,0.1415,0.5052,0.3742,0.3082,0.216,knuckle_ball
RIGHT,BACK,69.06,55.48,68.37,0.2846,0.0866,0.2716,0.1299,0.4802,77.72,-71.7,160.25,69.06,55.48,68.37,60.07,0.1748,0.6095,0.1456,0.5089,0.3737,0.2965,0.2008,knuckle_ball
RIGHT,BACK,71.21,55.49,67.23,0.2854,0.089,0.3215,0.1692,0.4228,77.92,-71.93,158.4,71.21,55.49,67.23,58.66,0.1732,0.5912,0.1456,0.5282,0.3919,0.2877,0.2453,knuckle_ball
RIGHT,BACK,77.03,63.08,73.75,0.3304,0.1458,0.3549,0.1871,0.4553,76.89,-70.87,158.14,77.03,63.08,73.75,68.25,0.183,0.6323,0.1469,0.5931,0.4575,0.3467,0.271,knuckle_ball
RIGHT,BACK,75.93,64.53,75.27,0.3464,0.0852,0.3479,0.2177,0.4458,75.88,-69.82,158.5,75.93,64.53,75.27,70.4,0.1862,0.6613,0.1467,0.5331,0.3906,0.2791,0.2828,knuckle_ball
RIGHT,BACK,66.2,57.42,72.45,0.3328,0.0785,0.3388,0.2028,0.4428,75.45,-69.39,159.1,66.2,57.42,72.45,66.12,0.193,0.6442,0.1539,0.5181,0.3673,0.2587,0.2708,knuckle_ball
RIGHT,BACK,58.5,47.64,71.88,0.2989,0.0886,0.2845,0.1222,0.461,75.36,-69.33,157.01,58.5,47.64,71.88,64.14,0.1931,0.5825,0.1437,0.5007,0.3499,0.2501,0.2034,knuckle_ball
RIGHT,BACK,58.06,46.05,72.06,0.2901,0.1004,0.2691,0.0972,0.4726,75.41,-69.41,156.62,58.06,46.05,72.06,63.61,0.1962,0.5692,0.1395,0.494,0.3427,0.2481,0.1832,knuckle_ball
RIGHT,BACK,71.74,55.37,71.89,0.3197,0.0937,0.2839,0.1449,0.4721,76.03,-70.08,157.6,71.74,55.37,71.89,63.81,0.1928,0.6097,0.1404,0.484,0.3354,0.2481,0.2144,knuckle_ball
RIGHT,BACK,128.7,138.0,12.59,0.66,0.1245,0.5962,0.4357,0.7406,75.18,-67.31,172.93,128.7,138.0,12.59,5.38,0.3451,1.0882,0.2487,0.6542,0.6454,0.8296,0.516,knuckle_ball
RIGHT,BACK,127.85,134.27,8.42,0.6499,0.1196,0.5907,0.4244,0.7465,74.66,-66.69,173.96,127.85,134.27,8.42,9.08,0.3475,1.077,0.2633,0.6575,0.659,0.8579,0.5076,knuckle_ball
RIGHT,BACK,125.98,129.91,11.27,0.6273,0.0896,0.5707,0.39,0.7167,74.68,-66.96,173.6,125.98,129.91,11.27,5.58,0.3435,1.0273,0.2605,0.6551,0.6357,0.8178,0.4804,knuckle_ball
RIGHT,BACK,81.14,41.53,33.64,0.4098,0.2243,0.1987,0.1028,0.5903,84.61,-78.28,169.16,81.14,41.53,33.64,11.96,0.1904,0.6419,0.1992,0.4872,0.3567,0.4421,0.1508,knuckle_ball
RIGHT,BACK,83.44,48.16,34.19,0.4101,0.1818,0.2303,0.1588,0.5679,84.74,-78.45,168.11,83.44,48.16,34.19,13.12,0.1864,0.6576,0.2008,0.4538,0.3274,0.4205,0.1946,knuckle_ball
RIGHT,BACK,76.34,41.67,35.47,0.3953,0.1969,0.2053,0.1222,0.5684,84.73,-78.51,166.1,76.34,41.67,35.47,13.9,0.1974,0.6203,0.1998,0.4524,0.3217,0.4131,0.1638,knuckle_ball
RIGHT,BACK,76.03,39.15,34.77,0.4008,0.1987,0.2154,0.11,0.5495,84.58,-78.39,165.21,76.03,39.15,34.77,12.92,0.1981,0.609,0.2,0.4562,0.315,0.3972,0.1627,knuckle_ball
RIGHT,BACK,74.52,38.6,35.61,0.3952,0.1914,0.2348,0.1261,0.5273,84.35,-78.01,166.79,74.52,38.6,35.61,13.8,0.181,0.633,0.1971,0.4696,0.3151,0.3769,0.1805,knuckle_ball
RIGHT,BACK,69.06,34.85,31.5,0.4053,0.2178,0.2144,0.1293,0.5434,83.82,-77.37,166.24,69.06,34.85,31.5,9.53,0.1916,0.6347,0.1988,0.4486,0.3058,0.3985,0.1719,knuckle_ball
RIGHT,BACK,34.96,0.71,7.03,0.2638,0.0853,0.3201,0.3075,0.3769,82.3,-77.38,160.46,34.96,0.71,7.03,21.0,0.213,0.5024,0.2267,0.2047,0.1906,0.4317,0.3138,knuckle_ball
RIGHT,BACK,13.82,31.83,37.63,0.1657,0.2309,0.3237,0.3372,0.3419,80.11,-76.76,159.07,13.82,31.83,37.63,45.48,0.2135,0.4217,0.2526,0.1832,0.3543,0.6037,0.3305,knuckle_ball
RIGHT,BACK,13.72,35.49,40.33,0.1228,0.2594,0.2688,0.3465,0.3399,79.86,-76.75,158.96,13.72,35.49,40.33,46.61,0.2146,0.421,0.2541,0.1792,0.3717,0.6197,0.3076,knuckle_ball
RIGHT,BACK,56.82,48.18,42.78,0.2542,0.2487,0.4019,0.3871,0.3652,79.47,-76.45,155.59,56.82,48.18,42.78,51.85,0.2227,0.5256,0.2415,0.194,0.3798,0.6278,0.3945,knuckle_ball
RIGHT,BACK,101.07,54.42,46.39,0.3057,0.2598,0.4765,0.4117,0.368,79.31,-76.45,155.05,101.07,54.42,46.39,57.15,0.249,0.54,0.2417,0.1895,0.3908,0.6392,0.4441,knuckle_ball
RIGHT,BACK,104.61,54.15,47.96,0.321,0.2409,0.4801,0.3947,0.3869,79.23,-76.54,155.03,104.61,54.15,47.96,59.37,0.2718,0.5225,0.2438,0.2142,0.4263,0.6729,0.4374,knuckle_ball
RIGHT,BACK,112.68,57.12,49.67,0.3564,0.2175,0.5529,0.5047,0.4854,79.31,-76.75,157.22,112.68,57.12,49.67,60.66,0.2858,0.5307,0.2481,0.2438,0.5203,0.7692,0.5288,knuckle_ball
RIGHT,BACK,116.73,60.26,50.08,0.3579,0.2403,0.5747,0.5165,0.4711,79.21,-76.65,156.53,116.73,60.26,50.08,59.82,0.2898,0.5314,0.2469,0.2302,0.5078,0.7563,0.5456,knuckle_ball
RIGHT,BACK,90.72,51.84,49.95,0.334,0.2557,0.4809,0.3508,0.345,78.66,-76.43,154.31,90.72,51.84,49.95,60.82,0.2904,0.4758,0.2497,0.2065,0.4158,0.6578,0.4158,knuckle_ball
RIGHT,BACK,81.84,53.55,53.4,0.3344,0.2506,0.4588,0.336,0.3453,77.91,-76.19,155.75,81.84,53.55,53.4,64.7,0.2809,0.4261,0.2512,0.2291,0.4643,0.6991,0.3974,knuckle_ball
RIGHT,BACK,91.56,66.43,63.55,0.4526,0.1681,0.5043,0.4783,0.4423,77.53,-76.2,160.36,91.56,66.43,63.55,76.8,0.2406,0.4204,0.259,0.3049,0.5824,0.8058,0.4913,knuckle_ball
RIGHT,BACK,94.53,68.02,65.62,0.4344,0.1753,0.5088,0.4769,0.4357,77.51,-76.28,160.37,94.53,68.02,65.62,77.75,0.2419,0.404,0.2607,0.303,0.5781,0.798,0.4928,knuckle_ball
RIGHT,BACK,93.86,70.69,68.47,0.4174,0.1882,0.5032,0.4822,0.4232,77.46,-76.23,159.83,93.86,70.69,68.47,79.92,0.2295,0.3952,0.2596,0.3009,0.5739,0.7922,0.4927,knuckle_ball
RIGHT,BACK,96.33,69.39,66.01,0.4126,0.2866,0.5023,0.4119,0.3059,77.35,-76.18,160.65,96.33,69.39,66.01,76.31,0.2362,0.3963,0.2624,0.2284,0.4709,0.6873,0.4571,knuckle_ball
RIGHT,BACK,91.41,68.18,63.41,0.3872,0.3001,0.4753,0.3972,0.3022,77.28,-76.14,160.93,91.41,68.18,63.41,74.2,0.2249,0.408,0.2549,0.2292,0.4632,0.678,0.4363,knuckle_ball
RIGHT,BACK,89.41,73.01,65.99,0.418,0.2277,0.4952,0.4803,0.4017,76.93,-75.88,161.12,89.41,73.01,65.99,77.71,0.199,0.428,0.2545,0.281,0.5505,0.7628,0.4877,knuckle_ball
RIGHT,BACK,84.51,74.72,67.47,0.471,0.2338,0.4604,0.473,0.4073,75.66,-74.82,162.74,84.51,74.72,67.47,81.63,0.1786,0.4416,0.2529,0.306,0.5679,0.774,0.4667,knuckle_ball
RIGHT,BACK,85.88,74.39,72.06,0.4808,0.2326,0.4568,0.4706,0.4071,75.06,-74.29,162.71,85.88,74.39,72.06,86.67,0.1762,0.4171,0.2567,0.3192,0.5778,0.7799,0.4637,knuckle_ball
RIGHT,BACK,82.82,71.53,73.17,0.4692,0.2156,0.4423,0.4718,0.4181,74.53,-73.95,162.67,82.82,71.53,73.17,88.72,0.1809,0.3932,0.2508,0.3354,0.5931,0.788,0.457,knuckle_ball
RIGHT,BACK,81.83,71.76,73.86,0.4579,0.2155,0.4302,0.4693,0.4173,74.24,-73.75,163.01,81.83,71.76,73.86,88.92,0.1829,0.394,0.2481,0.341,0.5962,0.7872,0.4498,knuckle_ball
RIGHT,BACK,76.3,71.26,77.51,0.3889,0.221,0.3855,0.4426,0.3925,73.3,-73.18,161.56,76.3,71.26,77.51,94.56,0.1773,0.3706,0.2345,0.3403,0.59,0.774,0.414,knuckle_ball
RIGHT,BACK,77.26,74.18,83.39,0.5296,0.2552,0.3971,0.4596,0.4048,72.53,-73.08,165.5,77.26,74.18,83.39,100.43,0.1702,0.3252,0.2141,0.3815,0.6328,0.8043,0.4283,knuckle_ball
RIGHT,BACK,74.64,75.48,85.59,0.5441,0.2805,0.3909,0.4575,0.4049,71.91,-73.09,165.25,74.64,75.48,85.59,102.72,0.1604,0.2863,0.1953,0.4223,0.6749,0.8355,0.4242,knuckle_ball
RIGHT,BACK,72.72,75.42,85.39,0.508,0.265,0.3818,0.4545,0.405,71.66,-73.03,165.2,72.72,75.42,85.39,102.03,0.1567,0.2836,0.1945,0.4391,0.6908,0.8471,0.4182,knuckle_ball
RIGHT,BACK,74.29,78.44,88.81,0.5024,0.2689,0.4008,0.4622,0.3973,71.77,-73.38,166.53,74.29,78.44,88.81,104.51,0.1398,0.2583,0.1931,0.4452,0.6936,0.8426,0.4315,knuckle_ball
RIGHT,BACK,72.62,77.21,87.01,0.5749,0.2921,0.3882,0.4635,0.4084,72.13,-74.04,170.6,72.62,77.21,87.01,102.08,0.1449,0.2414,0.1821,0.472,0.7139,0.8532,0.4259,knuckle_ball
RIGHT,BACK,72.53,78.29,88.32,0.6294,0.3167,0.399,0.4731,0.4134,72.64,-74.65,171.98,72.53,78.29,88.32,102.3,0.1387,0.2313,0.18,0.4771,0.7155,0.8505,0.436,knuckle_ball
RIGHT,BACK,72.65,78.72,87.2,0.7439,0.3923,0.4029,0.4622,0.3995,73.69,-75.82,173.34,72.65,78.72,87.2,100.57,0.1241,0.2249,0.174,0.4779,0.7108,0.8418,0.4325,knuckle_ball
RIGHT,BACK,74.91,79.94,88.19,0.8033,0.4176,0.4225,0.4769,0.4101,74.35,-76.59,173.01,74.91,79.94,88.19,101.61,0.119,0.2225,0.1783,0.4938,0.7234,0.8507,0.4497,knuckle_ball
RIGHT,BACK,76.67,79.54,87.16,0.8416,0.4592,0.4149,0.4684,0.417,75.23,-77.58,172.99,76.67,79.54,87.16,102.4,0.1291,0.1993,0.1562,0.5001,0.7238,0.8462,0.4417,knuckle_ball
RIGHT,BACK,77.12,79.52,87.04,0.8486,0.4611,0.4197,0.4726,0.4271,76.01,-78.46,173.02,77.12,79.52,87.04,102.5,0.1302,0.1848,0.1387,0.5069,0.7253,0.8412,0.4461,knuckle_ball
RIGHT,BACK,82.27,83.28,90.83,0.8869,0.4913,0.4327,0.4755,0.4324,76.45,-79.13,172.25,82.27,83.28,90.83,105.79,0.1293,0.1656,0.1213,0.5121,0.7224,0.8293,0.4541,knuckle_ball
RIGHT,BACK,86.78,86.1,92.06,0.9426,0.523,0.4533,0.473,0.4372,76.9,-79.82,169.65,86.78,86.1,92.06,105.56,0.1162,0.1496,0.1088,0.5382,0.7376,0.8323,0.4631,knuckle_ball
RIGHT,BACK,90.48,88.98,94.57,0.9899,0.534,0.4785,0.4904,0.4663,77.68,-80.75,167.72,90.48,88.98,94.57,109.13,0.1005,0.1274,0.0937,0.5698,0.757,0.8407,0.4845,knuckle_ball
RIGHT,BACK,88.84,87.65,95.31,1.0014,0.5387,0.4858,0.4815,0.4544,78.33,-81.5,167.02,88.84,87.65,95.31,109.64,0.1007,0.1211,0.0899,0.5697,0.7548,0.8353,0.4837,knuckle_ball
RIGHT,BACK,87.3,87.33,95.66,1.0136,0.5505,0.4899,0.4819,0.4435,78.57,-81.88,167.38,87.3,87.33,95.66,107.7,0.0981,0.1259,0.0987,0.5662,0.7489,0.8256,0.4859,knuckle_ball
RIGHT,BACK,88.27,88.87,98.91,1.024,0.54,0.5066,0.518,0.4814,79.05,-82.37,168.53,88.27,88.87,98.91,111.33,0.1,0.1146,0.0965,0.5744,0.7548,0.8292,0.5123,knuckle_ball
RIGHT,BACK,91.52,91.46,102.84,1.0434,0.5586,0.5092,0.5244,0.494,79.8,-82.87,170.11,91.52,91.46,102.84,114.46,0.114,0.111,0.1041,0.5586,0.7408,0.8205,0.5168,knuckle_ball
RIGHT,BACK,92.59,92.11,104.2,1.0649,0.5781,0.5188,0.5423,0.5211,80.34,-83.23,170.39,92.59,92.11,104.2,117.6,0.1242,0.1036,0.1014,0.5382,0.7285,0.8166,0.5305,knuckle_ball
RIGHT,BACK,92.08,91.8,102.17,1.0503,0.5671,0.5237,0.5513,0.5197,80.19,-83.12,167.52,92.08,91.8,102.17,114.67,0.1233,0.1056,0.1094,0.5256,0.7141,0.7999,0.5375,knuckle_ball
RIGHT,BACK,91.43,90.31,100.67,1.0374,0.5611,0.5169,0.5439,0.5137,80.44,-83.38,167.01,91.43,90.31,100.67,112.38,0.1296,0.1048,0.1087,0.5202,0.7056,0.789,0.5304,knuckle_ball
RIGHT,BACK,92.01,91.04,102.41,1.0487,0.5619,0.5218,0.5522,0.5314,80.8,-83.61,166.63,92.01,91.04,102.41,115.31,0.1281,0.1001,0.1064,0.5274,0.7136,0.7995,0.537,knuckle_ball
RIGHT,BACK,91.66,90.88,101.06,1.0568,0.5639,0.5213,0.5191,0.4828,80.67,-83.49,165.86,91.66,90.88,101.06,113.18,0.1132,0.1243,0.1044,0.5341,0.7206,0.8076,0.5202,knuckle_ball
RIGHT,BACK,92.89,92.81,102.87,1.0724,0.577,0.5256,0.5206,0.4837,80.49,-83.34,165.5,92.89,92.81,102.87,116.55,0.1113,0.1221,0.0986,0.5261,0.714,0.8025,0.5231,knuckle_ball
RIGHT,BACK,92.48,90.52,100.15,1.0596,0.551,0.5404,0.512,0.4839,81.1,-83.69,163.81,92.48,90.52,100.15,113.19,0.1272,0.1293,0.1032,0.5148,0.708,0.8021,0.5262,knuckle_ball
RIGHT,BACK,89.42,88.12,97.68,1.0234,0.5689,0.4854,0.4821,0.4498,81.05,-83.27,162.97,89.42,88.12,97.68,110.75,0.1315,0.1524,0.1226,0.508,0.7086,0.8147,0.4838,knuckle_ball
RIGHT,BACK,79.41,78.44,83.65,0.928,0.521,0.4409,0.4951,0.4576,80.26,-82.56,161.38,79.41,78.44,83.65,94.63,0.1524,0.1827,0.1477,0.5073,0.7254,0.8423,0.468,knuckle_ball
RIGHT,BACK,80.93,77.63,80.57,0.8732,0.4878,0.4126,0.4674,0.4283,79.97,-81.87,159.1,80.93,77.63,80.57,89.51,0.1573,0.2244,0.1904,0.5017,0.724,0.8553,0.44,knuckle_ball
RIGHT,BACK,83.92,78.56,80.37,0.8278,0.4191,0.438,0.4958,0.4437,79.91,-81.27,156.99,83.92,78.56,80.37,89.72,0.1627,0.2611,0.2212,0.4858,0.7158,0.8602,0.4669,knuckle_ball
RIGHT,BACK,97.56,86.7,62.89,0.7691,0.3329,0.4512,0.5519,0.4651,81.88,-81.5,154.47,97.56,86.7,62.89,70.28,0.2174,0.4679,0.2505,0.4369,0.6663,0.8455,0.5016,knuckle_ball
RIGHT,BACK,5.35,6.32,21.85,0.1827,0.1977,0.1931,0.2676,0.3626,86.37,-82.98,165.22,5.35,6.32,21.85,37.14,0.2031,0.358,0.2135,0.0664,0.2279,0.4422,0.2303,knuckle_ball
RIGHT,BACK,7.73,3.11,17.09,0.1717,0.1702,0.1717,0.2273,0.3575,87.04,-83.44,167.83,7.73,3.11,17.09,36.09,0.2019,0.3388,0.2096,0.0727,0.1938,0.4074,0.1995,knuckle_ball
RIGHT,BACK,100.23,175.18,18.04,0.3549,0.1136,0.2644,0.5006,0.5857,89.14,-85.2,160.18,100.23,175.18,18.04,25.13,0.2926,0.6746,0.2612,0.4225,0.5284,0.7627,0.3825,knuckle_ball
RIGHT,BACK,147.74,175.61,22.65,0.4753,0.0645,0.4478,0.6549,0.599,87.96,-85.83,161.76,147.74,175.61,22.65,28.69,0.2939,0.845,0.2833,0.4983,0.6127,0.8497,0.5514,knuckle_ball
RIGHT,BACK,149.67,174.36,22.9,0.4955,0.0903,0.4373,0.6587,0.6046,87.8,-85.81,162.12,149.67,174.36,22.9,28.84,0.2949,0.8955,0.2909,0.5493,0.6505,0.8796,0.548,knuckle_ball
RIGHT,BACK,148.91,175.67,23.04,0.4874,0.0875,0.4474,0.6659,0.6012,87.76,-85.75,162.5,148.91,175.67,23.04,30.32,0.2929,0.9042,0.2878,0.5601,0.6583,0.8856,0.5567,knuckle_ball
RIGHT,BACK,155.18,178.47,20.43,0.5217,0.1995,0.4575,0.4966,0.5561,86.93,-86.18,159.26,155.18,178.47,20.43,24.97,0.3347,0.7665,0.3075,0.5792,0.6211,0.8303,0.4771,knuckle_ball
RIGHT,BACK,150.44,144.34,17.76,0.5059,0.1007,0.4266,0.4913,0.6484,86.59,-86.42,156.42,150.44,144.34,17.76,23.17,0.3361,0.6824,0.3059,0.5714,0.6578,0.8885,0.4589,knuckle_ball
RIGHT,BACK,153.59,112.07,17.72,0.5181,0.2448,0.4759,0.389,0.5081,86.58,-86.54,157.12,153.59,112.07,17.72,22.94,0.3576,0.6618,0.3029,0.5676,0.5737,0.7667,0.4324,knuckle_ball
RIGHT,BACK,151.6,167.74,18.71,0.489,0.1325,0.4441,0.5217,0.6298,86.44,-86.57,158.51,151.6,167.74,18.71,24.45,0.3316,0.7211,0.3026,0.5562,0.6448,0.8779,0.4829,knuckle_ball
RIGHT,BACK,157.18,173.52,26.12,0.9857,0.4694,0.6287,0.9606,1.3358,83.58,-83.43,159.12,157.18,173.52,26.12,33.35,0.7084,1.675,0.5058,1.6178,1.8916,2.2123,0.7946,knuckle_ball
RIGHT,BACK,154.82,174.31,22.46,1.0152,0.5041,0.6184,0.9054,1.4409,82.74,-83.53,160.37,154.82,174.31,22.46,31.63,0.7045,1.7246,0.4989,1.7015,1.9796,2.3053,0.7619,knuckle_ball
RIGHT,BACK,155.24,176.41,22.39,1.0201,0.5017,0.6265,0.9637,1.4215,82.82,-83.52,161.87,155.24,176.41,22.39,31.69,0.7488,1.7562,0.4894,1.6764,1.9519,2.2773,0.7951,knuckle_ball
RIGHT,BACK,156.07,176.19,24.15,0.9434,0.3903,0.6923,1.0137,1.3227,82.93,-83.83,164.25,156.07,176.19,24.15,33.36,0.7652,1.7292,0.4871,1.56,1.8407,2.1689,0.853,knuckle_ball
RIGHT,BACK,154.83,176.58,22.41,0.9196,0.3862,0.7,0.9908,1.3564,82.75,-83.91,164.26,154.83,176.58,22.41,30.71,0.7424,1.7026,0.5021,1.5704,1.8601,2.1919,0.8454,knuckle_ball
RIGHT,BACK,154.6,176.1,19.49,0.906,0.4495,0.6374,0.8788,1.4084,82.66,-83.81,158.86,154.6,176.1,19.49,28.96,0.703,1.5299,0.4844,1.5858,1.8712,2.2027,0.7581,knuckle_ball
RIGHT,BACK,155.9,175.92,22.22,0.9656,0.3415,0.7008,0.9011,1.298,79.87,-86.04,160.57,155.9,175.92,22.22,30.96,0.6817,1.6806,0.4862,1.5744,1.8405,2.1527,0.8009,knuckle_ball
RIGHT,BACK,153.89,174.85,20.56,1.0613,0.3155,0.7477,0.8696,1.2885,74.12,-90.58,163.33,153.89,174.85,20.56,28.74,0.7708,1.9038,0.4958,1.7236,1.9631,2.228,0.8087,knuckle_ball
RIGHT,BACK,142.81,161.37,9.46,0.7072,0.2388,0.5242,0.4719,0.7828,80.75,-90.66,164.72,142.81,161.37,9.46,18.5,0.4182,1.1714,0.3138,1.0515,1.049,1.2002,0.4981,knuckle_ball
RIGHT,BACK,146.13,130.19,100.47,0.9389,0.4203,0.6236,0.9257,0.5255,80.2,-78.19,156.89,146.13,130.19,100.47,109.76,0.4505,0.5639,0.3073,0.8361,1.0336,1.2548,0.7747,knuckle_ball
RIGHT,BACK,130.13,120.84,113.56,0.9217,0.3784,0.5823,0.9693,0.7112,74.76,-74.94,153.03,130.13,120.84,113.56,122.64,0.4579,0.3738,0.3138,0.9514,1.1948,1.4029,0.7758,knuckle_ball
RIGHT,BACK,123.81,117.78,116.48,0.8709,0.3344,0.5707,0.9706,0.7656,72.9,-73.83,150.59,123.81,117.78,116.48,125.62,0.4569,0.3033,0.3103,0.9526,1.2066,1.4094,0.7707,knuckle_ball
RIGHT,BACK,126.92,119.26,116.04,0.9598,0.4065,0.6032,0.9789,0.7272,72.04,-73.52,150.18,126.92,119.26,116.04,127.43,0.4556,0.3274,0.2961,0.995,1.2403,1.4284,0.791,knuckle_ball
RIGHT,BACK,126.52,119.41,118.16,0.7945,0.2729,0.5973,0.9678,0.7544,72.26,-73.84,151.41,126.52,119.41,118.16,127.03,0.4396,0.2966,0.3113,0.9966,1.2441,1.4313,0.7825,knuckle_ball
RIGHT,BACK,125.12,119.5,117.42,0.6774,0.2574,0.56,0.929,0.7005,72.47,-73.99,151.92,125.12,119.5,117.42,125.68,0.4508,0.3102,0.3129,0.9724,1.2034,1.3859,0.7445,knuckle_ball
RIGHT,BACK,126.05,120.07,117.67,0.6832,0.2383,0.6062,0.9634,0.7285,71.61,-73.31,151.36,126.05,120.07,117.67,126.09,0.4346,0.3197,0.3131,0.9435,1.1908,1.3802,0.7848,knuckle_ball
RIGHT,BACK,127.81,119.5,116.36,0.8955,0.3422,0.6009,0.9454,0.715,71.38,-73.05,150.67,127.81,119.5,116.36,126.79,0.4113,0.3324,0.2932,0.9537,1.2045,1.3945,0.7731,knuckle_ball
RIGHT,BACK,126.7,120.43,117.32,0.828,0.2838,0.5868,0.9557,0.7388,71.82,-73.45,151.13,126.7,120.43,117.32,126.43,0.4243,0.3227,0.3109,0.9877,1.2437,1.4351,0.7713,knuckle_ball
RIGHT,BACK,126.89,120.31,116.59,0.8262,0.2253,0.6386,1.0106,0.7893,72.19,-73.76,151.17,126.89,120.31,116.59,125.58,0.425,0.3266,0.3116,0.9799,1.2547,1.4553,0.8246,knuckle_ball
RIGHT,BACK,128.68,117.94,112.9,0.6805,0.3218,0.5538,0.8416,0.5646,74.86,-75.87,154.15,128.68,117.94,112.9,122.7,0.4007,0.3505,0.2925,0.8787,1.0903,1.2693,0.6977,knuckle_ball
RIGHT,BACK,137.0,120.05,103.99,0.7695,0.4435,0.5728,0.7903,0.4032,79.57,-79.4,155.09,137.0,120.05,103.99,113.91,0.392,0.4693,0.2867,0.7446,0.9422,1.1244,0.6816,knuckle_ball
RIGHT,BACK,139.22,123.45,87.03,0.8449,0.509,0.5726,0.8004,0.3526,82.02,-81.11,151.49,139.22,123.45,87.03,96.66,0.4244,0.6627,0.2855,0.7067,0.9106,1.1016,0.6865,knuckle_ball
RIGHT,BACK,140.25,125.92,83.29,0.9193,0.3149,0.6465,0.985,0.6204,83.38,-82.17,151.73,140.25,125.92,83.29,93.48,0.4231,0.7186,0.2736,0.7845,1.0751,1.3011,0.8158,knuckle_ball
RIGHT,BACK,137.18,128.58,80.47,0.9251,0.5723,0.5437,0.8513,0.3551,84.32,-82.61,150.73,137.18,128.58,80.47,91.61,0.4623,0.775,0.2672,0.6454,0.8623,1.0617,0.6975,knuckle_ball
RIGHT,BACK,149.06,128.36,79.26,1.0716,0.5288,0.6382,0.8611,0.4613,85.32,-83.37,146.74,149.06,128.36,79.26,89.76,0.419,0.7621,0.277,0.7181,0.9614,1.1791,0.7496,knuckle_ball
RIGHT,BACK,145.87,131.58,76.41,1.0264,0.5506,0.6217,0.8898,0.4299,86.54,-84.62,148.91,145.87,131.58,76.41,88.3,0.4425,0.8204,0.2558,0.7036,0.9308,1.1477,0.7558,knuckle_ball
RIGHT,BACK,142.49,122.55,72.32,0.9892,0.6028,0.5455,0.7361,0.4314,87.22,-85.4,152.49,142.49,122.55,72.32,82.0,0.3751,0.7511,0.2611,0.744,0.9523,1.1571,0.6408,knuckle_ball
RIGHT,BACK,140.61,97.29,68.95,0.9895,0.6091,0.5262,0.5462,0.4537,87.36,-85.89,155.05,140.61,97.29,68.95,80.79,0.3194,0.5668,0.2402,0.7502,0.941,1.1415,0.5362,knuckle_ball
RIGHT,BACK,143.97,108.66,71.93,0.9414,0.5468,0.5138,0.6307,0.4588,88.15,-86.77,156.96,143.97,108.66,71.93,89.16,0.3418,0.6294,0.1998,0.8011,0.9813,1.1824,0.5722,knuckle_ball
RIGHT,BACK,152.12,122.79,75.13,0.9698,0.5494,0.5771,0.7854,0.3957,89.47,-87.78,155.29,152.12,122.79,75.13,93.13,0.3782,0.743,0.2061,0.7587,0.9266,1.1317,0.6812,knuckle_ball
RIGHT,BACK,156.73,124.47,80.07,0.8942,0.5128,0.5868,0.7835,0.3612,89.99,-88.1,157.95,156.73,124.47,80.07,98.28,0.3831,0.7208,0.2097,0.7366,0.8942,1.0973,0.6851,knuckle_ball
RIGHT,BACK,159.0,126.62,84.09,0.7054,0.3416,0.6392,0.8314,0.4014,89.66,-88.56,159.54,159.0,126.62,84.09,100.65,0.3763,0.6834,0.2212,0.6945,0.885,1.0982,0.7353,knuckle_ball
RIGHT,BACK,159.22,138.3,79.99,0.5578,0.3147,0.6291,0.8993,0.3732,88.74,-89.06,161.39,159.22,138.3,79.99,95.34,0.4255,0.832,0.237,0.6773,0.855,1.0658,0.7642,knuckle_ball
RIGHT,BACK,156.99,136.88,75.49,0.5469,0.32,0.642,0.9014,0.3841,88.14,-89.36,161.68,156.99,136.88,75.49,90.77,0.4297,0.8564,0.2404,0.6426,0.83,1.0503,0.7717,knuckle_ball
RIGHT,BACK,156.57,136.22,74.44,0.4968,0.3044,0.5982,0.8338,0.3805,87.72,-89.53,161.62,156.57,136.22,74.44,90.07,0.4243,0.8432,0.2431,0.6596,0.8367,1.0524,0.716,knuckle_ball
RIGHT,BACK,156.88,133.49,72.61,0.4902,0.3404,0.6102,0.8154,0.3573,87.2,-89.98,161.78,156.88,133.49,72.61,88.87,0.4151,0.8383,0.2459,0.6165,0.7915,1.0078,0.7128,knuckle_ball
RIGHT,BACK,155.73,133.59,72.14,0.421,0.3342,0.564,0.7807,0.3472,86.59,-90.49,161.62,155.73,133.59,72.14,88.58,0.418,0.8412,0.2527,0.5885,0.7634,0.9752,0.6723,knuckle_ball
RIGHT,BACK,156.79,130.7,69.68,0.4595,0.3495,0.6107,0.8056,0.3484,86.54,-90.45,161.11,156.79,130.7,69.68,86.55,0.4121,0.8308,0.2548,0.563,0.7427,0.963,0.7082,knuckle_ball
RIGHT,BACK,155.89,129.01,68.33,0.4168,0.3256,0.5807,0.7777,0.3773,86.49,-90.5,159.3,155.89,129.01,68.33,84.71,0.4102,0.8057,0.2571,0.5996,0.7778,0.9986,0.6792,knuckle_ball
RIGHT,BACK,155.36,130.97,64.54,0.4044,0.2896,0.5448,0.7391,0.4134,86.15,-90.76,158.75,155.36,130.97,64.54,79.21,0.4181,0.8262,0.27,0.6314,0.8024,1.0206,0.6419,knuckle_ball
RIGHT,BACK,155.43,133.3,63.5,0.3905,0.338,0.5983,0.7847,0.374,85.83,-91.03,158.91,155.43,133.3,63.5,77.04,0.4236,0.8578,0.2782,0.5633,0.74,0.9666,0.6915,knuckle_ball
RIGHT,BACK,155.04,129.41,65.49,0.4102,0.3105,0.5907,0.7718,0.3941,85.96,-90.86,159.15,155.04,129.41,65.49,79.99,0.412,0.8066,0.2792,0.5759,0.7606,0.9909,0.6812,knuckle_ball
RIGHT,BACK,151.2,107.41,71.32,0.7212,0.4074,0.5882,0.6248,0.2745,89.69,-87.92,155.41,151.2,107.41,71.32,90.68,0.3175,0.6331,0.2149,0.5684,0.6667,0.8627,0.6065,knuckle_ball
RIGHT,BACK,150.32,104.79,72.09,0.7323,0.3453,0.5593,0.6089,0.3479,89.4,-86.98,155.57,150.32,104.79,72.09,91.98,0.2909,0.6071,0.2074,0.5839,0.7234,0.9306,0.5841,knuckle_ball
RIGHT,BACK,151.55,107.19,71.77,0.7426,0.3325,0.5682,0.6386,0.3637,89.3,-86.7,157.09,151.55,107.19,71.77,92.43,0.291,0.6201,0.2052,0.5765,0.728,0.9423,0.6034,knuckle_ball
RIGHT,BACK,152.71,106.38,72.63,0.7028,0.3069,0.5547,0.6184,0.3657,89.14,-86.51,158.4,152.71,106.38,72.63,93.97,0.2868,0.6009,0.2018,0.5852,0.7352,0.9495,0.5866,knuckle_ball
RIGHT,BACK,155.63,112.49,75.51,0.6838,0.303,0.5615,0.6483,0.3565,89.06,-86.49,160.16,155.63,112.49,75.51,97.04,0.2952,0.6103,0.1988,0.5805,0.7323,0.9477,0.6049,knuckle_ball
RIGHT,BACK,155.24,115.74,75.27,0.6363,0.2908,0.5613,0.673,0.3466,89.05,-86.52,160.75,155.24,115.74,75.27,95.79,0.3046,0.6345,0.2021,0.5717,0.7259,0.9419,0.6172,knuckle_ball
RIGHT,BACK,154.51,111.73,73.24,0.6066,0.2742,0.5507,0.6501,0.3497,89.07,-86.58,159.52,154.51,111.73,73.24,92.84,0.3005,0.6213,0.2095,0.5759,0.7276,0.9422,0.6004,knuckle_ball
RIGHT,BACK,101.45,104.27,109.22,0.8234,0.3711,0.4949,0.7345,0.6477,74.87,-77.16,162.5,101.45,104.27,109.22,115.38,0.2641,0.1902,0.2499,0.6021,0.8319,0.9743,0.6147,knuckle_ball
RIGHT,BACK,124.16,125.42,51.22,0.5947,0.0715,0.659,0.4983,0.4611,85.81,-79.18,165.72,124.16,125.42,51.22,32.26,0.2677,0.9571,0.1586,0.624,0.5471,0.5169,0.5786,knuckle_ball
RIGHT,BACK,125.5,124.84,51.83,0.6155,0.0604,0.672,0.4953,0.4536,85.71,-79.07,163.74,125.5,124.84,51.83,31.85,0.2858,0.9474,0.1536,0.6273,0.5434,0.5086,0.5837,knuckle_ball
RIGHT,BACK,123.21,123.06,52.12,0.6034,0.0511,0.652,0.4853,0.455,85.77,-79.17,164.62,123.21,123.06,52.12,31.86,0.2805,0.9402,0.1534,0.6112,0.5248,0.4936,0.5687,knuckle_ball
RIGHT,BACK,121.9,123.01,51.99,0.5861,0.0379,0.6235,0.4721,0.4711,85.76,-79.13,164.21,121.9,123.01,51.99,31.15,0.2539,0.9428,0.1506,0.6131,0.5296,0.5031,0.5478,knuckle_ball
RIGHT,BACK,125.66,126.39,51.23,0.6002,0.0468,0.633,0.4834,0.4719,85.68,-78.96,164.7,125.66,126.39,51.23,29.73,0.2607,0.9552,0.1517,0.5977,0.5187,0.4987,0.5582,knuckle_ball
RIGHT,BACK,131.01,128.26,49.95,0.6149,0.053,0.648,0.4818,0.4845,85.21,-78.38,166.88,131.01,128.26,49.95,29.0,0.2599,0.9663,0.1557,0.5997,0.5275,0.5143,0.5649,knuckle_ball
RIGHT,BACK,129.1,125.9,48.93,0.5917,0.0846,0.6565,0.4972,0.4569,84.88,-78.11,168.71,129.1,125.9,48.93,28.68,0.2455,0.954,0.161,0.5885,0.5139,0.4952,0.5769,knuckle_ball
RIGHT,BACK,126.09,121.16,48.07,0.5893,0.0534,0.6245,0.4576,0.4764,84.79,-78.25,170.1,126.09,121.16,48.07,29.12,0.2565,0.934,0.1719,0.5864,0.5163,0.5099,0.541,knuckle_ball
RIGHT,BACK,126.03,120.4,47.72,0.598,0.0471,0.6342,0.4559,0.477,84.76,-78.23,170.61,126.03,120.4,47.72,28.46,0.2649,0.9324,0.1733,0.5977,0.5274,0.5205,0.5451,knuckle_ball
RIGHT,BACK,125.08,118.38,47.54,0.593,0.0661,0.65,0.4709,0.4524,84.58,-78.06,171.57,125.08,118.38,47.54,28.76,0.2679,0.923,0.1769,0.5856,0.507,0.4924,0.5605,knuckle_ball
RIGHT,BACK,122.69,116.16,46.68,0.5885,0.0169,0.605,0.4187,0.492,84.5,-78.01,171.87,122.69,116.16,46.68,28.3,0.2761,0.9105,0.1781,0.5918,0.517,0.5166,0.5119,knuckle_ball
RIGHT,BACK,109.04,92.72,32.66,0.5438,0.167,0.378,0.2665,0.6069,82.78,-76.11,172.53,109.04,92.72,32.66,18.17,0.2962,0.8067,0.2213,0.5153,0.4427,0.5456,0.3222,knuckle_ball
RIGHT,BACK,108.86,88.14,24.11,0.5407,0.1647,0.3781,0.268,0.5962,82.5,-75.8,171.99,108.86,88.14,24.11,9.86,0.3039,0.7845,0.2305,0.5201,0.4407,0.5635,0.3231,knuckle_ball
RIGHT,BACK,129.47,58.8,1.62,0.5083,0.0292,0.4911,0.3612,0.5378,80.58,-74.13,167.48,129.47,58.8,1.62,6.41,0.3508,0.6865,0.2743,0.37,0.3788,0.6007,0.4262,knuckle_ball
RIGHT,BACK,154.25,18.46,24.26,0.3221,0.209,0.4873,0.2989,0.4726,76.6,-71.1,165.85,154.25,18.46,24.26,25.29,0.3661,0.5601,0.3087,0.3275,0.4434,0.7111,0.3931,knuckle_ball
RIGHT,BACK,146.96,36.94,36.79,0.2228,0.2348,0.4019,0.358,0.506,73.99,-69.23,162.03,146.96,36.94,36.79,36.81,0.3063,0.5502,0.3178,0.3439,0.5512,0.8328,0.3799,knuckle_ball
RIGHT,BACK,129.29,65.65,46.46,0.2412,0.2331,0.4113,0.4078,0.4881,72.51,-68.6,158.97,129.29,65.65,46.46,47.91,0.2863,0.598,0.3011,0.3686,0.5838,0.8536,0.4095,knuckle_ball
RIGHT,BACK,148.01,87.84,48.78,0.281,0.2474,0.4639,0.4558,0.485,72.49,-68.83,158.22,148.01,87.84,48.78,51.2,0.2776,0.6624,0.3014,0.3716,0.5852,0.851,0.4598,knuckle_ball
RIGHT,BACK,162.76,113.69,51.92,0.3643,0.2496,0.5543,0.5193,0.4733,72.63,-69.12,158.34,162.76,113.69,51.92,54.59,0.2659,0.7371,0.305,0.3756,0.5888,0.8533,0.5368,knuckle_ball
RIGHT,BACK,162.22,112.83,55.66,0.386,0.2447,0.5811,0.5273,0.4696,72.47,-69.11,159.21,162.22,112.83,55.66,59.64,0.2717,0.7276,0.3039,0.3812,0.6033,0.8689,0.5542,knuckle_ball
RIGHT,BACK,156.22,107.86,58.04,0.3729,0.2412,0.5527,0.5059,0.4595,72.08,-69.01,159.72,156.22,107.86,58.04,63.06,0.2725,0.7123,0.3069,0.3881,0.6092,0.8716,0.5293,knuckle_ball
RIGHT,BACK,145.77,113.23,86.54,0.5235,0.2499,0.6736,0.6511,0.4587,69.94,-68.95,168.15,145.77,113.23,86.54,97.22,0.2453,0.5877,0.3126,0.437,0.7128,0.9406,0.6623,knuckle_ball
RIGHT,BACK,139.06,111.85,90.01,0.5566,0.2499,0.6427,0.6393,0.4473,69.21,-69.13,170.04,139.06,111.85,90.01,104.21,0.2185,0.5426,0.3036,0.4677,0.7348,0.9404,0.641,knuckle_ball
RIGHT,BACK,109.53,97.47,96.85,0.5804,0.2837,0.5423,0.562,0.4105,68.94,-70.02,168.03,109.53,97.47,96.85,111.81,0.1852,0.359,0.2642,0.4551,0.7134,0.8886,0.5521,knuckle_ball
RIGHT,BACK,98.7,93.14,99.26,0.5988,0.2911,0.4875,0.5246,0.4163,68.82,-70.47,168.06,98.7,93.14,99.26,113.38,0.1731,0.2796,0.2547,0.4802,0.7312,0.8913,0.506,knuckle_ball
RIGHT,BACK,96.9,94.51,102.62,0.567,0.2586,0.482,0.5362,0.4434,68.75,-70.66,167.05,96.9,94.51,102.62,115.24,0.1613,0.2482,0.2549,0.4996,0.7479,0.9002,0.5091,knuckle_ball
RIGHT,BACK,96.56,95.6,103.59,0.5566,0.26,0.4636,0.5318,0.4528,68.85,-70.86,165.94,96.56,95.6,103.59,115.88,0.1597,0.2299,0.2432,0.507,0.7508,0.8987,0.4977,knuckle_ball
RIGHT,BACK,94.23,94.13,101.84,0.7127,0.3548,0.4744,0.5306,0.4575,68.99,-71.46,171.29,94.23,94.13,101.84,113.13,0.1433,0.2109,0.2188,0.5029,0.7401,0.8736,0.5025,knuckle_ball
RIGHT,BACK,116.39,107.84,109.4,0.5913,0.2413,0.5274,0.6053,0.4707,72.03,-72.74,165.42,116.39,107.84,109.4,114.4,0.1694,0.2739,0.3147,0.4601,0.7012,0.8681,0.5663,knuckle_ball
